<?xml version="1.0" encoding="UTF-8" standalone="yes"?>
<Properties xmlns="http://schemas.openxmlformats.org/officeDocument/2006/extended-properties" xmlns:vt="http://schemas.openxmlformats.org/officeDocument/2006/docPropsVTypes"><Template>Normal</Template><TotalTime>0</TotalTime><Pages>3</Pages><Words>3163</Words><Characters>18035</Characters><Application>Microsoft Office Word</Application><DocSecurity>4</DocSecurity><Lines>150</Lines><Paragraphs>42</Paragraphs><ScaleCrop>false</ScaleCrop><Company></Company><LinksUpToDate>false</LinksUpToDate><CharactersWithSpaces>21156</CharactersWithSpaces><SharedDoc>false</SharedDoc><HyperlinksChanged>false</HyperlinksChanged><AppVersion>16.0000</AppVersion></Properties>