<?xml version="1.0" encoding="UTF-8" standalone="yes"?>
<p:sldLayout xmlns:a="http://schemas.openxmlformats.org/drawingml/2006/main" xmlns:r="http://schemas.openxmlformats.org/officeDocument/2006/relationships" xmlns:p="http://schemas.openxmlformats.org/presentationml/2006/main" preserve="1" userDrawn="1"><p:cSld name="1_with photo"><p:spTree><p:nvGrpSpPr><p:cNvPr id="1" name=""/><p:cNvGrpSpPr/><p:nvPr/></p:nvGrpSpPr><p:grpSpPr><a:xfrm><a:off x="0" y="0"/><a:ext cx="0" cy="0"/><a:chOff x="0" y="0"/><a:chExt cx="0" cy="0"/></a:xfrm></p:grpSpPr><p:sp><p:nvSpPr><p:cNvPr id="20" name="Номер слайда"/><p:cNvSpPr txBox="1"><a:spLocks noGrp="1"/></p:cNvSpPr><p:nvPr><p:ph type="sldNum" sz="quarter" idx="2"/></p:nvPr></p:nvSpPr><p:spPr><a:prstGeom prst="rect"><a:avLst/></a:prstGeom></p:spPr><p:txBody><a:bodyPr/><a:lstStyle/><a:p><a:fld id="{86CB4B4D-7CA3-9044-876B-883B54F8677D}" type="slidenum"><a:t>‹#›</a:t></a:fld><a:endParaRPr/></a:p></p:txBody></p:sp><p:sp><p:nvSpPr><p:cNvPr id="3" name="Рисунок 2"><a:extLst><a:ext uri="{FF2B5EF4-FFF2-40B4-BE49-F238E27FC236}"><a16:creationId xmlns:a16="http://schemas.microsoft.com/office/drawing/2014/main" id="{8D36E33F-58A3-2C41-B672-6E3E68DA1A48}"/></a:ext></a:extLst></p:cNvPr><p:cNvSpPr><a:spLocks noGrp="1"/></p:cNvSpPr><p:nvPr><p:ph type="pic" sz="quarter" idx="10" hasCustomPrompt="1"/></p:nvPr></p:nvSpPr><p:spPr><a:xfrm><a:off x="3421623" y="3038751"/><a:ext cx="2602931" cy="1773537"/></a:xfrm><a:prstGeom prst="roundRect"><a:avLst><a:gd name="adj" fmla="val 8074"/></a:avLst></a:prstGeom><a:solidFill><a:schemeClr val="bg2"/></a:solidFill></p:spPr><p:txBody><a:bodyPr/><a:lstStyle><a:lvl1pPr marL="0" indent="0"><a:buNone/><a:defRPr/></a:lvl1pPr></a:lstStyle><a:p><a:r><a:rPr lang="en-US" dirty="0" err="1"/><a:t>img</a:t></a:r><a:endParaRPr lang="en-US" dirty="0"/></a:p></p:txBody></p:sp><p:sp><p:nvSpPr><p:cNvPr id="17" name="Рисунок 2"><a:extLst><a:ext uri="{FF2B5EF4-FFF2-40B4-BE49-F238E27FC236}"><a16:creationId xmlns:a16="http://schemas.microsoft.com/office/drawing/2014/main" id="{3B2B5356-D75D-4F42-BCA3-3EA90378412F}"/></a:ext></a:extLst></p:cNvPr><p:cNvSpPr><a:spLocks noGrp="1"/></p:cNvSpPr><p:nvPr><p:ph type="pic" sz="quarter" idx="11" hasCustomPrompt="1"/></p:nvPr></p:nvSpPr><p:spPr><a:xfrm><a:off x="6366753" y="3038751"/><a:ext cx="2602931" cy="1773537"/></a:xfrm><a:prstGeom prst="roundRect"><a:avLst><a:gd name="adj" fmla="val 8074"/></a:avLst></a:prstGeom><a:solidFill><a:schemeClr val="bg2"/></a:solidFill></p:spPr><p:txBody><a:bodyPr/><a:lstStyle><a:lvl1pPr marL="0" indent="0"><a:buNone/><a:defRPr/></a:lvl1pPr></a:lstStyle><a:p><a:r><a:rPr lang="en-US" dirty="0" err="1"/><a:t>img</a:t></a:r><a:endParaRPr lang="en-US" dirty="0"/></a:p></p:txBody></p:sp><p:sp><p:nvSpPr><p:cNvPr id="18" name="Рисунок 2"><a:extLst><a:ext uri="{FF2B5EF4-FFF2-40B4-BE49-F238E27FC236}"><a16:creationId xmlns:a16="http://schemas.microsoft.com/office/drawing/2014/main" id="{837EB3C7-4AD3-4741-AF17-C9D8B4CE4C88}"/></a:ext></a:extLst></p:cNvPr><p:cNvSpPr><a:spLocks noGrp="1"/></p:cNvSpPr><p:nvPr><p:ph type="pic" sz="quarter" idx="12" hasCustomPrompt="1"/></p:nvPr></p:nvSpPr><p:spPr><a:xfrm><a:off x="9311883" y="3038751"/><a:ext cx="2602931" cy="1773537"/></a:xfrm><a:prstGeom prst="roundRect"><a:avLst><a:gd name="adj" fmla="val 8074"/></a:avLst></a:prstGeom><a:solidFill><a:schemeClr val="bg2"/></a:solidFill></p:spPr><p:txBody><a:bodyPr/><a:lstStyle><a:lvl1pPr marL="0" indent="0"><a:buNone/><a:defRPr/></a:lvl1pPr></a:lstStyle><a:p><a:r><a:rPr lang="en-US" dirty="0" err="1"/><a:t>img</a:t></a:r><a:endParaRPr lang="en-US" dirty="0"/></a:p></p:txBody></p:sp><p:sp><p:nvSpPr><p:cNvPr id="19" name="Рисунок 2"><a:extLst><a:ext uri="{FF2B5EF4-FFF2-40B4-BE49-F238E27FC236}"><a16:creationId xmlns:a16="http://schemas.microsoft.com/office/drawing/2014/main" id="{1C67F7C5-10B0-744C-AE47-1BB7F2C46321}"/></a:ext></a:extLst></p:cNvPr><p:cNvSpPr><a:spLocks noGrp="1"/></p:cNvSpPr><p:nvPr><p:ph type="pic" sz="quarter" idx="13" hasCustomPrompt="1"/></p:nvPr></p:nvSpPr><p:spPr><a:xfrm><a:off x="12257013" y="3038751"/><a:ext cx="2602931" cy="1773537"/></a:xfrm><a:prstGeom prst="roundRect"><a:avLst><a:gd name="adj" fmla="val 8074"/></a:avLst></a:prstGeom><a:solidFill><a:schemeClr val="bg2"/></a:solidFill></p:spPr><p:txBody><a:bodyPr/><a:lstStyle><a:lvl1pPr marL="0" indent="0"><a:buNone/><a:defRPr/></a:lvl1pPr></a:lstStyle><a:p><a:r><a:rPr lang="en-US" dirty="0" err="1"/><a:t>img</a:t></a:r><a:endParaRPr lang="en-US" dirty="0"/></a:p></p:txBody></p:sp><p:sp><p:nvSpPr><p:cNvPr id="21" name="Рисунок 2"><a:extLst><a:ext uri="{FF2B5EF4-FFF2-40B4-BE49-F238E27FC236}"><a16:creationId xmlns:a16="http://schemas.microsoft.com/office/drawing/2014/main" id="{032A1A0A-E2A3-F845-BBC3-793DD16C0F6A}"/></a:ext></a:extLst></p:cNvPr><p:cNvSpPr><a:spLocks noGrp="1"/></p:cNvSpPr><p:nvPr><p:ph type="pic" sz="quarter" idx="14" hasCustomPrompt="1"/></p:nvPr></p:nvSpPr><p:spPr><a:xfrm><a:off x="15202143" y="3038751"/><a:ext cx="2602931" cy="1773537"/></a:xfrm><a:prstGeom prst="roundRect"><a:avLst><a:gd name="adj" fmla="val 8074"/></a:avLst></a:prstGeom><a:solidFill><a:schemeClr val="bg2"/></a:solidFill></p:spPr><p:txBody><a:bodyPr/><a:lstStyle><a:lvl1pPr marL="0" indent="0"><a:buNone/><a:defRPr/></a:lvl1pPr></a:lstStyle><a:p><a:r><a:rPr lang="en-US" dirty="0" err="1"/><a:t>img</a:t></a:r><a:endParaRPr lang="en-US" dirty="0"/></a:p></p:txBody></p:sp><p:sp><p:nvSpPr><p:cNvPr id="22" name="Рисунок 2"><a:extLst><a:ext uri="{FF2B5EF4-FFF2-40B4-BE49-F238E27FC236}"><a16:creationId xmlns:a16="http://schemas.microsoft.com/office/drawing/2014/main" id="{FE1C41BC-E172-B044-8023-5C089A56879E}"/></a:ext></a:extLst></p:cNvPr><p:cNvSpPr><a:spLocks noGrp="1"/></p:cNvSpPr><p:nvPr><p:ph type="pic" sz="quarter" idx="15" hasCustomPrompt="1"/></p:nvPr></p:nvSpPr><p:spPr><a:xfrm><a:off x="18147273" y="3038751"/><a:ext cx="2602931" cy="1773537"/></a:xfrm><a:prstGeom prst="roundRect"><a:avLst><a:gd name="adj" fmla="val 8074"/></a:avLst></a:prstGeom><a:solidFill><a:schemeClr val="bg2"/></a:solidFill></p:spPr><p:txBody><a:bodyPr/><a:lstStyle><a:lvl1pPr marL="0" indent="0"><a:buNone/><a:defRPr/></a:lvl1pPr></a:lstStyle><a:p><a:r><a:rPr lang="en-US" dirty="0" err="1"/><a:t>img</a:t></a:r><a:endParaRPr lang="en-US" dirty="0"/></a:p></p:txBody></p:sp><p:sp><p:nvSpPr><p:cNvPr id="23" name="Рисунок 2"><a:extLst><a:ext uri="{FF2B5EF4-FFF2-40B4-BE49-F238E27FC236}"><a16:creationId xmlns:a16="http://schemas.microsoft.com/office/drawing/2014/main" id="{B6C615F0-3A31-C240-997E-FEC17ECFE1B3}"/></a:ext></a:extLst></p:cNvPr><p:cNvSpPr><a:spLocks noGrp="1"/></p:cNvSpPr><p:nvPr><p:ph type="pic" sz="quarter" idx="16" hasCustomPrompt="1"/></p:nvPr></p:nvSpPr><p:spPr><a:xfrm><a:off x="3421623" y="5084463"/><a:ext cx="2602931" cy="1773537"/></a:xfrm><a:prstGeom prst="roundRect"><a:avLst><a:gd name="adj" fmla="val 8074"/></a:avLst></a:prstGeom><a:solidFill><a:schemeClr val="bg2"/></a:solidFill></p:spPr><p:txBody><a:bodyPr/><a:lstStyle><a:lvl1pPr marL="0" indent="0"><a:buNone/><a:defRPr/></a:lvl1pPr></a:lstStyle><a:p><a:r><a:rPr lang="en-US" dirty="0" err="1"/><a:t>img</a:t></a:r><a:endParaRPr lang="en-US" dirty="0"/></a:p></p:txBody></p:sp><p:sp><p:nvSpPr><p:cNvPr id="24" name="Рисунок 2"><a:extLst><a:ext uri="{FF2B5EF4-FFF2-40B4-BE49-F238E27FC236}"><a16:creationId xmlns:a16="http://schemas.microsoft.com/office/drawing/2014/main" id="{3881F6F7-9883-E140-9C25-C7AB0977C9EE}"/></a:ext></a:extLst></p:cNvPr><p:cNvSpPr><a:spLocks noGrp="1"/></p:cNvSpPr><p:nvPr><p:ph type="pic" sz="quarter" idx="17" hasCustomPrompt="1"/></p:nvPr></p:nvSpPr><p:spPr><a:xfrm><a:off x="6366753" y="5084463"/><a:ext cx="2602931" cy="1773537"/></a:xfrm><a:prstGeom prst="roundRect"><a:avLst><a:gd name="adj" fmla="val 8074"/></a:avLst></a:prstGeom><a:solidFill><a:schemeClr val="bg2"/></a:solidFill></p:spPr><p:txBody><a:bodyPr/><a:lstStyle><a:lvl1pPr marL="0" indent="0"><a:buNone/><a:defRPr/></a:lvl1pPr></a:lstStyle><a:p><a:r><a:rPr lang="en-US" dirty="0" err="1"/><a:t>img</a:t></a:r><a:endParaRPr lang="en-US" dirty="0"/></a:p></p:txBody></p:sp><p:sp><p:nvSpPr><p:cNvPr id="25" name="Рисунок 2"><a:extLst><a:ext uri="{FF2B5EF4-FFF2-40B4-BE49-F238E27FC236}"><a16:creationId xmlns:a16="http://schemas.microsoft.com/office/drawing/2014/main" id="{B1F31A74-229A-EF4C-BCE8-7DE84B4ADB20}"/></a:ext></a:extLst></p:cNvPr><p:cNvSpPr><a:spLocks noGrp="1"/></p:cNvSpPr><p:nvPr><p:ph type="pic" sz="quarter" idx="18" hasCustomPrompt="1"/></p:nvPr></p:nvSpPr><p:spPr><a:xfrm><a:off x="9311883" y="5084463"/><a:ext cx="2602931" cy="1773537"/></a:xfrm><a:prstGeom prst="roundRect"><a:avLst><a:gd name="adj" fmla="val 8074"/></a:avLst></a:prstGeom><a:solidFill><a:schemeClr val="bg2"/></a:solidFill></p:spPr><p:txBody><a:bodyPr/><a:lstStyle><a:lvl1pPr marL="0" indent="0"><a:buNone/><a:defRPr/></a:lvl1pPr></a:lstStyle><a:p><a:r><a:rPr lang="en-US" dirty="0" err="1"/><a:t>img</a:t></a:r><a:endParaRPr lang="en-US" dirty="0"/></a:p></p:txBody></p:sp><p:sp><p:nvSpPr><p:cNvPr id="26" name="Рисунок 2"><a:extLst><a:ext uri="{FF2B5EF4-FFF2-40B4-BE49-F238E27FC236}"><a16:creationId xmlns:a16="http://schemas.microsoft.com/office/drawing/2014/main" id="{3CD5F662-C087-A148-B3BF-1557D6696A0A}"/></a:ext></a:extLst></p:cNvPr><p:cNvSpPr><a:spLocks noGrp="1"/></p:cNvSpPr><p:nvPr><p:ph type="pic" sz="quarter" idx="19" hasCustomPrompt="1"/></p:nvPr></p:nvSpPr><p:spPr><a:xfrm><a:off x="12257013" y="5084463"/><a:ext cx="2602931" cy="1773537"/></a:xfrm><a:prstGeom prst="roundRect"><a:avLst><a:gd name="adj" fmla="val 8074"/></a:avLst></a:prstGeom><a:solidFill><a:schemeClr val="bg2"/></a:solidFill></p:spPr><p:txBody><a:bodyPr/><a:lstStyle><a:lvl1pPr marL="0" indent="0"><a:buNone/><a:defRPr/></a:lvl1pPr></a:lstStyle><a:p><a:r><a:rPr lang="en-US" dirty="0" err="1"/><a:t>img</a:t></a:r><a:endParaRPr lang="en-US" dirty="0"/></a:p></p:txBody></p:sp><p:sp><p:nvSpPr><p:cNvPr id="27" name="Рисунок 2"><a:extLst><a:ext uri="{FF2B5EF4-FFF2-40B4-BE49-F238E27FC236}"><a16:creationId xmlns:a16="http://schemas.microsoft.com/office/drawing/2014/main" id="{AEE8F5D1-FA84-E849-A0F8-194E15C7AF6D}"/></a:ext></a:extLst></p:cNvPr><p:cNvSpPr><a:spLocks noGrp="1"/></p:cNvSpPr><p:nvPr><p:ph type="pic" sz="quarter" idx="20" hasCustomPrompt="1"/></p:nvPr></p:nvSpPr><p:spPr><a:xfrm><a:off x="15202143" y="5084463"/><a:ext cx="2602931" cy="1773537"/></a:xfrm><a:prstGeom prst="roundRect"><a:avLst><a:gd name="adj" fmla="val 8074"/></a:avLst></a:prstGeom><a:solidFill><a:schemeClr val="bg2"/></a:solidFill></p:spPr><p:txBody><a:bodyPr/><a:lstStyle><a:lvl1pPr marL="0" indent="0"><a:buNone/><a:defRPr/></a:lvl1pPr></a:lstStyle><a:p><a:r><a:rPr lang="en-US" dirty="0" err="1"/><a:t>img</a:t></a:r><a:endParaRPr lang="en-US" dirty="0"/></a:p></p:txBody></p:sp><p:sp><p:nvSpPr><p:cNvPr id="28" name="Рисунок 2"><a:extLst><a:ext uri="{FF2B5EF4-FFF2-40B4-BE49-F238E27FC236}"><a16:creationId xmlns:a16="http://schemas.microsoft.com/office/drawing/2014/main" id="{203EBA19-EF70-4C44-ACAC-C6E2CA4D8768}"/></a:ext></a:extLst></p:cNvPr><p:cNvSpPr><a:spLocks noGrp="1"/></p:cNvSpPr><p:nvPr><p:ph type="pic" sz="quarter" idx="21" hasCustomPrompt="1"/></p:nvPr></p:nvSpPr><p:spPr><a:xfrm><a:off x="18147273" y="5084463"/><a:ext cx="2602931" cy="1773537"/></a:xfrm><a:prstGeom prst="roundRect"><a:avLst><a:gd name="adj" fmla="val 8074"/></a:avLst></a:prstGeom><a:solidFill><a:schemeClr val="bg2"/></a:solidFill></p:spPr><p:txBody><a:bodyPr/><a:lstStyle><a:lvl1pPr marL="0" indent="0"><a:buNone/><a:defRPr/></a:lvl1pPr></a:lstStyle><a:p><a:r><a:rPr lang="en-US" dirty="0" err="1"/><a:t>img</a:t></a:r><a:endParaRPr lang="en-US" dirty="0"/></a:p></p:txBody></p:sp><p:sp><p:nvSpPr><p:cNvPr id="29" name="Рисунок 2"><a:extLst><a:ext uri="{FF2B5EF4-FFF2-40B4-BE49-F238E27FC236}"><a16:creationId xmlns:a16="http://schemas.microsoft.com/office/drawing/2014/main" id="{091600B4-215C-B64B-99D1-199C5DDA2454}"/></a:ext></a:extLst></p:cNvPr><p:cNvSpPr><a:spLocks noGrp="1"/></p:cNvSpPr><p:nvPr><p:ph type="pic" sz="quarter" idx="22" hasCustomPrompt="1"/></p:nvPr></p:nvSpPr><p:spPr><a:xfrm><a:off x="3421623" y="7130175"/><a:ext cx="2602931" cy="1773537"/></a:xfrm><a:prstGeom prst="roundRect"><a:avLst><a:gd name="adj" fmla="val 8074"/></a:avLst></a:prstGeom><a:solidFill><a:schemeClr val="bg2"/></a:solidFill></p:spPr><p:txBody><a:bodyPr/><a:lstStyle><a:lvl1pPr marL="0" indent="0"><a:buNone/><a:defRPr/></a:lvl1pPr></a:lstStyle><a:p><a:r><a:rPr lang="en-US" dirty="0" err="1"/><a:t>img</a:t></a:r><a:endParaRPr lang="en-US" dirty="0"/></a:p></p:txBody></p:sp><p:sp><p:nvSpPr><p:cNvPr id="30" name="Рисунок 2"><a:extLst><a:ext uri="{FF2B5EF4-FFF2-40B4-BE49-F238E27FC236}"><a16:creationId xmlns:a16="http://schemas.microsoft.com/office/drawing/2014/main" id="{64C4E337-ADD3-BB41-B198-45738D967EF0}"/></a:ext></a:extLst></p:cNvPr><p:cNvSpPr><a:spLocks noGrp="1"/></p:cNvSpPr><p:nvPr><p:ph type="pic" sz="quarter" idx="23" hasCustomPrompt="1"/></p:nvPr></p:nvSpPr><p:spPr><a:xfrm><a:off x="6366753" y="7130175"/><a:ext cx="2602931" cy="1773537"/></a:xfrm><a:prstGeom prst="roundRect"><a:avLst><a:gd name="adj" fmla="val 8074"/></a:avLst></a:prstGeom><a:solidFill><a:schemeClr val="bg2"/></a:solidFill></p:spPr><p:txBody><a:bodyPr/><a:lstStyle><a:lvl1pPr marL="0" indent="0"><a:buNone/><a:defRPr/></a:lvl1pPr></a:lstStyle><a:p><a:r><a:rPr lang="en-US" dirty="0" err="1"/><a:t>img</a:t></a:r><a:endParaRPr lang="en-US" dirty="0"/></a:p></p:txBody></p:sp><p:sp><p:nvSpPr><p:cNvPr id="31" name="Рисунок 2"><a:extLst><a:ext uri="{FF2B5EF4-FFF2-40B4-BE49-F238E27FC236}"><a16:creationId xmlns:a16="http://schemas.microsoft.com/office/drawing/2014/main" id="{27E259D7-419F-444C-90F8-75E8BCA89F3E}"/></a:ext></a:extLst></p:cNvPr><p:cNvSpPr><a:spLocks noGrp="1"/></p:cNvSpPr><p:nvPr><p:ph type="pic" sz="quarter" idx="24" hasCustomPrompt="1"/></p:nvPr></p:nvSpPr><p:spPr><a:xfrm><a:off x="9311883" y="7130175"/><a:ext cx="2602931" cy="1773537"/></a:xfrm><a:prstGeom prst="roundRect"><a:avLst><a:gd name="adj" fmla="val 8074"/></a:avLst></a:prstGeom><a:solidFill><a:schemeClr val="bg2"/></a:solidFill></p:spPr><p:txBody><a:bodyPr/><a:lstStyle><a:lvl1pPr marL="0" indent="0"><a:buNone/><a:defRPr/></a:lvl1pPr></a:lstStyle><a:p><a:r><a:rPr lang="en-US" dirty="0" err="1"/><a:t>img</a:t></a:r><a:endParaRPr lang="en-US" dirty="0"/></a:p></p:txBody></p:sp><p:sp><p:nvSpPr><p:cNvPr id="32" name="Рисунок 2"><a:extLst><a:ext uri="{FF2B5EF4-FFF2-40B4-BE49-F238E27FC236}"><a16:creationId xmlns:a16="http://schemas.microsoft.com/office/drawing/2014/main" id="{45C8F71B-F599-8849-AEEB-43D51CE9CC06}"/></a:ext></a:extLst></p:cNvPr><p:cNvSpPr><a:spLocks noGrp="1"/></p:cNvSpPr><p:nvPr><p:ph type="pic" sz="quarter" idx="25" hasCustomPrompt="1"/></p:nvPr></p:nvSpPr><p:spPr><a:xfrm><a:off x="12257013" y="7130175"/><a:ext cx="2602931" cy="1773537"/></a:xfrm><a:prstGeom prst="roundRect"><a:avLst><a:gd name="adj" fmla="val 8074"/></a:avLst></a:prstGeom><a:solidFill><a:schemeClr val="bg2"/></a:solidFill></p:spPr><p:txBody><a:bodyPr/><a:lstStyle><a:lvl1pPr marL="0" indent="0"><a:buNone/><a:defRPr/></a:lvl1pPr></a:lstStyle><a:p><a:r><a:rPr lang="en-US" dirty="0" err="1"/><a:t>img</a:t></a:r><a:endParaRPr lang="en-US" dirty="0"/></a:p></p:txBody></p:sp><p:sp><p:nvSpPr><p:cNvPr id="33" name="Рисунок 2"><a:extLst><a:ext uri="{FF2B5EF4-FFF2-40B4-BE49-F238E27FC236}"><a16:creationId xmlns:a16="http://schemas.microsoft.com/office/drawing/2014/main" id="{F02BDC7C-1317-2148-AB84-D5A5F5B7F93B}"/></a:ext></a:extLst></p:cNvPr><p:cNvSpPr><a:spLocks noGrp="1"/></p:cNvSpPr><p:nvPr><p:ph type="pic" sz="quarter" idx="26" hasCustomPrompt="1"/></p:nvPr></p:nvSpPr><p:spPr><a:xfrm><a:off x="15202143" y="7130175"/><a:ext cx="2602931" cy="1773537"/></a:xfrm><a:prstGeom prst="roundRect"><a:avLst><a:gd name="adj" fmla="val 8074"/></a:avLst></a:prstGeom><a:solidFill><a:schemeClr val="bg2"/></a:solidFill></p:spPr><p:txBody><a:bodyPr/><a:lstStyle><a:lvl1pPr marL="0" indent="0"><a:buNone/><a:defRPr/></a:lvl1pPr></a:lstStyle><a:p><a:r><a:rPr lang="en-US" dirty="0" err="1"/><a:t>img</a:t></a:r><a:endParaRPr lang="en-US" dirty="0"/></a:p></p:txBody></p:sp><p:sp><p:nvSpPr><p:cNvPr id="34" name="Рисунок 2"><a:extLst><a:ext uri="{FF2B5EF4-FFF2-40B4-BE49-F238E27FC236}"><a16:creationId xmlns:a16="http://schemas.microsoft.com/office/drawing/2014/main" id="{6B685AEF-9E1D-084E-868D-7D14C94FA1EB}"/></a:ext></a:extLst></p:cNvPr><p:cNvSpPr><a:spLocks noGrp="1"/></p:cNvSpPr><p:nvPr><p:ph type="pic" sz="quarter" idx="27" hasCustomPrompt="1"/></p:nvPr></p:nvSpPr><p:spPr><a:xfrm><a:off x="18147273" y="7130175"/><a:ext cx="2602931" cy="1773537"/></a:xfrm><a:prstGeom prst="roundRect"><a:avLst><a:gd name="adj" fmla="val 8074"/></a:avLst></a:prstGeom><a:solidFill><a:schemeClr val="bg2"/></a:solidFill></p:spPr><p:txBody><a:bodyPr/><a:lstStyle><a:lvl1pPr marL="0" indent="0"><a:buNone/><a:defRPr/></a:lvl1pPr></a:lstStyle><a:p><a:r><a:rPr lang="en-US" dirty="0" err="1"/><a:t>img</a:t></a:r><a:endParaRPr lang="en-US" dirty="0"/></a:p></p:txBody></p:sp></p:spTree><p:extLst><p:ext uri="{BB962C8B-B14F-4D97-AF65-F5344CB8AC3E}"><p14:creationId xmlns:p14="http://schemas.microsoft.com/office/powerpoint/2010/main" val="630268588"/></p:ext></p:extLst></p:cSld><p:clrMapOvr><a:masterClrMapping/></p:clrMapOvr><p:transition spd="med"/></p:sldLayout>