<?xml version="1.0" encoding="UTF-8" standalone="yes"?>
<p:sldMaster xmlns:a="http://schemas.openxmlformats.org/drawingml/2006/main" xmlns:r="http://schemas.openxmlformats.org/officeDocument/2006/relationships" xmlns:p="http://schemas.openxmlformats.org/presentationml/2006/main"><p:cSld><p:bg><p:bgPr><a:solidFill><a:srgbClr val="FFFFFF"/></a:solidFill><a:effectLst/></p:bgPr></p:bg><p:spTree><p:nvGrpSpPr><p:cNvPr id="1" name=""/><p:cNvGrpSpPr/><p:nvPr/></p:nvGrpSpPr><p:grpSpPr><a:xfrm><a:off x="0" y="0"/><a:ext cx="0" cy="0"/><a:chOff x="0" y="0"/><a:chExt cx="0" cy="0"/></a:xfrm></p:grpSpPr><p:sp><p:nvSpPr><p:cNvPr id="2" name="Текст заголовка"/><p:cNvSpPr txBox="1"><a:spLocks noGrp="1"/></p:cNvSpPr><p:nvPr><p:ph type="title"/></p:nvPr></p:nvSpPr><p:spPr><a:xfrm><a:off x="1689100" y="355600"/><a:ext cx="21005800" cy="2286000"/></a:xfrm><a:prstGeom prst="rect"><a:avLst/></a:prstGeom><a:ln w="12700"><a:miter lim="400000"/></a:ln><a:extLst><a:ext uri="{C572A759-6A51-4108-AA02-DFA0A04FC94B}"><ma14:wrappingTextBoxFlag xmlns:ma14="http://schemas.microsoft.com/office/mac/drawingml/2011/main" xmlns:a14="http://schemas.microsoft.com/office/drawing/2010/main" xmlns:m="http://schemas.openxmlformats.org/officeDocument/2006/math" xmlns="" val="1"/></a:ext></a:extLst></p:spPr><p:txBody><a:bodyPr lIns="50800" tIns="50800" rIns="50800" bIns="50800" anchor="ctr"><a:normAutofit/></a:bodyPr><a:lstStyle/><a:p><a:r><a:t>Текст заголовка</a:t></a:r></a:p></p:txBody></p:sp><p:sp><p:nvSpPr><p:cNvPr id="3" name="Уровень текста 1…"/><p:cNvSpPr txBox="1"><a:spLocks noGrp="1"/></p:cNvSpPr><p:nvPr><p:ph type="body" idx="1"/></p:nvPr></p:nvSpPr><p:spPr><a:xfrm><a:off x="1689100" y="3149600"/><a:ext cx="21005800" cy="9296400"/></a:xfrm><a:prstGeom prst="rect"><a:avLst/></a:prstGeom><a:ln w="12700"><a:miter lim="400000"/></a:ln><a:extLst><a:ext uri="{C572A759-6A51-4108-AA02-DFA0A04FC94B}"><ma14:wrappingTextBoxFlag xmlns:ma14="http://schemas.microsoft.com/office/mac/drawingml/2011/main" xmlns:a14="http://schemas.microsoft.com/office/drawing/2010/main" xmlns:m="http://schemas.openxmlformats.org/officeDocument/2006/math" xmlns="" val="1"/></a:ext></a:extLst></p:spPr><p:txBody><a:bodyPr lIns="50800" tIns="50800" rIns="50800" bIns="50800" anchor="ctr"><a:normAutofit/></a:bodyPr><a:lstStyle/><a:p><a:r><a:rPr dirty="0" err="1"/><a:t>Уровень</a:t></a:r><a:r><a:rPr dirty="0"/><a:t> </a:t></a:r><a:r><a:rPr dirty="0" err="1"/><a:t>текста</a:t></a:r><a:r><a:rPr dirty="0"/><a:t> 1</a:t></a:r></a:p><a:p><a:pPr lvl="1"/><a:r><a:rPr dirty="0" err="1"/><a:t>Уровень</a:t></a:r><a:r><a:rPr dirty="0"/><a:t> </a:t></a:r><a:r><a:rPr dirty="0" err="1"/><a:t>текста</a:t></a:r><a:r><a:rPr dirty="0"/><a:t> 2</a:t></a:r></a:p><a:p><a:pPr lvl="2"/><a:r><a:rPr dirty="0" err="1"/><a:t>Уровень</a:t></a:r><a:r><a:rPr dirty="0"/><a:t> </a:t></a:r><a:r><a:rPr dirty="0" err="1"/><a:t>текста</a:t></a:r><a:r><a:rPr dirty="0"/><a:t> 3</a:t></a:r></a:p><a:p><a:pPr lvl="3"/><a:r><a:rPr dirty="0" err="1"/><a:t>Уровень</a:t></a:r><a:r><a:rPr dirty="0"/><a:t> </a:t></a:r><a:r><a:rPr dirty="0" err="1"/><a:t>текста</a:t></a:r><a:r><a:rPr dirty="0"/><a:t> 4</a:t></a:r></a:p><a:p><a:pPr lvl="4"/><a:r><a:rPr dirty="0" err="1"/><a:t>Уровень</a:t></a:r><a:r><a:rPr dirty="0"/><a:t> </a:t></a:r><a:r><a:rPr dirty="0" err="1"/><a:t>текста</a:t></a:r><a:r><a:rPr dirty="0"/><a:t> 5</a:t></a:r></a:p></p:txBody></p:sp><p:sp><p:nvSpPr><p:cNvPr id="4" name="Номер слайда"/><p:cNvSpPr txBox="1"><a:spLocks noGrp="1"/></p:cNvSpPr><p:nvPr><p:ph type="sldNum" sz="quarter" idx="2"/></p:nvPr></p:nvSpPr><p:spPr><a:xfrm><a:off x="11959031" y="13081000"/><a:ext cx="453238" cy="461059"/></a:xfrm><a:prstGeom prst="rect"><a:avLst/></a:prstGeom><a:ln w="12700"><a:miter lim="400000"/></a:ln></p:spPr><p:txBody><a:bodyPr wrap="none" lIns="50800" tIns="50800" rIns="50800" bIns="50800"><a:spAutoFit/></a:bodyPr><a:lstStyle><a:lvl1pPr><a:defRPr sz="2400" b="0"><a:latin typeface="Helvetica Neue Light"/><a:ea typeface="Helvetica Neue Light"/><a:cs typeface="Helvetica Neue Light"/><a:sym typeface="Helvetica Neue Light"/></a:defRPr></a:lvl1pPr></a:lstStyle><a:p><a:fld id="{86CB4B4D-7CA3-9044-876B-883B54F8677D}" type="slidenum"><a:t>‹#›</a:t></a:fld><a:endParaRPr/></a:p></p:txBody></p:sp></p:spTree></p:cSld><p:clrMap bg1="lt1" tx1="dk1" bg2="lt2" tx2="dk2" accent1="accent1" accent2="accent2" accent3="accent3" accent4="accent4" accent5="accent5" accent6="accent6" hlink="hlink" folHlink="folHlink"/><p:sldLayoutIdLst><p:sldLayoutId id="2147483650" r:id="rId1"/><p:sldLayoutId id="2147483651" r:id="rId2"/><p:sldLayoutId id="2147483652" r:id="rId3"/></p:sldLayoutIdLst><p:transition spd="med"/><p:txStyles><p:titleStyle><a:lvl1pPr marL="0" marR="0" indent="0" algn="ctr" defTabSz="825500" rtl="0" latinLnBrk="0"><a:lnSpc><a:spcPct val="100000"/></a:lnSpc><a:spcBef><a:spcPts val="0"/></a:spcBef><a:spcAft><a:spcPts val="0"/></a:spcAft><a:buClrTx/><a:buSzTx/><a:buFontTx/><a:buNone/><a:tabLst/><a:defRPr sz="11200" b="0" i="0" u="none" strike="noStrike" cap="none" spc="0" baseline="0"><a:ln><a:noFill/></a:ln><a:solidFill><a:srgbClr val="000000"/></a:solidFill><a:uFillTx/><a:latin typeface="+mn-lt"/><a:ea typeface="+mn-ea"/><a:cs typeface="+mn-cs"/><a:sym typeface="Helvetica Neue Medium"/></a:defRPr></a:lvl1pPr><a:lvl2pPr marL="0" marR="0" indent="0" algn="ctr" defTabSz="825500" rtl="0" latinLnBrk="0"><a:lnSpc><a:spcPct val="100000"/></a:lnSpc><a:spcBef><a:spcPts val="0"/></a:spcBef><a:spcAft><a:spcPts val="0"/></a:spcAft><a:buClrTx/><a:buSzTx/><a:buFontTx/><a:buNone/><a:tabLst/><a:defRPr sz="11200" b="0" i="0" u="none" strike="noStrike" cap="none" spc="0" baseline="0"><a:ln><a:noFill/></a:ln><a:solidFill><a:srgbClr val="000000"/></a:solidFill><a:uFillTx/><a:latin typeface="+mn-lt"/><a:ea typeface="+mn-ea"/><a:cs typeface="+mn-cs"/><a:sym typeface="Helvetica Neue Medium"/></a:defRPr></a:lvl2pPr><a:lvl3pPr marL="0" marR="0" indent="0" algn="ctr" defTabSz="825500" rtl="0" latinLnBrk="0"><a:lnSpc><a:spcPct val="100000"/></a:lnSpc><a:spcBef><a:spcPts val="0"/></a:spcBef><a:spcAft><a:spcPts val="0"/></a:spcAft><a:buClrTx/><a:buSzTx/><a:buFontTx/><a:buNone/><a:tabLst/><a:defRPr sz="11200" b="0" i="0" u="none" strike="noStrike" cap="none" spc="0" baseline="0"><a:ln><a:noFill/></a:ln><a:solidFill><a:srgbClr val="000000"/></a:solidFill><a:uFillTx/><a:latin typeface="+mn-lt"/><a:ea typeface="+mn-ea"/><a:cs typeface="+mn-cs"/><a:sym typeface="Helvetica Neue Medium"/></a:defRPr></a:lvl3pPr><a:lvl4pPr marL="0" marR="0" indent="0" algn="ctr" defTabSz="825500" rtl="0" latinLnBrk="0"><a:lnSpc><a:spcPct val="100000"/></a:lnSpc><a:spcBef><a:spcPts val="0"/></a:spcBef><a:spcAft><a:spcPts val="0"/></a:spcAft><a:buClrTx/><a:buSzTx/><a:buFontTx/><a:buNone/><a:tabLst/><a:defRPr sz="11200" b="0" i="0" u="none" strike="noStrike" cap="none" spc="0" baseline="0"><a:ln><a:noFill/></a:ln><a:solidFill><a:srgbClr val="000000"/></a:solidFill><a:uFillTx/><a:latin typeface="+mn-lt"/><a:ea typeface="+mn-ea"/><a:cs typeface="+mn-cs"/><a:sym typeface="Helvetica Neue Medium"/></a:defRPr></a:lvl4pPr><a:lvl5pPr marL="0" marR="0" indent="0" algn="ctr" defTabSz="825500" rtl="0" latinLnBrk="0"><a:lnSpc><a:spcPct val="100000"/></a:lnSpc><a:spcBef><a:spcPts val="0"/></a:spcBef><a:spcAft><a:spcPts val="0"/></a:spcAft><a:buClrTx/><a:buSzTx/><a:buFontTx/><a:buNone/><a:tabLst/><a:defRPr sz="11200" b="0" i="0" u="none" strike="noStrike" cap="none" spc="0" baseline="0"><a:ln><a:noFill/></a:ln><a:solidFill><a:srgbClr val="000000"/></a:solidFill><a:uFillTx/><a:latin typeface="+mn-lt"/><a:ea typeface="+mn-ea"/><a:cs typeface="+mn-cs"/><a:sym typeface="Helvetica Neue Medium"/></a:defRPr></a:lvl5pPr><a:lvl6pPr marL="0" marR="0" indent="0" algn="ctr" defTabSz="825500" rtl="0" latinLnBrk="0"><a:lnSpc><a:spcPct val="100000"/></a:lnSpc><a:spcBef><a:spcPts val="0"/></a:spcBef><a:spcAft><a:spcPts val="0"/></a:spcAft><a:buClrTx/><a:buSzTx/><a:buFontTx/><a:buNone/><a:tabLst/><a:defRPr sz="11200" b="0" i="0" u="none" strike="noStrike" cap="none" spc="0" baseline="0"><a:ln><a:noFill/></a:ln><a:solidFill><a:srgbClr val="000000"/></a:solidFill><a:uFillTx/><a:latin typeface="+mn-lt"/><a:ea typeface="+mn-ea"/><a:cs typeface="+mn-cs"/><a:sym typeface="Helvetica Neue Medium"/></a:defRPr></a:lvl6pPr><a:lvl7pPr marL="0" marR="0" indent="0" algn="ctr" defTabSz="825500" rtl="0" latinLnBrk="0"><a:lnSpc><a:spcPct val="100000"/></a:lnSpc><a:spcBef><a:spcPts val="0"/></a:spcBef><a:spcAft><a:spcPts val="0"/></a:spcAft><a:buClrTx/><a:buSzTx/><a:buFontTx/><a:buNone/><a:tabLst/><a:defRPr sz="11200" b="0" i="0" u="none" strike="noStrike" cap="none" spc="0" baseline="0"><a:ln><a:noFill/></a:ln><a:solidFill><a:srgbClr val="000000"/></a:solidFill><a:uFillTx/><a:latin typeface="+mn-lt"/><a:ea typeface="+mn-ea"/><a:cs typeface="+mn-cs"/><a:sym typeface="Helvetica Neue Medium"/></a:defRPr></a:lvl7pPr><a:lvl8pPr marL="0" marR="0" indent="0" algn="ctr" defTabSz="825500" rtl="0" latinLnBrk="0"><a:lnSpc><a:spcPct val="100000"/></a:lnSpc><a:spcBef><a:spcPts val="0"/></a:spcBef><a:spcAft><a:spcPts val="0"/></a:spcAft><a:buClrTx/><a:buSzTx/><a:buFontTx/><a:buNone/><a:tabLst/><a:defRPr sz="11200" b="0" i="0" u="none" strike="noStrike" cap="none" spc="0" baseline="0"><a:ln><a:noFill/></a:ln><a:solidFill><a:srgbClr val="000000"/></a:solidFill><a:uFillTx/><a:latin typeface="+mn-lt"/><a:ea typeface="+mn-ea"/><a:cs typeface="+mn-cs"/><a:sym typeface="Helvetica Neue Medium"/></a:defRPr></a:lvl8pPr><a:lvl9pPr marL="0" marR="0" indent="0" algn="ctr" defTabSz="825500" rtl="0" latinLnBrk="0"><a:lnSpc><a:spcPct val="100000"/></a:lnSpc><a:spcBef><a:spcPts val="0"/></a:spcBef><a:spcAft><a:spcPts val="0"/></a:spcAft><a:buClrTx/><a:buSzTx/><a:buFontTx/><a:buNone/><a:tabLst/><a:defRPr sz="11200" b="0" i="0" u="none" strike="noStrike" cap="none" spc="0" baseline="0"><a:ln><a:noFill/></a:ln><a:solidFill><a:srgbClr val="000000"/></a:solidFill><a:uFillTx/><a:latin typeface="+mn-lt"/><a:ea typeface="+mn-ea"/><a:cs typeface="+mn-cs"/><a:sym typeface="Helvetica Neue Medium"/></a:defRPr></a:lvl9pPr></p:titleStyle><p:bodyStyle><a:lvl1pPr marL="343958" marR="0" indent="-343958" algn="l" defTabSz="825500" rtl="0" latinLnBrk="0"><a:lnSpc><a:spcPct val="120000"/></a:lnSpc><a:spcBef><a:spcPts val="2000"/></a:spcBef><a:spcAft><a:spcPts val="0"/></a:spcAft><a:buClrTx/><a:buSzPct val="125000"/><a:buFontTx/><a:buChar char="•"/><a:tabLst/><a:defRPr sz="2600" b="0" i="0" u="none" strike="noStrike" cap="none" spc="0" baseline="0"><a:ln><a:noFill/></a:ln><a:solidFill><a:srgbClr val="646979"/></a:solidFill><a:uFillTx/><a:latin typeface="Montserrat" panose="00000500000000000000" pitchFamily="2" charset="-52"/><a:ea typeface="Open Sans"/><a:cs typeface="Open Sans"/><a:sym typeface="Open Sans"/></a:defRPr></a:lvl1pPr><a:lvl2pPr marL="978958" marR="0" indent="-343958" algn="l" defTabSz="825500" rtl="0" latinLnBrk="0"><a:lnSpc><a:spcPct val="120000"/></a:lnSpc><a:spcBef><a:spcPts val="2000"/></a:spcBef><a:spcAft><a:spcPts val="0"/></a:spcAft><a:buClrTx/><a:buSzPct val="125000"/><a:buFontTx/><a:buChar char="•"/><a:tabLst/><a:defRPr sz="2600" b="0" i="0" u="none" strike="noStrike" cap="none" spc="0" baseline="0"><a:ln><a:noFill/></a:ln><a:solidFill><a:srgbClr val="646979"/></a:solidFill><a:uFillTx/><a:latin typeface="Montserrat" panose="00000500000000000000" pitchFamily="2" charset="-52"/><a:ea typeface="Open Sans"/><a:cs typeface="Open Sans"/><a:sym typeface="Open Sans"/></a:defRPr></a:lvl2pPr><a:lvl3pPr marL="1613958" marR="0" indent="-343958" algn="l" defTabSz="825500" rtl="0" latinLnBrk="0"><a:lnSpc><a:spcPct val="120000"/></a:lnSpc><a:spcBef><a:spcPts val="2000"/></a:spcBef><a:spcAft><a:spcPts val="0"/></a:spcAft><a:buClrTx/><a:buSzPct val="125000"/><a:buFontTx/><a:buChar char="•"/><a:tabLst/><a:defRPr sz="2600" b="0" i="0" u="none" strike="noStrike" cap="none" spc="0" baseline="0"><a:ln><a:noFill/></a:ln><a:solidFill><a:srgbClr val="646979"/></a:solidFill><a:uFillTx/><a:latin typeface="Montserrat" panose="00000500000000000000" pitchFamily="2" charset="-52"/><a:ea typeface="Open Sans"/><a:cs typeface="Open Sans"/><a:sym typeface="Open Sans"/></a:defRPr></a:lvl3pPr><a:lvl4pPr marL="2248958" marR="0" indent="-343958" algn="l" defTabSz="825500" rtl="0" latinLnBrk="0"><a:lnSpc><a:spcPct val="120000"/></a:lnSpc><a:spcBef><a:spcPts val="2000"/></a:spcBef><a:spcAft><a:spcPts val="0"/></a:spcAft><a:buClrTx/><a:buSzPct val="125000"/><a:buFontTx/><a:buChar char="•"/><a:tabLst/><a:defRPr sz="2600" b="0" i="0" u="none" strike="noStrike" cap="none" spc="0" baseline="0"><a:ln><a:noFill/></a:ln><a:solidFill><a:srgbClr val="646979"/></a:solidFill><a:uFillTx/><a:latin typeface="Montserrat" panose="00000500000000000000" pitchFamily="2" charset="-52"/><a:ea typeface="Open Sans"/><a:cs typeface="Open Sans"/><a:sym typeface="Open Sans"/></a:defRPr></a:lvl4pPr><a:lvl5pPr marL="2883958" marR="0" indent="-343958" algn="l" defTabSz="825500" rtl="0" latinLnBrk="0"><a:lnSpc><a:spcPct val="120000"/></a:lnSpc><a:spcBef><a:spcPts val="2000"/></a:spcBef><a:spcAft><a:spcPts val="0"/></a:spcAft><a:buClrTx/><a:buSzPct val="125000"/><a:buFontTx/><a:buChar char="•"/><a:tabLst/><a:defRPr sz="2600" b="0" i="0" u="none" strike="noStrike" cap="none" spc="0" baseline="0"><a:ln><a:noFill/></a:ln><a:solidFill><a:srgbClr val="646979"/></a:solidFill><a:uFillTx/><a:latin typeface="Montserrat" panose="00000500000000000000" pitchFamily="2" charset="-52"/><a:ea typeface="Open Sans"/><a:cs typeface="Open Sans"/><a:sym typeface="Open Sans"/></a:defRPr></a:lvl5pPr><a:lvl6pPr marL="3518958" marR="0" indent="-343958" algn="l" defTabSz="825500" rtl="0" latinLnBrk="0"><a:lnSpc><a:spcPct val="120000"/></a:lnSpc><a:spcBef><a:spcPts val="2000"/></a:spcBef><a:spcAft><a:spcPts val="0"/></a:spcAft><a:buClrTx/><a:buSzPct val="125000"/><a:buFontTx/><a:buChar char="•"/><a:tabLst/><a:defRPr sz="2600" b="0" i="0" u="none" strike="noStrike" cap="none" spc="0" baseline="0"><a:ln><a:noFill/></a:ln><a:solidFill><a:srgbClr val="646979"/></a:solidFill><a:uFillTx/><a:latin typeface="Open Sans"/><a:ea typeface="Open Sans"/><a:cs typeface="Open Sans"/><a:sym typeface="Open Sans"/></a:defRPr></a:lvl6pPr><a:lvl7pPr marL="4153958" marR="0" indent="-343958" algn="l" defTabSz="825500" rtl="0" latinLnBrk="0"><a:lnSpc><a:spcPct val="120000"/></a:lnSpc><a:spcBef><a:spcPts val="2000"/></a:spcBef><a:spcAft><a:spcPts val="0"/></a:spcAft><a:buClrTx/><a:buSzPct val="125000"/><a:buFontTx/><a:buChar char="•"/><a:tabLst/><a:defRPr sz="2600" b="0" i="0" u="none" strike="noStrike" cap="none" spc="0" baseline="0"><a:ln><a:noFill/></a:ln><a:solidFill><a:srgbClr val="646979"/></a:solidFill><a:uFillTx/><a:latin typeface="Open Sans"/><a:ea typeface="Open Sans"/><a:cs typeface="Open Sans"/><a:sym typeface="Open Sans"/></a:defRPr></a:lvl7pPr><a:lvl8pPr marL="4788958" marR="0" indent="-343958" algn="l" defTabSz="825500" rtl="0" latinLnBrk="0"><a:lnSpc><a:spcPct val="120000"/></a:lnSpc><a:spcBef><a:spcPts val="2000"/></a:spcBef><a:spcAft><a:spcPts val="0"/></a:spcAft><a:buClrTx/><a:buSzPct val="125000"/><a:buFontTx/><a:buChar char="•"/><a:tabLst/><a:defRPr sz="2600" b="0" i="0" u="none" strike="noStrike" cap="none" spc="0" baseline="0"><a:ln><a:noFill/></a:ln><a:solidFill><a:srgbClr val="646979"/></a:solidFill><a:uFillTx/><a:latin typeface="Open Sans"/><a:ea typeface="Open Sans"/><a:cs typeface="Open Sans"/><a:sym typeface="Open Sans"/></a:defRPr></a:lvl8pPr><a:lvl9pPr marL="5423958" marR="0" indent="-343958" algn="l" defTabSz="825500" rtl="0" latinLnBrk="0"><a:lnSpc><a:spcPct val="120000"/></a:lnSpc><a:spcBef><a:spcPts val="2000"/></a:spcBef><a:spcAft><a:spcPts val="0"/></a:spcAft><a:buClrTx/><a:buSzPct val="125000"/><a:buFontTx/><a:buChar char="•"/><a:tabLst/><a:defRPr sz="2600" b="0" i="0" u="none" strike="noStrike" cap="none" spc="0" baseline="0"><a:ln><a:noFill/></a:ln><a:solidFill><a:srgbClr val="646979"/></a:solidFill><a:uFillTx/><a:latin typeface="Open Sans"/><a:ea typeface="Open Sans"/><a:cs typeface="Open Sans"/><a:sym typeface="Open Sans"/></a:defRPr></a:lvl9pPr></p:bodyStyle><p:otherStyle><a:lvl1pPr marL="0" marR="0" indent="0" algn="ctr" defTabSz="825500" latinLnBrk="0"><a:lnSpc><a:spcPct val="100000"/></a:lnSpc><a:spcBef><a:spcPts val="0"/></a:spcBef><a:spcAft><a:spcPts val="0"/></a:spcAft><a:buClrTx/><a:buSzTx/><a:buFontTx/><a:buNone/><a:tabLst/><a:defRPr sz="2400" b="0" i="0" u="none" strike="noStrike" cap="none" spc="0" baseline="0"><a:ln><a:noFill/></a:ln><a:solidFill><a:schemeClr val="tx1"/></a:solidFill><a:uFillTx/><a:latin typeface="+mn-lt"/><a:ea typeface="+mn-ea"/><a:cs typeface="+mn-cs"/><a:sym typeface="Helvetica Neue Light"/></a:defRPr></a:lvl1pPr><a:lvl2pPr marL="0" marR="0" indent="228600" algn="ctr" defTabSz="825500" latinLnBrk="0"><a:lnSpc><a:spcPct val="100000"/></a:lnSpc><a:spcBef><a:spcPts val="0"/></a:spcBef><a:spcAft><a:spcPts val="0"/></a:spcAft><a:buClrTx/><a:buSzTx/><a:buFontTx/><a:buNone/><a:tabLst/><a:defRPr sz="2400" b="0" i="0" u="none" strike="noStrike" cap="none" spc="0" baseline="0"><a:ln><a:noFill/></a:ln><a:solidFill><a:schemeClr val="tx1"/></a:solidFill><a:uFillTx/><a:latin typeface="+mn-lt"/><a:ea typeface="+mn-ea"/><a:cs typeface="+mn-cs"/><a:sym typeface="Helvetica Neue Light"/></a:defRPr></a:lvl2pPr><a:lvl3pPr marL="0" marR="0" indent="457200" algn="ctr" defTabSz="825500" latinLnBrk="0"><a:lnSpc><a:spcPct val="100000"/></a:lnSpc><a:spcBef><a:spcPts val="0"/></a:spcBef><a:spcAft><a:spcPts val="0"/></a:spcAft><a:buClrTx/><a:buSzTx/><a:buFontTx/><a:buNone/><a:tabLst/><a:defRPr sz="2400" b="0" i="0" u="none" strike="noStrike" cap="none" spc="0" baseline="0"><a:ln><a:noFill/></a:ln><a:solidFill><a:schemeClr val="tx1"/></a:solidFill><a:uFillTx/><a:latin typeface="+mn-lt"/><a:ea typeface="+mn-ea"/><a:cs typeface="+mn-cs"/><a:sym typeface="Helvetica Neue Light"/></a:defRPr></a:lvl3pPr><a:lvl4pPr marL="0" marR="0" indent="685800" algn="ctr" defTabSz="825500" latinLnBrk="0"><a:lnSpc><a:spcPct val="100000"/></a:lnSpc><a:spcBef><a:spcPts val="0"/></a:spcBef><a:spcAft><a:spcPts val="0"/></a:spcAft><a:buClrTx/><a:buSzTx/><a:buFontTx/><a:buNone/><a:tabLst/><a:defRPr sz="2400" b="0" i="0" u="none" strike="noStrike" cap="none" spc="0" baseline="0"><a:ln><a:noFill/></a:ln><a:solidFill><a:schemeClr val="tx1"/></a:solidFill><a:uFillTx/><a:latin typeface="+mn-lt"/><a:ea typeface="+mn-ea"/><a:cs typeface="+mn-cs"/><a:sym typeface="Helvetica Neue Light"/></a:defRPr></a:lvl4pPr><a:lvl5pPr marL="0" marR="0" indent="914400" algn="ctr" defTabSz="825500" latinLnBrk="0"><a:lnSpc><a:spcPct val="100000"/></a:lnSpc><a:spcBef><a:spcPts val="0"/></a:spcBef><a:spcAft><a:spcPts val="0"/></a:spcAft><a:buClrTx/><a:buSzTx/><a:buFontTx/><a:buNone/><a:tabLst/><a:defRPr sz="2400" b="0" i="0" u="none" strike="noStrike" cap="none" spc="0" baseline="0"><a:ln><a:noFill/></a:ln><a:solidFill><a:schemeClr val="tx1"/></a:solidFill><a:uFillTx/><a:latin typeface="+mn-lt"/><a:ea typeface="+mn-ea"/><a:cs typeface="+mn-cs"/><a:sym typeface="Helvetica Neue Light"/></a:defRPr></a:lvl5pPr><a:lvl6pPr marL="0" marR="0" indent="1143000" algn="ctr" defTabSz="825500" latinLnBrk="0"><a:lnSpc><a:spcPct val="100000"/></a:lnSpc><a:spcBef><a:spcPts val="0"/></a:spcBef><a:spcAft><a:spcPts val="0"/></a:spcAft><a:buClrTx/><a:buSzTx/><a:buFontTx/><a:buNone/><a:tabLst/><a:defRPr sz="2400" b="0" i="0" u="none" strike="noStrike" cap="none" spc="0" baseline="0"><a:ln><a:noFill/></a:ln><a:solidFill><a:schemeClr val="tx1"/></a:solidFill><a:uFillTx/><a:latin typeface="+mn-lt"/><a:ea typeface="+mn-ea"/><a:cs typeface="+mn-cs"/><a:sym typeface="Helvetica Neue Light"/></a:defRPr></a:lvl6pPr><a:lvl7pPr marL="0" marR="0" indent="1371600" algn="ctr" defTabSz="825500" latinLnBrk="0"><a:lnSpc><a:spcPct val="100000"/></a:lnSpc><a:spcBef><a:spcPts val="0"/></a:spcBef><a:spcAft><a:spcPts val="0"/></a:spcAft><a:buClrTx/><a:buSzTx/><a:buFontTx/><a:buNone/><a:tabLst/><a:defRPr sz="2400" b="0" i="0" u="none" strike="noStrike" cap="none" spc="0" baseline="0"><a:ln><a:noFill/></a:ln><a:solidFill><a:schemeClr val="tx1"/></a:solidFill><a:uFillTx/><a:latin typeface="+mn-lt"/><a:ea typeface="+mn-ea"/><a:cs typeface="+mn-cs"/><a:sym typeface="Helvetica Neue Light"/></a:defRPr></a:lvl7pPr><a:lvl8pPr marL="0" marR="0" indent="1600200" algn="ctr" defTabSz="825500" latinLnBrk="0"><a:lnSpc><a:spcPct val="100000"/></a:lnSpc><a:spcBef><a:spcPts val="0"/></a:spcBef><a:spcAft><a:spcPts val="0"/></a:spcAft><a:buClrTx/><a:buSzTx/><a:buFontTx/><a:buNone/><a:tabLst/><a:defRPr sz="2400" b="0" i="0" u="none" strike="noStrike" cap="none" spc="0" baseline="0"><a:ln><a:noFill/></a:ln><a:solidFill><a:schemeClr val="tx1"/></a:solidFill><a:uFillTx/><a:latin typeface="+mn-lt"/><a:ea typeface="+mn-ea"/><a:cs typeface="+mn-cs"/><a:sym typeface="Helvetica Neue Light"/></a:defRPr></a:lvl8pPr><a:lvl9pPr marL="0" marR="0" indent="1828800" algn="ctr" defTabSz="825500" latinLnBrk="0"><a:lnSpc><a:spcPct val="100000"/></a:lnSpc><a:spcBef><a:spcPts val="0"/></a:spcBef><a:spcAft><a:spcPts val="0"/></a:spcAft><a:buClrTx/><a:buSzTx/><a:buFontTx/><a:buNone/><a:tabLst/><a:defRPr sz="2400" b="0" i="0" u="none" strike="noStrike" cap="none" spc="0" baseline="0"><a:ln><a:noFill/></a:ln><a:solidFill><a:schemeClr val="tx1"/></a:solidFill><a:uFillTx/><a:latin typeface="+mn-lt"/><a:ea typeface="+mn-ea"/><a:cs typeface="+mn-cs"/><a:sym typeface="Helvetica Neue Light"/></a:defRPr></a:lvl9pPr></p:otherStyle></p:txStyles></p:sldMaster>