<?xml version="1.0" encoding="UTF-8" standalone="yes"?>
<w:document xmlns:wpc="http://schemas.microsoft.com/office/word/2010/wordprocessingCanvas" xmlns:cx="http://schemas.microsoft.com/office/drawing/2014/chartex" xmlns:cx1="http://schemas.microsoft.com/office/drawing/2015/9/8/chartex" xmlns:mc="http://schemas.openxmlformats.org/markup-compatibility/2006" xmlns:o="urn:schemas-microsoft-com:office:office" xmlns:r="http://schemas.openxmlformats.org/officeDocument/2006/relationships" xmlns:m="http://schemas.openxmlformats.org/officeDocument/2006/math" xmlns:v="urn:schemas-microsoft-com:vml" xmlns:wp14="http://schemas.microsoft.com/office/word/2010/wordprocessingDrawing" xmlns:wp="http://schemas.openxmlformats.org/drawingml/2006/wordprocessingDrawing" xmlns:w10="urn:schemas-microsoft-com:office:word" xmlns:w="http://schemas.openxmlformats.org/wordprocessingml/2006/main" xmlns:w14="http://schemas.microsoft.com/office/word/2010/wordml" xmlns:w15="http://schemas.microsoft.com/office/word/2012/wordml" xmlns:w16se="http://schemas.microsoft.com/office/word/2015/wordml/symex" xmlns:wpg="http://schemas.microsoft.com/office/word/2010/wordprocessingGroup" xmlns:wpi="http://schemas.microsoft.com/office/word/2010/wordprocessingInk" xmlns:wne="http://schemas.microsoft.com/office/word/2006/wordml" xmlns:wps="http://schemas.microsoft.com/office/word/2010/wordprocessingShape" mc:Ignorable="w14 w15 w16se wp14"><w:body><w:p w:rsidR="007B7F1B" w:rsidRDefault="007B7F1B" w:rsidP="00666CF5"><w:pPr><w:jc w:val="center"/><w:rPr><w:rFonts w:ascii="Times New Roman" w:hAnsi="Times New Roman"/><w:sz w:val="24"/><w:szCs w:val="24"/></w:rPr></w:pPr><w:bookmarkStart w:id="0" w:name="_GoBack"/><w:bookmarkEnd w:id="0"/></w:p><w:p w:rsidR="009C4BD8" w:rsidRDefault="009C4BD8" w:rsidP="009C4BD8"><w:pPr><w:pStyle w:val="a"/></w:pPr><w:r><w:t>План работы по ведению воинского учета</w:t></w:r></w:p><w:p w:rsidR="00745D3A" w:rsidRDefault="00745D3A" w:rsidP="00745D3A"><w:pPr><w:pStyle w:val="a0"/></w:pPr><w:r><w:t>…</w:t></w:r></w:p><w:p w:rsidR="009C4BD8" w:rsidRDefault="009C4BD8" w:rsidP="009C4BD8"><w:pPr><w:pStyle w:val="a0"/><w:jc w:val="center"/></w:pPr><w:r><w:rPr><w:rStyle w:val="a1"/></w:rPr><w:t>ПЛАН</w:t></w:r><w:r><w:rPr><w:rStyle w:val="a1"/></w:rPr><w:br/><w:t>работы по ведению воинского учета и бронированию</w:t></w:r><w:r><w:rPr><w:rStyle w:val="a1"/></w:rPr><w:br/><w:t>граждан, пребывающих в запасе, в 20</w:t></w:r><w:r w:rsidR="001265FF"><w:rPr><w:rStyle w:val="a1"/></w:rPr><w:t>23</w:t></w:r><w:r><w:rPr><w:rStyle w:val="a1"/></w:rPr><w:t xml:space="preserve"> году</w:t></w:r></w:p><w:p w:rsidR="009C4BD8" w:rsidRDefault="009C4BD8" w:rsidP="009C4BD8"><w:pPr><w:pStyle w:val="a0"/><w:ind w:right="227"/><w:jc w:val="center"/><w:rPr><w:u w:val="thick"/></w:rPr></w:pPr><w:r><w:rPr><w:u w:val="thick"/></w:rPr><w:t xml:space="preserve">     ООО «Солнышко»     </w:t></w:r></w:p><w:p w:rsidR="009C4BD8" w:rsidRDefault="009C4BD8" w:rsidP="009C4BD8"><w:pPr><w:pStyle w:val="a6"/><w:jc w:val="center"/></w:pPr><w:r><w:t>(наименование организации)</w:t></w:r></w:p><w:p w:rsidR="009C4BD8" w:rsidRPr="009C4BD8" w:rsidRDefault="009C4BD8" w:rsidP="009C4BD8"><w:pPr><w:tabs><w:tab w:val="left" w:pos="283"/><w:tab w:val="left" w:pos="567"/><w:tab w:val="left" w:pos="850"/><w:tab w:val="left" w:pos="1134"/><w:tab w:val="left" w:pos="1417"/><w:tab w:val="left" w:pos="1701"/><w:tab w:val="left" w:pos="1984"/><w:tab w:val="left" w:pos="2268"/><w:tab w:val="left" w:pos="2551"/><w:tab w:val="left" w:pos="2835"/><w:tab w:val="left" w:pos="3118"/><w:tab w:val="left" w:pos="3402"/><w:tab w:val="left" w:pos="3685"/><w:tab w:val="left" w:pos="3969"/><w:tab w:val="left" w:pos="4252"/><w:tab w:val="left" w:pos="4535"/><w:tab w:val="left" w:pos="4819"/><w:tab w:val="left" w:pos="5102"/><w:tab w:val="left" w:pos="5386"/><w:tab w:val="left" w:pos="5669"/><w:tab w:val="left" w:pos="5953"/></w:tabs><w:autoSpaceDE w:val="0"/><w:autoSpaceDN w:val="0"/><w:adjustRightInd w:val="0"/><w:spacing w:after="100" w:line="200" w:lineRule="atLeast"/><w:textAlignment w:val="center"/><w:rPr><w:rFonts w:ascii="Spectral-Regular" w:hAnsi="Spectral-Regular" w:cs="Spectral-Regular"/><w:color w:val="000000"/><w:sz w:val="18"/><w:szCs w:val="18"/><w:lang w:eastAsia="ru-RU"/></w:rPr></w:pPr></w:p><w:tbl><w:tblPr><w:tblW w:w="0" w:type="auto"/><w:tblInd w:w="80" w:type="dxa"/><w:tblLayout w:type="fixed"/><w:tblCellMar><w:left w:w="0" w:type="dxa"/><w:right w:w="0" w:type="dxa"/></w:tblCellMar><w:tblLook w:val="0000" w:firstRow="0" w:lastRow="0" w:firstColumn="0" w:lastColumn="0" w:noHBand="0" w:noVBand="0"/></w:tblPr><w:tblGrid><w:gridCol w:w="454"/><w:gridCol w:w="3004"/><w:gridCol w:w="1362"/><w:gridCol w:w="1246"/><w:gridCol w:w="851"/></w:tblGrid><w:tr w:rsidR="009C4BD8" w:rsidRPr="009C4BD8" w:rsidTr="001265FF"><w:tblPrEx><w:tblCellMar><w:top w:w="0" w:type="dxa"/><w:left w:w="0" w:type="dxa"/><w:bottom w:w="0" w:type="dxa"/><w:right w:w="0" w:type="dxa"/></w:tblCellMar></w:tblPrEx><w:trPr><w:trHeight w:val="60"/></w:trPr><w:tc><w:tcPr><w:tcW w:w="454" w:type="dxa"/><w:tcBorders><w:top w:val="single" w:sz="2" w:space="0" w:color="000000"/><w:left w:val="single" w:sz="2" w:space="0" w:color="000000"/><w:bottom w:val="single" w:sz="2" w:space="0" w:color="000000"/><w:right w:val="single" w:sz="2" w:space="0" w:color="000000"/></w:tcBorders><w:tcMar><w:top w:w="80" w:type="dxa"/><w:left w:w="80" w:type="dxa"/><w:bottom w:w="80" w:type="dxa"/><w:right w:w="80" w:type="dxa"/></w:tcMar></w:tcPr><w:p w:rsidR="009C4BD8" w:rsidRPr="009C4BD8" w:rsidRDefault="009C4BD8" w:rsidP="009C4BD8"><w:pPr><w:tabs><w:tab w:val="left" w:pos="283"/><w:tab w:val="left" w:pos="567"/><w:tab w:val="left" w:pos="850"/><w:tab w:val="left" w:pos="1134"/><w:tab w:val="left" w:pos="1417"/><w:tab w:val="left" w:pos="1701"/><w:tab w:val="left" w:pos="1984"/><w:tab w:val="left" w:pos="2268"/><w:tab w:val="left" w:pos="2551"/><w:tab w:val="left" w:pos="2835"/><w:tab w:val="left" w:pos="3118"/><w:tab w:val="left" w:pos="3402"/><w:tab w:val="left" w:pos="3685"/><w:tab w:val="left" w:pos="3969"/><w:tab w:val="left" w:pos="4252"/><w:tab w:val="left" w:pos="4535"/><w:tab w:val="left" w:pos="4819"/><w:tab w:val="left" w:pos="5102"/><w:tab w:val="left" w:pos="5386"/><w:tab w:val="left" w:pos="5669"/><w:tab w:val="left" w:pos="5953"/></w:tabs><w:autoSpaceDE w:val="0"/><w:autoSpaceDN w:val="0"/><w:adjustRightInd w:val="0"/><w:spacing w:after="100" w:line="180" w:lineRule="atLeast"/><w:jc w:val="center"/><w:textAlignment w:val="center"/><w:rPr><w:rFonts w:ascii="Spectral" w:hAnsi="Spectral" w:cs="Spectral"/><w:b/><w:bCs/><w:color w:val="000000"/><w:sz w:val="16"/><w:szCs w:val="16"/><w:lang w:eastAsia="ru-RU"/></w:rPr></w:pPr><w:r w:rsidRPr="009C4BD8"><w:rPr><w:rFonts w:ascii="Times New Roman" w:hAnsi="Times New Roman"/><w:b/><w:bCs/><w:color w:val="000000"/><w:sz w:val="16"/><w:szCs w:val="16"/><w:lang w:eastAsia="ru-RU"/></w:rPr><w:t>№</w:t></w:r><w:r w:rsidRPr="009C4BD8"><w:rPr><w:rFonts w:ascii="Spectral" w:hAnsi="Spectral" w:cs="Spectral"/><w:b/><w:bCs/><w:color w:val="000000"/><w:sz w:val="16"/><w:szCs w:val="16"/><w:lang w:eastAsia="ru-RU"/></w:rPr><w:br/><w:t>п/п</w:t></w:r></w:p></w:tc><w:tc><w:tcPr><w:tcW w:w="3004" w:type="dxa"/><w:tcBorders><w:top w:val="single" w:sz="2" w:space="0" w:color="000000"/><w:left w:val="single" w:sz="2" w:space="0" w:color="000000"/><w:bottom w:val="single" w:sz="2" w:space="0" w:color="000000"/><w:right w:val="single" w:sz="2" w:space="0" w:color="000000"/></w:tcBorders><w:tcMar><w:top w:w="80" w:type="dxa"/><w:left w:w="80" w:type="dxa"/><w:bottom w:w="80" w:type="dxa"/><w:right w:w="80" w:type="dxa"/></w:tcMar></w:tcPr><w:p w:rsidR="009C4BD8" w:rsidRPr="009C4BD8" w:rsidRDefault="009C4BD8" w:rsidP="009C4BD8"><w:pPr><w:tabs><w:tab w:val="left" w:pos="283"/><w:tab w:val="left" w:pos="567"/><w:tab w:val="left" w:pos="850"/><w:tab w:val="left" w:pos="1134"/><w:tab w:val="left" w:pos="1417"/><w:tab w:val="left" w:pos="1701"/><w:tab w:val="left" w:pos="1984"/><w:tab w:val="left" w:pos="2268"/><w:tab w:val="left" w:pos="2551"/><w:tab w:val="left" w:pos="2835"/><w:tab w:val="left" w:pos="3118"/><w:tab w:val="left" w:pos="3402"/><w:tab w:val="left" w:pos="3685"/><w:tab w:val="left" w:pos="3969"/><w:tab w:val="left" w:pos="4252"/><w:tab w:val="left" w:pos="4535"/><w:tab w:val="left" w:pos="4819"/><w:tab w:val="left" w:pos="5102"/><w:tab w:val="left" w:pos="5386"/><w:tab w:val="left" w:pos="5669"/><w:tab w:val="left" w:pos="5953"/></w:tabs><w:autoSpaceDE w:val="0"/><w:autoSpaceDN w:val="0"/><w:adjustRightInd w:val="0"/><w:spacing w:after="100" w:line="180" w:lineRule="atLeast"/><w:jc w:val="center"/><w:textAlignment w:val="center"/><w:rPr><w:rFonts w:ascii="Spectral" w:hAnsi="Spectral" w:cs="Spectral"/><w:b/><w:bCs/><w:color w:val="000000"/><w:sz w:val="16"/><w:szCs w:val="16"/><w:lang w:eastAsia="ru-RU"/></w:rPr></w:pPr><w:r w:rsidRPr="009C4BD8"><w:rPr><w:rFonts w:ascii="Spectral" w:hAnsi="Spectral" w:cs="Spectral"/><w:b/><w:bCs/><w:color w:val="000000"/><w:sz w:val="16"/><w:szCs w:val="16"/><w:lang w:eastAsia="ru-RU"/></w:rPr><w:t>Наименование мероприятий</w:t></w:r></w:p></w:tc><w:tc><w:tcPr><w:tcW w:w="1362" w:type="dxa"/><w:tcBorders><w:top w:val="single" w:sz="2" w:space="0" w:color="000000"/><w:left w:val="single" w:sz="2" w:space="0" w:color="000000"/><w:bottom w:val="single" w:sz="2" w:space="0" w:color="000000"/><w:right w:val="single" w:sz="2" w:space="0" w:color="000000"/></w:tcBorders><w:tcMar><w:top w:w="80" w:type="dxa"/><w:left w:w="80" w:type="dxa"/><w:bottom w:w="80" w:type="dxa"/><w:right w:w="80" w:type="dxa"/></w:tcMar></w:tcPr><w:p w:rsidR="009C4BD8" w:rsidRPr="009C4BD8" w:rsidRDefault="009C4BD8" w:rsidP="009C4BD8"><w:pPr><w:tabs><w:tab w:val="left" w:pos="283"/><w:tab w:val="left" w:pos="567"/><w:tab w:val="left" w:pos="850"/><w:tab w:val="left" w:pos="1134"/><w:tab w:val="left" w:pos="1417"/><w:tab w:val="left" w:pos="1701"/><w:tab w:val="left" w:pos="1984"/><w:tab w:val="left" w:pos="2268"/><w:tab w:val="left" w:pos="2551"/><w:tab w:val="left" w:pos="2835"/><w:tab w:val="left" w:pos="3118"/><w:tab w:val="left" w:pos="3402"/><w:tab w:val="left" w:pos="3685"/><w:tab w:val="left" w:pos="3969"/><w:tab w:val="left" w:pos="4252"/><w:tab w:val="left" w:pos="4535"/><w:tab w:val="left" w:pos="4819"/><w:tab w:val="left" w:pos="5102"/><w:tab w:val="left" w:pos="5386"/><w:tab w:val="left" w:pos="5669"/><w:tab w:val="left" w:pos="5953"/></w:tabs><w:autoSpaceDE w:val="0"/><w:autoSpaceDN w:val="0"/><w:adjustRightInd w:val="0"/><w:spacing w:after="100" w:line="180" w:lineRule="atLeast"/><w:jc w:val="center"/><w:textAlignment w:val="center"/><w:rPr><w:rFonts w:ascii="Spectral" w:hAnsi="Spectral" w:cs="Spectral"/><w:b/><w:bCs/><w:color w:val="000000"/><w:sz w:val="16"/><w:szCs w:val="16"/><w:lang w:eastAsia="ru-RU"/></w:rPr></w:pPr><w:r w:rsidRPr="009C4BD8"><w:rPr><w:rFonts w:ascii="Spectral" w:hAnsi="Spectral" w:cs="Spectral"/><w:b/><w:bCs/><w:color w:val="000000"/><w:sz w:val="16"/><w:szCs w:val="16"/><w:lang w:eastAsia="ru-RU"/></w:rPr><w:t xml:space="preserve">Срок </w:t></w:r><w:r w:rsidRPr="009C4BD8"><w:rPr><w:rFonts w:ascii="Spectral" w:hAnsi="Spectral" w:cs="Spectral"/><w:b/><w:bCs/><w:color w:val="000000"/><w:sz w:val="16"/><w:szCs w:val="16"/><w:lang w:eastAsia="ru-RU"/></w:rPr><w:br/><w:t>выполнения</w:t></w:r></w:p></w:tc><w:tc><w:tcPr><w:tcW w:w="1246" w:type="dxa"/><w:tcBorders><w:top w:val="single" w:sz="2" w:space="0" w:color="000000"/><w:left w:val="single" w:sz="2" w:space="0" w:color="000000"/><w:bottom w:val="single" w:sz="2" w:space="0" w:color="000000"/><w:right w:val="single" w:sz="2" w:space="0" w:color="000000"/></w:tcBorders><w:tcMar><w:top w:w="80" w:type="dxa"/><w:left w:w="80" w:type="dxa"/><w:bottom w:w="80" w:type="dxa"/><w:right w:w="80" w:type="dxa"/></w:tcMar></w:tcPr><w:p w:rsidR="009C4BD8" w:rsidRPr="009C4BD8" w:rsidRDefault="009C4BD8" w:rsidP="009C4BD8"><w:pPr><w:tabs><w:tab w:val="left" w:pos="283"/><w:tab w:val="left" w:pos="567"/><w:tab w:val="left" w:pos="850"/><w:tab w:val="left" w:pos="1134"/><w:tab w:val="left" w:pos="1417"/><w:tab w:val="left" w:pos="1701"/><w:tab w:val="left" w:pos="1984"/><w:tab w:val="left" w:pos="2268"/><w:tab w:val="left" w:pos="2551"/><w:tab w:val="left" w:pos="2835"/><w:tab w:val="left" w:pos="3118"/><w:tab w:val="left" w:pos="3402"/><w:tab w:val="left" w:pos="3685"/><w:tab w:val="left" w:pos="3969"/><w:tab w:val="left" w:pos="4252"/><w:tab w:val="left" w:pos="4535"/><w:tab w:val="left" w:pos="4819"/><w:tab w:val="left" w:pos="5102"/><w:tab w:val="left" w:pos="5386"/><w:tab w:val="left" w:pos="5669"/><w:tab w:val="left" w:pos="5953"/></w:tabs><w:autoSpaceDE w:val="0"/><w:autoSpaceDN w:val="0"/><w:adjustRightInd w:val="0"/><w:spacing w:after="100" w:line="180" w:lineRule="atLeast"/><w:jc w:val="center"/><w:textAlignment w:val="center"/><w:rPr><w:rFonts w:ascii="Spectral" w:hAnsi="Spectral" w:cs="Spectral"/><w:b/><w:bCs/><w:color w:val="000000"/><w:sz w:val="16"/><w:szCs w:val="16"/><w:lang w:eastAsia="ru-RU"/></w:rPr></w:pPr><w:r w:rsidRPr="009C4BD8"><w:rPr><w:rFonts w:ascii="Spectral" w:hAnsi="Spectral" w:cs="Spectral"/><w:b/><w:bCs/><w:color w:val="000000"/><w:sz w:val="16"/><w:szCs w:val="16"/><w:lang w:eastAsia="ru-RU"/></w:rPr><w:t>Ответст­венный</w:t></w:r></w:p></w:tc><w:tc><w:tcPr><w:tcW w:w="851" w:type="dxa"/><w:tcBorders><w:top w:val="single" w:sz="2" w:space="0" w:color="000000"/><w:left w:val="single" w:sz="2" w:space="0" w:color="000000"/><w:bottom w:val="single" w:sz="2" w:space="0" w:color="000000"/><w:right w:val="single" w:sz="2" w:space="0" w:color="000000"/></w:tcBorders><w:tcMar><w:top w:w="80" w:type="dxa"/><w:left w:w="80" w:type="dxa"/><w:bottom w:w="80" w:type="dxa"/><w:right w:w="80" w:type="dxa"/></w:tcMar></w:tcPr><w:p w:rsidR="009C4BD8" w:rsidRPr="009C4BD8" w:rsidRDefault="009C4BD8" w:rsidP="009C4BD8"><w:pPr><w:tabs><w:tab w:val="left" w:pos="283"/><w:tab w:val="left" w:pos="567"/><w:tab w:val="left" w:pos="850"/><w:tab w:val="left" w:pos="1134"/><w:tab w:val="left" w:pos="1417"/><w:tab w:val="left" w:pos="1701"/><w:tab w:val="left" w:pos="1984"/><w:tab w:val="left" w:pos="2268"/><w:tab w:val="left" w:pos="2551"/><w:tab w:val="left" w:pos="2835"/><w:tab w:val="left" w:pos="3118"/><w:tab w:val="left" w:pos="3402"/><w:tab w:val="left" w:pos="3685"/><w:tab w:val="left" w:pos="3969"/><w:tab w:val="left" w:pos="4252"/><w:tab w:val="left" w:pos="4535"/><w:tab w:val="left" w:pos="4819"/><w:tab w:val="left" w:pos="5102"/><w:tab w:val="left" w:pos="5386"/><w:tab w:val="left" w:pos="5669"/><w:tab w:val="left" w:pos="5953"/></w:tabs><w:autoSpaceDE w:val="0"/><w:autoSpaceDN w:val="0"/><w:adjustRightInd w:val="0"/><w:spacing w:after="100" w:line="180" w:lineRule="atLeast"/><w:jc w:val="center"/><w:textAlignment w:val="center"/><w:rPr><w:rFonts w:ascii="Spectral" w:hAnsi="Spectral" w:cs="Spectral"/><w:b/><w:bCs/><w:color w:val="000000"/><w:sz w:val="16"/><w:szCs w:val="16"/><w:lang w:eastAsia="ru-RU"/></w:rPr></w:pPr><w:r w:rsidRPr="009C4BD8"><w:rPr><w:rFonts w:ascii="Spectral" w:hAnsi="Spectral" w:cs="Spectral"/><w:b/><w:bCs/><w:color w:val="000000"/><w:sz w:val="16"/><w:szCs w:val="16"/><w:lang w:eastAsia="ru-RU"/></w:rPr><w:t>Отметка о выполнении</w:t></w:r></w:p></w:tc></w:tr><w:tr w:rsidR="009C4BD8" w:rsidRPr="009C4BD8" w:rsidTr="001265FF"><w:tblPrEx><w:tblCellMar><w:top w:w="0" w:type="dxa"/><w:left w:w="0" w:type="dxa"/><w:bottom w:w="0" w:type="dxa"/><w:right w:w="0" w:type="dxa"/></w:tblCellMar></w:tblPrEx><w:trPr><w:trHeight w:val="60"/></w:trPr><w:tc><w:tcPr><w:tcW w:w="454" w:type="dxa"/><w:tcBorders><w:top w:val="single" w:sz="2" w:space="0" w:color="000000"/><w:left w:val="single" w:sz="2" w:space="0" w:color="000000"/><w:bottom w:val="single" w:sz="2" w:space="0" w:color="000000"/><w:right w:val="single" w:sz="2" w:space="0" w:color="000000"/></w:tcBorders><w:tcMar><w:top w:w="80" w:type="dxa"/><w:left w:w="80" w:type="dxa"/><w:bottom w:w="80" w:type="dxa"/><w:right w:w="80" w:type="dxa"/></w:tcMar></w:tcPr><w:p w:rsidR="009C4BD8" w:rsidRPr="009C4BD8" w:rsidRDefault="009C4BD8" w:rsidP="009C4BD8"><w:pPr><w:tabs><w:tab w:val="left" w:pos="283"/><w:tab w:val="left" w:pos="567"/><w:tab w:val="left" w:pos="850"/><w:tab w:val="left" w:pos="1134"/><w:tab w:val="left" w:pos="1417"/><w:tab w:val="left" w:pos="1701"/><w:tab w:val="left" w:pos="1984"/><w:tab w:val="left" w:pos="2268"/><w:tab w:val="left" w:pos="2551"/><w:tab w:val="left" w:pos="2835"/><w:tab w:val="left" w:pos="3118"/><w:tab w:val="left" w:pos="3402"/><w:tab w:val="left" w:pos="3685"/><w:tab w:val="left" w:pos="3969"/><w:tab w:val="left" w:pos="4252"/><w:tab w:val="left" w:pos="4535"/><w:tab w:val="left" w:pos="4819"/><w:tab w:val="left" w:pos="5102"/><w:tab w:val="left" w:pos="5386"/><w:tab w:val="left" w:pos="5669"/><w:tab w:val="left" w:pos="5953"/></w:tabs><w:autoSpaceDE w:val="0"/><w:autoSpaceDN w:val="0"/><w:adjustRightInd w:val="0"/><w:spacing w:after="100" w:line="180" w:lineRule="atLeast"/><w:textAlignment w:val="center"/><w:rPr><w:rFonts w:ascii="Spectral-Regular" w:hAnsi="Spectral-Regular" w:cs="Spectral-Regular"/><w:color w:val="000000"/><w:sz w:val="16"/><w:szCs w:val="16"/><w:lang w:eastAsia="ru-RU"/></w:rPr></w:pPr><w:r w:rsidRPr="009C4BD8"><w:rPr><w:rFonts w:ascii="Spectral-Regular" w:hAnsi="Spectral-Regular" w:cs="Spectral-Regular"/><w:color w:val="000000"/><w:sz w:val="16"/><w:szCs w:val="16"/><w:lang w:eastAsia="ru-RU"/></w:rPr><w:t>1</w:t></w:r></w:p></w:tc><w:tc><w:tcPr><w:tcW w:w="3004" w:type="dxa"/><w:tcBorders><w:top w:val="single" w:sz="2" w:space="0" w:color="000000"/><w:left w:val="single" w:sz="2" w:space="0" w:color="000000"/><w:bottom w:val="single" w:sz="2" w:space="0" w:color="000000"/><w:right w:val="single" w:sz="2" w:space="0" w:color="000000"/></w:tcBorders><w:tcMar><w:top w:w="80" w:type="dxa"/><w:left w:w="80" w:type="dxa"/><w:bottom w:w="80" w:type="dxa"/><w:right w:w="80" w:type="dxa"/></w:tcMar></w:tcPr><w:p w:rsidR="009C4BD8" w:rsidRPr="009C4BD8" w:rsidRDefault="009C4BD8" w:rsidP="009C4BD8"><w:pPr><w:tabs><w:tab w:val="left" w:pos="283"/><w:tab w:val="left" w:pos="567"/><w:tab w:val="left" w:pos="850"/><w:tab w:val="left" w:pos="1134"/><w:tab w:val="left" w:pos="1417"/><w:tab w:val="left" w:pos="1701"/><w:tab w:val="left" w:pos="1984"/><w:tab w:val="left" w:pos="2268"/><w:tab w:val="left" w:pos="2551"/><w:tab w:val="left" w:pos="2835"/><w:tab w:val="left" w:pos="3118"/><w:tab w:val="left" w:pos="3402"/><w:tab w:val="left" w:pos="3685"/><w:tab w:val="left" w:pos="3969"/><w:tab w:val="left" w:pos="4252"/><w:tab w:val="left" w:pos="4535"/><w:tab w:val="left" w:pos="4819"/><w:tab w:val="left" w:pos="5102"/><w:tab w:val="left" w:pos="5386"/><w:tab w:val="left" w:pos="5669"/><w:tab w:val="left" w:pos="5953"/></w:tabs><w:autoSpaceDE w:val="0"/><w:autoSpaceDN w:val="0"/><w:adjustRightInd w:val="0"/><w:spacing w:after="100" w:line="180" w:lineRule="atLeast"/><w:textAlignment w:val="center"/><w:rPr><w:rFonts w:ascii="Spectral-Regular" w:hAnsi="Spectral-Regular" w:cs="Spectral-Regular"/><w:color w:val="000000"/><w:sz w:val="16"/><w:szCs w:val="16"/><w:lang w:eastAsia="ru-RU"/></w:rPr></w:pPr><w:r w:rsidRPr="009C4BD8"><w:rPr><w:rFonts w:ascii="Spectral-Regular" w:hAnsi="Spectral-Regular" w:cs="Spectral-Regular"/><w:color w:val="000000"/><w:sz w:val="16"/><w:szCs w:val="16"/><w:lang w:eastAsia="ru-RU"/></w:rPr><w:t>Постановка на воинский учет граждан, принятых на работу. Проверка у граждан наличия отметок в паспортах об их отношении к воинской обязанности, наличия и подлинности документов воинского учета и отметок военного комиссариата о постановке на воинский учет, заполнение на них личных карточек</w:t></w:r></w:p></w:tc><w:tc><w:tcPr><w:tcW w:w="1362" w:type="dxa"/><w:tcBorders><w:top w:val="single" w:sz="2" w:space="0" w:color="000000"/><w:left w:val="single" w:sz="2" w:space="0" w:color="000000"/><w:bottom w:val="single" w:sz="2" w:space="0" w:color="000000"/><w:right w:val="single" w:sz="2" w:space="0" w:color="000000"/></w:tcBorders><w:tcMar><w:top w:w="80" w:type="dxa"/><w:left w:w="80" w:type="dxa"/><w:bottom w:w="80" w:type="dxa"/><w:right w:w="80" w:type="dxa"/></w:tcMar></w:tcPr><w:p w:rsidR="009C4BD8" w:rsidRPr="009C4BD8" w:rsidRDefault="009C4BD8" w:rsidP="009C4BD8"><w:pPr><w:tabs><w:tab w:val="left" w:pos="283"/><w:tab w:val="left" w:pos="567"/><w:tab w:val="left" w:pos="850"/><w:tab w:val="left" w:pos="1134"/><w:tab w:val="left" w:pos="1417"/><w:tab w:val="left" w:pos="1701"/><w:tab w:val="left" w:pos="1984"/><w:tab w:val="left" w:pos="2268"/><w:tab w:val="left" w:pos="2551"/><w:tab w:val="left" w:pos="2835"/><w:tab w:val="left" w:pos="3118"/><w:tab w:val="left" w:pos="3402"/><w:tab w:val="left" w:pos="3685"/><w:tab w:val="left" w:pos="3969"/><w:tab w:val="left" w:pos="4252"/><w:tab w:val="left" w:pos="4535"/><w:tab w:val="left" w:pos="4819"/><w:tab w:val="left" w:pos="5102"/><w:tab w:val="left" w:pos="5386"/><w:tab w:val="left" w:pos="5669"/><w:tab w:val="left" w:pos="5953"/></w:tabs><w:autoSpaceDE w:val="0"/><w:autoSpaceDN w:val="0"/><w:adjustRightInd w:val="0"/><w:spacing w:after="100" w:line="180" w:lineRule="atLeast"/><w:textAlignment w:val="center"/><w:rPr><w:rFonts w:ascii="Spectral-Regular" w:hAnsi="Spectral-Regular" w:cs="Spectral-Regular"/><w:color w:val="000000"/><w:sz w:val="16"/><w:szCs w:val="16"/><w:lang w:eastAsia="ru-RU"/></w:rPr></w:pPr><w:r w:rsidRPr="009C4BD8"><w:rPr><w:rFonts w:ascii="Spectral-Regular" w:hAnsi="Spectral-Regular" w:cs="Spectral-Regular"/><w:color w:val="000000"/><w:sz w:val="16"/><w:szCs w:val="16"/><w:lang w:eastAsia="ru-RU"/></w:rPr><w:t>В дни приема на работу</w:t></w:r></w:p></w:tc><w:tc><w:tcPr><w:tcW w:w="1246" w:type="dxa"/><w:tcBorders><w:top w:val="single" w:sz="2" w:space="0" w:color="000000"/><w:left w:val="single" w:sz="2" w:space="0" w:color="000000"/><w:bottom w:val="single" w:sz="2" w:space="0" w:color="000000"/><w:right w:val="single" w:sz="2" w:space="0" w:color="000000"/></w:tcBorders><w:tcMar><w:top w:w="80" w:type="dxa"/><w:left w:w="80" w:type="dxa"/><w:bottom w:w="80" w:type="dxa"/><w:right w:w="80" w:type="dxa"/></w:tcMar></w:tcPr><w:p w:rsidR="009C4BD8" w:rsidRPr="009C4BD8" w:rsidRDefault="001265FF" w:rsidP="009C4BD8"><w:pPr><w:tabs><w:tab w:val="left" w:pos="283"/><w:tab w:val="left" w:pos="567"/><w:tab w:val="left" w:pos="850"/><w:tab w:val="left" w:pos="1134"/><w:tab w:val="left" w:pos="1417"/><w:tab w:val="left" w:pos="1701"/><w:tab w:val="left" w:pos="1984"/><w:tab w:val="left" w:pos="2268"/><w:tab w:val="left" w:pos="2551"/><w:tab w:val="left" w:pos="2835"/><w:tab w:val="left" w:pos="3118"/><w:tab w:val="left" w:pos="3402"/><w:tab w:val="left" w:pos="3685"/><w:tab w:val="left" w:pos="3969"/><w:tab w:val="left" w:pos="4252"/><w:tab w:val="left" w:pos="4535"/><w:tab w:val="left" w:pos="4819"/><w:tab w:val="left" w:pos="5102"/><w:tab w:val="left" w:pos="5386"/><w:tab w:val="left" w:pos="5669"/><w:tab w:val="left" w:pos="5953"/></w:tabs><w:autoSpaceDE w:val="0"/><w:autoSpaceDN w:val="0"/><w:adjustRightInd w:val="0"/><w:spacing w:after="100" w:line="180" w:lineRule="atLeast"/><w:textAlignment w:val="center"/><w:rPr><w:rFonts w:ascii="Spectral-Regular" w:hAnsi="Spectral-Regular" w:cs="Spectral-Regular"/><w:color w:val="000000"/><w:sz w:val="16"/><w:szCs w:val="16"/><w:lang w:eastAsia="ru-RU"/></w:rPr></w:pPr><w:r w:rsidRPr="001265FF"><w:rPr><w:rFonts w:ascii="Spectral-Regular" w:hAnsi="Spectral-Regular" w:cs="Spectral-Regular"/><w:color w:val="000000"/><w:sz w:val="16"/><w:szCs w:val="16"/><w:lang w:eastAsia="ru-RU"/></w:rPr><w:t>Иванова Т.А.</w:t></w:r></w:p></w:tc><w:tc><w:tcPr><w:tcW w:w="851" w:type="dxa"/><w:tcBorders><w:top w:val="single" w:sz="2" w:space="0" w:color="000000"/><w:left w:val="single" w:sz="2" w:space="0" w:color="000000"/><w:bottom w:val="single" w:sz="2" w:space="0" w:color="000000"/><w:right w:val="single" w:sz="2" w:space="0" w:color="000000"/></w:tcBorders><w:tcMar><w:top w:w="80" w:type="dxa"/><w:left w:w="80" w:type="dxa"/><w:bottom w:w="80" w:type="dxa"/><w:right w:w="80" w:type="dxa"/></w:tcMar></w:tcPr><w:p w:rsidR="009C4BD8" w:rsidRPr="009C4BD8" w:rsidRDefault="009C4BD8" w:rsidP="009C4BD8"><w:pPr><w:autoSpaceDE w:val="0"/><w:autoSpaceDN w:val="0"/><w:adjustRightInd w:val="0"/><w:spacing w:after="0" w:line="240" w:lineRule="auto"/><w:rPr><w:rFonts w:ascii="Spectral-Regular" w:hAnsi="Spectral-Regular"/><w:sz w:val="24"/><w:szCs w:val="24"/><w:lang w:eastAsia="ru-RU"/></w:rPr></w:pPr></w:p></w:tc></w:tr><w:tr w:rsidR="001265FF" w:rsidRPr="009C4BD8" w:rsidTr="001265FF"><w:tblPrEx><w:tblCellMar><w:top w:w="0" w:type="dxa"/><w:left w:w="0" w:type="dxa"/><w:bottom w:w="0" w:type="dxa"/><w:right w:w="0" w:type="dxa"/></w:tblCellMar></w:tblPrEx><w:trPr><w:trHeight w:val="60"/></w:trPr><w:tc><w:tcPr><w:tcW w:w="454" w:type="dxa"/><w:tcBorders><w:top w:val="single" w:sz="2" w:space="0" w:color="000000"/><w:left w:val="single" w:sz="2" w:space="0" w:color="000000"/><w:bottom w:val="single" w:sz="2" w:space="0" w:color="000000"/><w:right w:val="single" w:sz="2" w:space="0" w:color="000000"/></w:tcBorders><w:tcMar><w:top w:w="80" w:type="dxa"/><w:left w:w="80" w:type="dxa"/><w:bottom w:w="80" w:type="dxa"/><w:right w:w="80" w:type="dxa"/></w:tcMar></w:tcPr><w:p w:rsidR="001265FF" w:rsidRPr="009C4BD8" w:rsidRDefault="001265FF" w:rsidP="001265FF"><w:pPr><w:tabs><w:tab w:val="left" w:pos="283"/><w:tab w:val="left" w:pos="567"/><w:tab w:val="left" w:pos="850"/><w:tab w:val="left" w:pos="1134"/><w:tab w:val="left" w:pos="1417"/><w:tab w:val="left" w:pos="1701"/><w:tab w:val="left" w:pos="1984"/><w:tab w:val="left" w:pos="2268"/><w:tab w:val="left" w:pos="2551"/><w:tab w:val="left" w:pos="2835"/><w:tab w:val="left" w:pos="3118"/><w:tab w:val="left" w:pos="3402"/><w:tab w:val="left" w:pos="3685"/><w:tab w:val="left" w:pos="3969"/><w:tab w:val="left" w:pos="4252"/><w:tab w:val="left" w:pos="4535"/><w:tab w:val="left" w:pos="4819"/><w:tab w:val="left" w:pos="5102"/><w:tab w:val="left" w:pos="5386"/><w:tab w:val="left" w:pos="5669"/><w:tab w:val="left" w:pos="5953"/></w:tabs><w:autoSpaceDE w:val="0"/><w:autoSpaceDN w:val="0"/><w:adjustRightInd w:val="0"/><w:spacing w:after="100" w:line="180" w:lineRule="atLeast"/><w:textAlignment w:val="center"/><w:rPr><w:rFonts w:ascii="Spectral-Regular" w:hAnsi="Spectral-Regular" w:cs="Spectral-Regular"/><w:color w:val="000000"/><w:sz w:val="16"/><w:szCs w:val="16"/><w:lang w:eastAsia="ru-RU"/></w:rPr></w:pPr><w:r w:rsidRPr="009C4BD8"><w:rPr><w:rFonts w:ascii="Spectral-Regular" w:hAnsi="Spectral-Regular" w:cs="Spectral-Regular"/><w:color w:val="000000"/><w:sz w:val="16"/><w:szCs w:val="16"/><w:lang w:eastAsia="ru-RU"/></w:rPr><w:t>2</w:t></w:r></w:p></w:tc><w:tc><w:tcPr><w:tcW w:w="3004" w:type="dxa"/><w:tcBorders><w:top w:val="single" w:sz="2" w:space="0" w:color="000000"/><w:left w:val="single" w:sz="2" w:space="0" w:color="000000"/><w:bottom w:val="single" w:sz="2" w:space="0" w:color="000000"/><w:right w:val="single" w:sz="2" w:space="0" w:color="000000"/></w:tcBorders><w:tcMar><w:top w:w="80" w:type="dxa"/><w:left w:w="80" w:type="dxa"/><w:bottom w:w="80" w:type="dxa"/><w:right w:w="80" w:type="dxa"/></w:tcMar></w:tcPr><w:p w:rsidR="001265FF" w:rsidRPr="009C4BD8" w:rsidRDefault="001265FF" w:rsidP="001265FF"><w:pPr><w:tabs><w:tab w:val="left" w:pos="283"/><w:tab w:val="left" w:pos="567"/><w:tab w:val="left" w:pos="850"/><w:tab w:val="left" w:pos="1134"/><w:tab w:val="left" w:pos="1417"/><w:tab w:val="left" w:pos="1701"/><w:tab w:val="left" w:pos="1984"/><w:tab w:val="left" w:pos="2268"/><w:tab w:val="left" w:pos="2551"/><w:tab w:val="left" w:pos="2835"/><w:tab w:val="left" w:pos="3118"/><w:tab w:val="left" w:pos="3402"/><w:tab w:val="left" w:pos="3685"/><w:tab w:val="left" w:pos="3969"/><w:tab w:val="left" w:pos="4252"/><w:tab w:val="left" w:pos="4535"/><w:tab w:val="left" w:pos="4819"/><w:tab w:val="left" w:pos="5102"/><w:tab w:val="left" w:pos="5386"/><w:tab w:val="left" w:pos="5669"/><w:tab w:val="left" w:pos="5953"/></w:tabs><w:autoSpaceDE w:val="0"/><w:autoSpaceDN w:val="0"/><w:adjustRightInd w:val="0"/><w:spacing w:after="100" w:line="180" w:lineRule="atLeast"/><w:textAlignment w:val="center"/><w:rPr><w:rFonts w:ascii="Spectral-Regular" w:hAnsi="Spectral-Regular" w:cs="Spectral-Regular"/><w:color w:val="000000"/><w:sz w:val="16"/><w:szCs w:val="16"/><w:lang w:eastAsia="ru-RU"/></w:rPr></w:pPr><w:r w:rsidRPr="009C4BD8"><w:rPr><w:rFonts w:ascii="Spectral-Regular" w:hAnsi="Spectral-Regular" w:cs="Spectral-Regular"/><w:color w:val="000000"/><w:sz w:val="16"/><w:szCs w:val="16"/><w:lang w:eastAsia="ru-RU"/></w:rPr><w:t>Снятие с учета граждан, пребывающих в запасе, и граждан, подлежащих призыву на военную службу</w:t></w:r></w:p></w:tc><w:tc><w:tcPr><w:tcW w:w="1362" w:type="dxa"/><w:tcBorders><w:top w:val="single" w:sz="2" w:space="0" w:color="000000"/><w:left w:val="single" w:sz="2" w:space="0" w:color="000000"/><w:bottom w:val="single" w:sz="2" w:space="0" w:color="000000"/><w:right w:val="single" w:sz="2" w:space="0" w:color="000000"/></w:tcBorders><w:tcMar><w:top w:w="80" w:type="dxa"/><w:left w:w="80" w:type="dxa"/><w:bottom w:w="80" w:type="dxa"/><w:right w:w="80" w:type="dxa"/></w:tcMar></w:tcPr><w:p w:rsidR="001265FF" w:rsidRPr="009C4BD8" w:rsidRDefault="001265FF" w:rsidP="001265FF"><w:pPr><w:tabs><w:tab w:val="left" w:pos="283"/><w:tab w:val="left" w:pos="567"/><w:tab w:val="left" w:pos="850"/><w:tab w:val="left" w:pos="1134"/><w:tab w:val="left" w:pos="1417"/><w:tab w:val="left" w:pos="1701"/><w:tab w:val="left" w:pos="1984"/><w:tab w:val="left" w:pos="2268"/><w:tab w:val="left" w:pos="2551"/><w:tab w:val="left" w:pos="2835"/><w:tab w:val="left" w:pos="3118"/><w:tab w:val="left" w:pos="3402"/><w:tab w:val="left" w:pos="3685"/><w:tab w:val="left" w:pos="3969"/><w:tab w:val="left" w:pos="4252"/><w:tab w:val="left" w:pos="4535"/><w:tab w:val="left" w:pos="4819"/><w:tab w:val="left" w:pos="5102"/><w:tab w:val="left" w:pos="5386"/><w:tab w:val="left" w:pos="5669"/><w:tab w:val="left" w:pos="5953"/></w:tabs><w:autoSpaceDE w:val="0"/><w:autoSpaceDN w:val="0"/><w:adjustRightInd w:val="0"/><w:spacing w:after="100" w:line="180" w:lineRule="atLeast"/><w:textAlignment w:val="center"/><w:rPr><w:rFonts w:ascii="Spectral-Regular" w:hAnsi="Spectral-Regular" w:cs="Spectral-Regular"/><w:color w:val="000000"/><w:sz w:val="16"/><w:szCs w:val="16"/><w:lang w:eastAsia="ru-RU"/></w:rPr></w:pPr><w:r w:rsidRPr="009C4BD8"><w:rPr><w:rFonts w:ascii="Spectral-Regular" w:hAnsi="Spectral-Regular" w:cs="Spectral-Regular"/><w:color w:val="000000"/><w:sz w:val="16"/><w:szCs w:val="16"/><w:lang w:eastAsia="ru-RU"/></w:rPr><w:t>В дни увольнения</w:t></w:r></w:p></w:tc><w:tc><w:tcPr><w:tcW w:w="1246" w:type="dxa"/><w:tcBorders><w:top w:val="single" w:sz="2" w:space="0" w:color="000000"/><w:left w:val="single" w:sz="2" w:space="0" w:color="000000"/><w:bottom w:val="single" w:sz="2" w:space="0" w:color="000000"/><w:right w:val="single" w:sz="2" w:space="0" w:color="000000"/></w:tcBorders><w:tcMar><w:top w:w="80" w:type="dxa"/><w:left w:w="80" w:type="dxa"/><w:bottom w:w="80" w:type="dxa"/><w:right w:w="80" w:type="dxa"/></w:tcMar></w:tcPr><w:p w:rsidR="001265FF" w:rsidRPr="009C4BD8" w:rsidRDefault="001265FF" w:rsidP="001265FF"><w:pPr><w:tabs><w:tab w:val="left" w:pos="283"/><w:tab w:val="left" w:pos="567"/><w:tab w:val="left" w:pos="850"/><w:tab w:val="left" w:pos="1134"/><w:tab w:val="left" w:pos="1417"/><w:tab w:val="left" w:pos="1701"/><w:tab w:val="left" w:pos="1984"/><w:tab w:val="left" w:pos="2268"/><w:tab w:val="left" w:pos="2551"/><w:tab w:val="left" w:pos="2835"/><w:tab w:val="left" w:pos="3118"/><w:tab w:val="left" w:pos="3402"/><w:tab w:val="left" w:pos="3685"/><w:tab w:val="left" w:pos="3969"/><w:tab w:val="left" w:pos="4252"/><w:tab w:val="left" w:pos="4535"/><w:tab w:val="left" w:pos="4819"/><w:tab w:val="left" w:pos="5102"/><w:tab w:val="left" w:pos="5386"/><w:tab w:val="left" w:pos="5669"/><w:tab w:val="left" w:pos="5953"/></w:tabs><w:autoSpaceDE w:val="0"/><w:autoSpaceDN w:val="0"/><w:adjustRightInd w:val="0"/><w:spacing w:after="100" w:line="180" w:lineRule="atLeast"/><w:textAlignment w:val="center"/><w:rPr><w:rFonts w:ascii="Spectral-Regular" w:hAnsi="Spectral-Regular" w:cs="Spectral-Regular"/><w:color w:val="000000"/><w:sz w:val="16"/><w:szCs w:val="16"/><w:lang w:eastAsia="ru-RU"/></w:rPr></w:pPr><w:r w:rsidRPr="00EB59BB"><w:rPr><w:rFonts w:ascii="Spectral-Regular" w:hAnsi="Spectral-Regular" w:cs="Spectral-Regular"/><w:color w:val="000000"/><w:sz w:val="16"/><w:szCs w:val="16"/><w:lang w:eastAsia="ru-RU"/></w:rPr><w:t>Иванова Т.А.</w:t></w:r></w:p></w:tc><w:tc><w:tcPr><w:tcW w:w="851" w:type="dxa"/><w:tcBorders><w:top w:val="single" w:sz="2" w:space="0" w:color="000000"/><w:left w:val="single" w:sz="2" w:space="0" w:color="000000"/><w:bottom w:val="single" w:sz="2" w:space="0" w:color="000000"/><w:right w:val="single" w:sz="2" w:space="0" w:color="000000"/></w:tcBorders><w:tcMar><w:top w:w="80" w:type="dxa"/><w:left w:w="80" w:type="dxa"/><w:bottom w:w="80" w:type="dxa"/><w:right w:w="80" w:type="dxa"/></w:tcMar></w:tcPr><w:p w:rsidR="001265FF" w:rsidRPr="009C4BD8" w:rsidRDefault="001265FF" w:rsidP="001265FF"><w:pPr><w:autoSpaceDE w:val="0"/><w:autoSpaceDN w:val="0"/><w:adjustRightInd w:val="0"/><w:spacing w:after="0" w:line="240" w:lineRule="auto"/><w:rPr><w:rFonts w:ascii="Spectral-Regular" w:hAnsi="Spectral-Regular"/><w:sz w:val="24"/><w:szCs w:val="24"/><w:lang w:eastAsia="ru-RU"/></w:rPr></w:pPr></w:p></w:tc></w:tr><w:tr w:rsidR="001265FF" w:rsidRPr="009C4BD8" w:rsidTr="001265FF"><w:tblPrEx><w:tblCellMar><w:top w:w="0" w:type="dxa"/><w:left w:w="0" w:type="dxa"/><w:bottom w:w="0" w:type="dxa"/><w:right w:w="0" w:type="dxa"/></w:tblCellMar></w:tblPrEx><w:trPr><w:trHeight w:val="60"/></w:trPr><w:tc><w:tcPr><w:tcW w:w="454" w:type="dxa"/><w:tcBorders><w:top w:val="single" w:sz="2" w:space="0" w:color="000000"/><w:left w:val="single" w:sz="2" w:space="0" w:color="000000"/><w:bottom w:val="single" w:sz="2" w:space="0" w:color="000000"/><w:right w:val="single" w:sz="2" w:space="0" w:color="000000"/></w:tcBorders><w:tcMar><w:top w:w="80" w:type="dxa"/><w:left w:w="80" w:type="dxa"/><w:bottom w:w="80" w:type="dxa"/><w:right w:w="80" w:type="dxa"/></w:tcMar></w:tcPr><w:p w:rsidR="001265FF" w:rsidRPr="009C4BD8" w:rsidRDefault="001265FF" w:rsidP="001265FF"><w:pPr><w:tabs><w:tab w:val="left" w:pos="283"/><w:tab w:val="left" w:pos="567"/><w:tab w:val="left" w:pos="850"/><w:tab w:val="left" w:pos="1134"/><w:tab w:val="left" w:pos="1417"/><w:tab w:val="left" w:pos="1701"/><w:tab w:val="left" w:pos="1984"/><w:tab w:val="left" w:pos="2268"/><w:tab w:val="left" w:pos="2551"/><w:tab w:val="left" w:pos="2835"/><w:tab w:val="left" w:pos="3118"/><w:tab w:val="left" w:pos="3402"/><w:tab w:val="left" w:pos="3685"/><w:tab w:val="left" w:pos="3969"/><w:tab w:val="left" w:pos="4252"/><w:tab w:val="left" w:pos="4535"/><w:tab w:val="left" w:pos="4819"/><w:tab w:val="left" w:pos="5102"/><w:tab w:val="left" w:pos="5386"/><w:tab w:val="left" w:pos="5669"/><w:tab w:val="left" w:pos="5953"/></w:tabs><w:autoSpaceDE w:val="0"/><w:autoSpaceDN w:val="0"/><w:adjustRightInd w:val="0"/><w:spacing w:after="100" w:line="180" w:lineRule="atLeast"/><w:textAlignment w:val="center"/><w:rPr><w:rFonts w:ascii="Spectral-Regular" w:hAnsi="Spectral-Regular" w:cs="Spectral-Regular"/><w:color w:val="000000"/><w:sz w:val="16"/><w:szCs w:val="16"/><w:lang w:eastAsia="ru-RU"/></w:rPr></w:pPr><w:r w:rsidRPr="009C4BD8"><w:rPr><w:rFonts w:ascii="Spectral-Regular" w:hAnsi="Spectral-Regular" w:cs="Spectral-Regular"/><w:color w:val="000000"/><w:sz w:val="16"/><w:szCs w:val="16"/><w:lang w:eastAsia="ru-RU"/></w:rPr><w:t>3</w:t></w:r></w:p></w:tc><w:tc><w:tcPr><w:tcW w:w="3004" w:type="dxa"/><w:tcBorders><w:top w:val="single" w:sz="2" w:space="0" w:color="000000"/><w:left w:val="single" w:sz="2" w:space="0" w:color="000000"/><w:bottom w:val="single" w:sz="2" w:space="0" w:color="000000"/><w:right w:val="single" w:sz="2" w:space="0" w:color="000000"/></w:tcBorders><w:tcMar><w:top w:w="80" w:type="dxa"/><w:left w:w="80" w:type="dxa"/><w:bottom w:w="80" w:type="dxa"/><w:right w:w="80" w:type="dxa"/></w:tcMar></w:tcPr><w:p w:rsidR="001265FF" w:rsidRPr="009C4BD8" w:rsidRDefault="001265FF" w:rsidP="001265FF"><w:pPr><w:tabs><w:tab w:val="left" w:pos="283"/><w:tab w:val="left" w:pos="567"/><w:tab w:val="left" w:pos="850"/><w:tab w:val="left" w:pos="1134"/><w:tab w:val="left" w:pos="1417"/><w:tab w:val="left" w:pos="1701"/><w:tab w:val="left" w:pos="1984"/><w:tab w:val="left" w:pos="2268"/><w:tab w:val="left" w:pos="2551"/><w:tab w:val="left" w:pos="2835"/><w:tab w:val="left" w:pos="3118"/><w:tab w:val="left" w:pos="3402"/><w:tab w:val="left" w:pos="3685"/><w:tab w:val="left" w:pos="3969"/><w:tab w:val="left" w:pos="4252"/><w:tab w:val="left" w:pos="4535"/><w:tab w:val="left" w:pos="4819"/><w:tab w:val="left" w:pos="5102"/><w:tab w:val="left" w:pos="5386"/><w:tab w:val="left" w:pos="5669"/><w:tab w:val="left" w:pos="5953"/></w:tabs><w:autoSpaceDE w:val="0"/><w:autoSpaceDN w:val="0"/><w:adjustRightInd w:val="0"/><w:spacing w:after="100" w:line="180" w:lineRule="atLeast"/><w:textAlignment w:val="center"/><w:rPr><w:rFonts w:ascii="Spectral-Regular" w:hAnsi="Spectral-Regular" w:cs="Spectral-Regular"/><w:color w:val="000000"/><w:sz w:val="16"/><w:szCs w:val="16"/><w:lang w:eastAsia="ru-RU"/></w:rPr></w:pPr><w:r w:rsidRPr="009C4BD8"><w:rPr><w:rFonts w:ascii="Spectral-Regular" w:hAnsi="Spectral-Regular" w:cs="Spectral-Regular"/><w:color w:val="000000"/><w:sz w:val="16"/><w:szCs w:val="16"/><w:lang w:eastAsia="ru-RU"/></w:rPr><w:t>Внесение в</w:t></w:r><w:r w:rsidRPr="001265FF"><w:rPr><w:rFonts w:ascii="Spectral-Regular" w:hAnsi="Spectral-Regular" w:cs="Spectral-Regular"/><w:color w:val="000000"/><w:sz w:val="16"/><w:szCs w:val="16"/><w:lang w:eastAsia="ru-RU"/></w:rPr><w:t xml:space="preserve"> карточки по форме </w:t></w:r><w:r w:rsidRPr="001265FF"><w:rPr><w:rFonts w:ascii="Times New Roman" w:hAnsi="Times New Roman"/><w:color w:val="000000"/><w:sz w:val="16"/><w:szCs w:val="16"/><w:lang w:eastAsia="ru-RU"/></w:rPr><w:t>№</w:t></w:r><w:r w:rsidRPr="001265FF"><w:rPr><w:rFonts w:ascii="Spectral-Regular" w:hAnsi="Spectral-Regular" w:cs="Spectral-Regular"/><w:color w:val="000000"/><w:sz w:val="16"/><w:szCs w:val="16"/><w:lang w:eastAsia="ru-RU"/></w:rPr><w:t xml:space="preserve"> 10</w:t></w:r><w:r w:rsidRPr="009C4BD8"><w:rPr><w:rFonts w:ascii="Spectral-Regular" w:hAnsi="Spectral-Regular" w:cs="Spectral-Regular"/><w:color w:val="000000"/><w:sz w:val="16"/><w:szCs w:val="16"/><w:lang w:eastAsia="ru-RU"/></w:rPr><w:t xml:space="preserve"> </w:t></w:r><w:r w:rsidRPr="001265FF"><w:rPr><w:rFonts w:ascii="Spectral-Regular" w:hAnsi="Spectral-Regular" w:cs="Spectral-Regular"/><w:color w:val="000000"/><w:sz w:val="16"/><w:szCs w:val="16"/><w:lang w:eastAsia="ru-RU"/></w:rPr><w:t xml:space="preserve">военнообязанных и призывников </w:t></w:r><w:r w:rsidRPr="009C4BD8"><w:rPr><w:rFonts w:ascii="Spectral-Regular" w:hAnsi="Spectral-Regular" w:cs="Spectral-Regular"/><w:color w:val="000000"/><w:sz w:val="16"/><w:szCs w:val="16"/><w:lang w:eastAsia="ru-RU"/></w:rPr><w:t>сведений об изменениях семейного положения, образования, структурного подразделения организации, должности, места жительства или места пребывания, состояния здоровья</w:t></w:r></w:p></w:tc><w:tc><w:tcPr><w:tcW w:w="1362" w:type="dxa"/><w:tcBorders><w:top w:val="single" w:sz="2" w:space="0" w:color="000000"/><w:left w:val="single" w:sz="2" w:space="0" w:color="000000"/><w:bottom w:val="single" w:sz="2" w:space="0" w:color="000000"/><w:right w:val="single" w:sz="2" w:space="0" w:color="000000"/></w:tcBorders><w:tcMar><w:top w:w="80" w:type="dxa"/><w:left w:w="80" w:type="dxa"/><w:bottom w:w="80" w:type="dxa"/><w:right w:w="80" w:type="dxa"/></w:tcMar></w:tcPr><w:p w:rsidR="001265FF" w:rsidRPr="009C4BD8" w:rsidRDefault="001265FF" w:rsidP="001265FF"><w:pPr><w:tabs><w:tab w:val="left" w:pos="283"/><w:tab w:val="left" w:pos="567"/><w:tab w:val="left" w:pos="850"/><w:tab w:val="left" w:pos="1134"/><w:tab w:val="left" w:pos="1417"/><w:tab w:val="left" w:pos="1701"/><w:tab w:val="left" w:pos="1984"/><w:tab w:val="left" w:pos="2268"/><w:tab w:val="left" w:pos="2551"/><w:tab w:val="left" w:pos="2835"/><w:tab w:val="left" w:pos="3118"/><w:tab w:val="left" w:pos="3402"/><w:tab w:val="left" w:pos="3685"/><w:tab w:val="left" w:pos="3969"/><w:tab w:val="left" w:pos="4252"/><w:tab w:val="left" w:pos="4535"/><w:tab w:val="left" w:pos="4819"/><w:tab w:val="left" w:pos="5102"/><w:tab w:val="left" w:pos="5386"/><w:tab w:val="left" w:pos="5669"/><w:tab w:val="left" w:pos="5953"/></w:tabs><w:autoSpaceDE w:val="0"/><w:autoSpaceDN w:val="0"/><w:adjustRightInd w:val="0"/><w:spacing w:after="100" w:line="180" w:lineRule="atLeast"/><w:textAlignment w:val="center"/><w:rPr><w:rFonts w:ascii="Spectral-Regular" w:hAnsi="Spectral-Regular" w:cs="Spectral-Regular"/><w:color w:val="000000"/><w:sz w:val="16"/><w:szCs w:val="16"/><w:lang w:eastAsia="ru-RU"/></w:rPr></w:pPr><w:r w:rsidRPr="009C4BD8"><w:rPr><w:rFonts w:ascii="Spectral-Regular" w:hAnsi="Spectral-Regular" w:cs="Spectral-Regular"/><w:color w:val="000000"/><w:sz w:val="16"/><w:szCs w:val="16"/><w:lang w:eastAsia="ru-RU"/></w:rPr><w:t>Постоянно</w:t></w:r></w:p></w:tc><w:tc><w:tcPr><w:tcW w:w="1246" w:type="dxa"/><w:tcBorders><w:top w:val="single" w:sz="2" w:space="0" w:color="000000"/><w:left w:val="single" w:sz="2" w:space="0" w:color="000000"/><w:bottom w:val="single" w:sz="2" w:space="0" w:color="000000"/><w:right w:val="single" w:sz="2" w:space="0" w:color="000000"/></w:tcBorders><w:tcMar><w:top w:w="80" w:type="dxa"/><w:left w:w="80" w:type="dxa"/><w:bottom w:w="80" w:type="dxa"/><w:right w:w="80" w:type="dxa"/></w:tcMar></w:tcPr><w:p w:rsidR="001265FF" w:rsidRPr="009C4BD8" w:rsidRDefault="001265FF" w:rsidP="001265FF"><w:pPr><w:tabs><w:tab w:val="left" w:pos="283"/><w:tab w:val="left" w:pos="567"/><w:tab w:val="left" w:pos="850"/><w:tab w:val="left" w:pos="1134"/><w:tab w:val="left" w:pos="1417"/><w:tab w:val="left" w:pos="1701"/><w:tab w:val="left" w:pos="1984"/><w:tab w:val="left" w:pos="2268"/><w:tab w:val="left" w:pos="2551"/><w:tab w:val="left" w:pos="2835"/><w:tab w:val="left" w:pos="3118"/><w:tab w:val="left" w:pos="3402"/><w:tab w:val="left" w:pos="3685"/><w:tab w:val="left" w:pos="3969"/><w:tab w:val="left" w:pos="4252"/><w:tab w:val="left" w:pos="4535"/><w:tab w:val="left" w:pos="4819"/><w:tab w:val="left" w:pos="5102"/><w:tab w:val="left" w:pos="5386"/><w:tab w:val="left" w:pos="5669"/><w:tab w:val="left" w:pos="5953"/></w:tabs><w:autoSpaceDE w:val="0"/><w:autoSpaceDN w:val="0"/><w:adjustRightInd w:val="0"/><w:spacing w:after="100" w:line="180" w:lineRule="atLeast"/><w:textAlignment w:val="center"/><w:rPr><w:rFonts w:ascii="Spectral-Regular" w:hAnsi="Spectral-Regular" w:cs="Spectral-Regular"/><w:color w:val="000000"/><w:sz w:val="16"/><w:szCs w:val="16"/><w:lang w:eastAsia="ru-RU"/></w:rPr></w:pPr><w:r w:rsidRPr="00EB59BB"><w:rPr><w:rFonts w:ascii="Spectral-Regular" w:hAnsi="Spectral-Regular" w:cs="Spectral-Regular"/><w:color w:val="000000"/><w:sz w:val="16"/><w:szCs w:val="16"/><w:lang w:eastAsia="ru-RU"/></w:rPr><w:t>Иванова Т.А.</w:t></w:r></w:p></w:tc><w:tc><w:tcPr><w:tcW w:w="851" w:type="dxa"/><w:tcBorders><w:top w:val="single" w:sz="2" w:space="0" w:color="000000"/><w:left w:val="single" w:sz="2" w:space="0" w:color="000000"/><w:bottom w:val="single" w:sz="2" w:space="0" w:color="000000"/><w:right w:val="single" w:sz="2" w:space="0" w:color="000000"/></w:tcBorders><w:tcMar><w:top w:w="80" w:type="dxa"/><w:left w:w="80" w:type="dxa"/><w:bottom w:w="80" w:type="dxa"/><w:right w:w="80" w:type="dxa"/></w:tcMar></w:tcPr><w:p w:rsidR="001265FF" w:rsidRPr="009C4BD8" w:rsidRDefault="001265FF" w:rsidP="001265FF"><w:pPr><w:autoSpaceDE w:val="0"/><w:autoSpaceDN w:val="0"/><w:adjustRightInd w:val="0"/><w:spacing w:after="0" w:line="240" w:lineRule="auto"/><w:rPr><w:rFonts w:ascii="Spectral-Regular" w:hAnsi="Spectral-Regular"/><w:sz w:val="24"/><w:szCs w:val="24"/><w:lang w:eastAsia="ru-RU"/></w:rPr></w:pPr></w:p></w:tc></w:tr><w:tr w:rsidR="001265FF" w:rsidRPr="009C4BD8" w:rsidTr="001265FF"><w:tblPrEx><w:tblCellMar><w:top w:w="0" w:type="dxa"/><w:left w:w="0" w:type="dxa"/><w:bottom w:w="0" w:type="dxa"/><w:right w:w="0" w:type="dxa"/></w:tblCellMar></w:tblPrEx><w:trPr><w:trHeight w:val="60"/></w:trPr><w:tc><w:tcPr><w:tcW w:w="454" w:type="dxa"/><w:tcBorders><w:top w:val="single" w:sz="2" w:space="0" w:color="000000"/><w:left w:val="single" w:sz="2" w:space="0" w:color="000000"/><w:bottom w:val="single" w:sz="2" w:space="0" w:color="000000"/><w:right w:val="single" w:sz="2" w:space="0" w:color="000000"/></w:tcBorders><w:tcMar><w:top w:w="80" w:type="dxa"/><w:left w:w="80" w:type="dxa"/><w:bottom w:w="80" w:type="dxa"/><w:right w:w="80" w:type="dxa"/></w:tcMar></w:tcPr><w:p w:rsidR="001265FF" w:rsidRPr="009C4BD8" w:rsidRDefault="001265FF" w:rsidP="001265FF"><w:pPr><w:tabs><w:tab w:val="left" w:pos="283"/><w:tab w:val="left" w:pos="567"/><w:tab w:val="left" w:pos="850"/><w:tab w:val="left" w:pos="1134"/><w:tab w:val="left" w:pos="1417"/><w:tab w:val="left" w:pos="1701"/><w:tab w:val="left" w:pos="1984"/><w:tab w:val="left" w:pos="2268"/><w:tab w:val="left" w:pos="2551"/><w:tab w:val="left" w:pos="2835"/><w:tab w:val="left" w:pos="3118"/><w:tab w:val="left" w:pos="3402"/><w:tab w:val="left" w:pos="3685"/><w:tab w:val="left" w:pos="3969"/><w:tab w:val="left" w:pos="4252"/><w:tab w:val="left" w:pos="4535"/><w:tab w:val="left" w:pos="4819"/><w:tab w:val="left" w:pos="5102"/><w:tab w:val="left" w:pos="5386"/><w:tab w:val="left" w:pos="5669"/><w:tab w:val="left" w:pos="5953"/></w:tabs><w:autoSpaceDE w:val="0"/><w:autoSpaceDN w:val="0"/><w:adjustRightInd w:val="0"/><w:spacing w:after="100" w:line="180" w:lineRule="atLeast"/><w:textAlignment w:val="center"/><w:rPr><w:rFonts w:ascii="Spectral-Regular" w:hAnsi="Spectral-Regular" w:cs="Spectral-Regular"/><w:color w:val="000000"/><w:sz w:val="16"/><w:szCs w:val="16"/><w:lang w:eastAsia="ru-RU"/></w:rPr></w:pPr><w:r w:rsidRPr="009C4BD8"><w:rPr><w:rFonts w:ascii="Spectral-Regular" w:hAnsi="Spectral-Regular" w:cs="Spectral-Regular"/><w:color w:val="000000"/><w:sz w:val="16"/><w:szCs w:val="16"/><w:lang w:eastAsia="ru-RU"/></w:rPr><w:t>4</w:t></w:r></w:p></w:tc><w:tc><w:tcPr><w:tcW w:w="3004" w:type="dxa"/><w:tcBorders><w:top w:val="single" w:sz="2" w:space="0" w:color="000000"/><w:left w:val="single" w:sz="2" w:space="0" w:color="000000"/><w:bottom w:val="single" w:sz="2" w:space="0" w:color="000000"/><w:right w:val="single" w:sz="2" w:space="0" w:color="000000"/></w:tcBorders><w:tcMar><w:top w:w="80" w:type="dxa"/><w:left w:w="80" w:type="dxa"/><w:bottom w:w="80" w:type="dxa"/><w:right w:w="80" w:type="dxa"/></w:tcMar></w:tcPr><w:p w:rsidR="001265FF" w:rsidRPr="009C4BD8" w:rsidRDefault="001265FF" w:rsidP="001265FF"><w:pPr><w:tabs><w:tab w:val="left" w:pos="283"/><w:tab w:val="left" w:pos="567"/><w:tab w:val="left" w:pos="850"/><w:tab w:val="left" w:pos="1134"/><w:tab w:val="left" w:pos="1417"/><w:tab w:val="left" w:pos="1701"/><w:tab w:val="left" w:pos="1984"/><w:tab w:val="left" w:pos="2268"/><w:tab w:val="left" w:pos="2551"/><w:tab w:val="left" w:pos="2835"/><w:tab w:val="left" w:pos="3118"/><w:tab w:val="left" w:pos="3402"/><w:tab w:val="left" w:pos="3685"/><w:tab w:val="left" w:pos="3969"/><w:tab w:val="left" w:pos="4252"/><w:tab w:val="left" w:pos="4535"/><w:tab w:val="left" w:pos="4819"/><w:tab w:val="left" w:pos="5102"/><w:tab w:val="left" w:pos="5386"/><w:tab w:val="left" w:pos="5669"/><w:tab w:val="left" w:pos="5953"/></w:tabs><w:autoSpaceDE w:val="0"/><w:autoSpaceDN w:val="0"/><w:adjustRightInd w:val="0"/><w:spacing w:after="100" w:line="180" w:lineRule="atLeast"/><w:textAlignment w:val="center"/><w:rPr><w:rFonts w:ascii="Spectral-Regular" w:hAnsi="Spectral-Regular" w:cs="Spectral-Regular"/><w:color w:val="000000"/><w:sz w:val="16"/><w:szCs w:val="16"/><w:lang w:eastAsia="ru-RU"/></w:rPr></w:pPr><w:r w:rsidRPr="001265FF"><w:rPr><w:rFonts w:ascii="Spectral-Regular" w:hAnsi="Spectral-Regular" w:cs="Spectral-Regular"/><w:color w:val="000000"/><w:sz w:val="16"/><w:szCs w:val="16"/><w:lang w:eastAsia="ru-RU"/></w:rPr><w:t xml:space="preserve">Проведение сверки сведений о воинском учете, содержащихся в карточках по форме </w:t></w:r><w:r w:rsidRPr="001265FF"><w:rPr><w:rFonts w:ascii="Times New Roman" w:hAnsi="Times New Roman"/><w:color w:val="000000"/><w:sz w:val="16"/><w:szCs w:val="16"/><w:lang w:eastAsia="ru-RU"/></w:rPr><w:t>№</w:t></w:r><w:r w:rsidRPr="001265FF"><w:rPr><w:rFonts w:ascii="Spectral-Regular" w:hAnsi="Spectral-Regular" w:cs="Spectral-Regular"/><w:color w:val="000000"/><w:sz w:val="16"/><w:szCs w:val="16"/><w:lang w:eastAsia="ru-RU"/></w:rPr><w:t xml:space="preserve"> 10, со сведениями, содержащимися в документах воинского учета граждан</w:t></w:r></w:p></w:tc><w:tc><w:tcPr><w:tcW w:w="1362" w:type="dxa"/><w:tcBorders><w:top w:val="single" w:sz="2" w:space="0" w:color="000000"/><w:left w:val="single" w:sz="2" w:space="0" w:color="000000"/><w:bottom w:val="single" w:sz="2" w:space="0" w:color="000000"/><w:right w:val="single" w:sz="2" w:space="0" w:color="000000"/></w:tcBorders><w:tcMar><w:top w:w="80" w:type="dxa"/><w:left w:w="80" w:type="dxa"/><w:bottom w:w="80" w:type="dxa"/><w:right w:w="80" w:type="dxa"/></w:tcMar></w:tcPr><w:p w:rsidR="001265FF" w:rsidRPr="009C4BD8" w:rsidRDefault="001265FF" w:rsidP="001265FF"><w:pPr><w:tabs><w:tab w:val="left" w:pos="283"/><w:tab w:val="left" w:pos="567"/><w:tab w:val="left" w:pos="850"/><w:tab w:val="left" w:pos="1134"/><w:tab w:val="left" w:pos="1417"/><w:tab w:val="left" w:pos="1701"/><w:tab w:val="left" w:pos="1984"/><w:tab w:val="left" w:pos="2268"/><w:tab w:val="left" w:pos="2551"/><w:tab w:val="left" w:pos="2835"/><w:tab w:val="left" w:pos="3118"/><w:tab w:val="left" w:pos="3402"/><w:tab w:val="left" w:pos="3685"/><w:tab w:val="left" w:pos="3969"/><w:tab w:val="left" w:pos="4252"/><w:tab w:val="left" w:pos="4535"/><w:tab w:val="left" w:pos="4819"/><w:tab w:val="left" w:pos="5102"/><w:tab w:val="left" w:pos="5386"/><w:tab w:val="left" w:pos="5669"/><w:tab w:val="left" w:pos="5953"/></w:tabs><w:autoSpaceDE w:val="0"/><w:autoSpaceDN w:val="0"/><w:adjustRightInd w:val="0"/><w:spacing w:after="100" w:line="180" w:lineRule="atLeast"/><w:textAlignment w:val="center"/><w:rPr><w:rFonts w:ascii="Spectral-Regular" w:hAnsi="Spectral-Regular" w:cs="Spectral-Regular"/><w:color w:val="000000"/><w:sz w:val="16"/><w:szCs w:val="16"/><w:lang w:eastAsia="ru-RU"/></w:rPr></w:pPr><w:r w:rsidRPr="001265FF"><w:rPr><w:rFonts w:ascii="Spectral-Regular" w:hAnsi="Spectral-Regular" w:cs="Spectral-Regular"/><w:color w:val="000000"/><w:sz w:val="16"/><w:szCs w:val="16"/><w:lang w:eastAsia="ru-RU"/></w:rPr><w:t>Не реже</w:t></w:r><w:r><w:t xml:space="preserve"> </w:t></w:r><w:r w:rsidRPr="001265FF"><w:rPr><w:rFonts w:ascii="Spectral-Regular" w:hAnsi="Spectral-Regular" w:cs="Spectral-Regular"/><w:color w:val="000000"/><w:sz w:val="16"/><w:szCs w:val="16"/><w:lang w:eastAsia="ru-RU"/></w:rPr><w:t>одного раза в год</w:t></w:r></w:p></w:tc><w:tc><w:tcPr><w:tcW w:w="1246" w:type="dxa"/><w:tcBorders><w:top w:val="single" w:sz="2" w:space="0" w:color="000000"/><w:left w:val="single" w:sz="2" w:space="0" w:color="000000"/><w:bottom w:val="single" w:sz="2" w:space="0" w:color="000000"/><w:right w:val="single" w:sz="2" w:space="0" w:color="000000"/></w:tcBorders><w:tcMar><w:top w:w="80" w:type="dxa"/><w:left w:w="80" w:type="dxa"/><w:bottom w:w="80" w:type="dxa"/><w:right w:w="80" w:type="dxa"/></w:tcMar></w:tcPr><w:p w:rsidR="001265FF" w:rsidRPr="009C4BD8" w:rsidRDefault="001265FF" w:rsidP="001265FF"><w:pPr><w:tabs><w:tab w:val="left" w:pos="283"/><w:tab w:val="left" w:pos="567"/><w:tab w:val="left" w:pos="850"/><w:tab w:val="left" w:pos="1134"/><w:tab w:val="left" w:pos="1417"/><w:tab w:val="left" w:pos="1701"/><w:tab w:val="left" w:pos="1984"/><w:tab w:val="left" w:pos="2268"/><w:tab w:val="left" w:pos="2551"/><w:tab w:val="left" w:pos="2835"/><w:tab w:val="left" w:pos="3118"/><w:tab w:val="left" w:pos="3402"/><w:tab w:val="left" w:pos="3685"/><w:tab w:val="left" w:pos="3969"/><w:tab w:val="left" w:pos="4252"/><w:tab w:val="left" w:pos="4535"/><w:tab w:val="left" w:pos="4819"/><w:tab w:val="left" w:pos="5102"/><w:tab w:val="left" w:pos="5386"/><w:tab w:val="left" w:pos="5669"/><w:tab w:val="left" w:pos="5953"/></w:tabs><w:autoSpaceDE w:val="0"/><w:autoSpaceDN w:val="0"/><w:adjustRightInd w:val="0"/><w:spacing w:after="100" w:line="180" w:lineRule="atLeast"/><w:textAlignment w:val="center"/><w:rPr><w:rFonts w:ascii="Spectral-Regular" w:hAnsi="Spectral-Regular" w:cs="Spectral-Regular"/><w:color w:val="000000"/><w:sz w:val="16"/><w:szCs w:val="16"/><w:lang w:eastAsia="ru-RU"/></w:rPr></w:pPr><w:r w:rsidRPr="00EB59BB"><w:rPr><w:rFonts w:ascii="Spectral-Regular" w:hAnsi="Spectral-Regular" w:cs="Spectral-Regular"/><w:color w:val="000000"/><w:sz w:val="16"/><w:szCs w:val="16"/><w:lang w:eastAsia="ru-RU"/></w:rPr><w:t>Иванова Т.А.</w:t></w:r></w:p></w:tc><w:tc><w:tcPr><w:tcW w:w="851" w:type="dxa"/><w:tcBorders><w:top w:val="single" w:sz="2" w:space="0" w:color="000000"/><w:left w:val="single" w:sz="2" w:space="0" w:color="000000"/><w:bottom w:val="single" w:sz="2" w:space="0" w:color="000000"/><w:right w:val="single" w:sz="2" w:space="0" w:color="000000"/></w:tcBorders><w:tcMar><w:top w:w="80" w:type="dxa"/><w:left w:w="80" w:type="dxa"/><w:bottom w:w="80" w:type="dxa"/><w:right w:w="80" w:type="dxa"/></w:tcMar></w:tcPr><w:p w:rsidR="001265FF" w:rsidRPr="009C4BD8" w:rsidRDefault="001265FF" w:rsidP="001265FF"><w:pPr><w:autoSpaceDE w:val="0"/><w:autoSpaceDN w:val="0"/><w:adjustRightInd w:val="0"/><w:spacing w:after="0" w:line="240" w:lineRule="auto"/><w:rPr><w:rFonts w:ascii="Spectral-Regular" w:hAnsi="Spectral-Regular"/><w:sz w:val="24"/><w:szCs w:val="24"/><w:lang w:eastAsia="ru-RU"/></w:rPr></w:pPr></w:p></w:tc></w:tr><w:tr w:rsidR="009C4BD8" w:rsidRPr="009C4BD8" w:rsidTr="001265FF"><w:tblPrEx><w:tblCellMar><w:top w:w="0" w:type="dxa"/><w:left w:w="0" w:type="dxa"/><w:bottom w:w="0" w:type="dxa"/><w:right w:w="0" w:type="dxa"/></w:tblCellMar></w:tblPrEx><w:trPr><w:trHeight w:val="60"/></w:trPr><w:tc><w:tcPr><w:tcW w:w="454" w:type="dxa"/><w:tcBorders><w:top w:val="single" w:sz="2" w:space="0" w:color="000000"/><w:left w:val="single" w:sz="2" w:space="0" w:color="000000"/><w:bottom w:val="single" w:sz="2" w:space="0" w:color="000000"/><w:right w:val="single" w:sz="2" w:space="0" w:color="000000"/></w:tcBorders><w:tcMar><w:top w:w="80" w:type="dxa"/><w:left w:w="80" w:type="dxa"/><w:bottom w:w="80" w:type="dxa"/><w:right w:w="80" w:type="dxa"/></w:tcMar></w:tcPr><w:p w:rsidR="009C4BD8" w:rsidRPr="009C4BD8" w:rsidRDefault="001265FF" w:rsidP="009C4BD8"><w:pPr><w:tabs><w:tab w:val="left" w:pos="283"/><w:tab w:val="left" w:pos="567"/><w:tab w:val="left" w:pos="850"/><w:tab w:val="left" w:pos="1134"/><w:tab w:val="left" w:pos="1417"/><w:tab w:val="left" w:pos="1701"/><w:tab w:val="left" w:pos="1984"/><w:tab w:val="left" w:pos="2268"/><w:tab w:val="left" w:pos="2551"/><w:tab w:val="left" w:pos="2835"/><w:tab w:val="left" w:pos="3118"/><w:tab w:val="left" w:pos="3402"/><w:tab w:val="left" w:pos="3685"/><w:tab w:val="left" w:pos="3969"/><w:tab w:val="left" w:pos="4252"/><w:tab w:val="left" w:pos="4535"/><w:tab w:val="left" w:pos="4819"/><w:tab w:val="left" w:pos="5102"/><w:tab w:val="left" w:pos="5386"/><w:tab w:val="left" w:pos="5669"/><w:tab w:val="left" w:pos="5953"/></w:tabs><w:autoSpaceDE w:val="0"/><w:autoSpaceDN w:val="0"/><w:adjustRightInd w:val="0"/><w:spacing w:after="100" w:line="180" w:lineRule="atLeast"/><w:textAlignment w:val="center"/><w:rPr><w:rFonts w:ascii="Spectral-Regular" w:hAnsi="Spectral-Regular" w:cs="Spectral-Regular"/><w:color w:val="000000"/><w:sz w:val="16"/><w:szCs w:val="16"/><w:lang w:eastAsia="ru-RU"/></w:rPr></w:pPr><w:r><w:rPr><w:rFonts w:ascii="Spectral-Regular" w:hAnsi="Spectral-Regular" w:cs="Spectral-Regular"/><w:color w:val="000000"/><w:sz w:val="16"/><w:szCs w:val="16"/><w:lang w:eastAsia="ru-RU"/></w:rPr><w:t>5</w:t></w:r></w:p></w:tc><w:tc><w:tcPr><w:tcW w:w="3004" w:type="dxa"/><w:tcBorders><w:top w:val="single" w:sz="2" w:space="0" w:color="000000"/><w:left w:val="single" w:sz="2" w:space="0" w:color="000000"/><w:bottom w:val="single" w:sz="2" w:space="0" w:color="000000"/><w:right w:val="single" w:sz="2" w:space="0" w:color="000000"/></w:tcBorders><w:tcMar><w:top w:w="80" w:type="dxa"/><w:left w:w="80" w:type="dxa"/><w:bottom w:w="80" w:type="dxa"/><w:right w:w="80" w:type="dxa"/></w:tcMar></w:tcPr><w:p w:rsidR="009C4BD8" w:rsidRPr="001265FF" w:rsidRDefault="001265FF" w:rsidP="009C4BD8"><w:pPr><w:autoSpaceDE w:val="0"/><w:autoSpaceDN w:val="0"/><w:adjustRightInd w:val="0"/><w:spacing w:after="0" w:line="240" w:lineRule="auto"/><w:rPr><w:rFonts w:ascii="Spectral-Regular" w:hAnsi="Spectral-Regular" w:cs="Spectral-Regular"/><w:color w:val="000000"/><w:sz w:val="16"/><w:szCs w:val="16"/><w:lang w:eastAsia="ru-RU"/></w:rPr></w:pPr><w:r w:rsidRPr="001265FF"><w:rPr><w:rFonts w:ascii="Spectral-Regular" w:hAnsi="Spectral-Regular" w:cs="Spectral-Regular"/><w:color w:val="000000"/><w:sz w:val="16"/><w:szCs w:val="16"/><w:lang w:eastAsia="ru-RU"/></w:rPr><w:t xml:space="preserve">Подготовка карточек по форме </w:t></w:r><w:r w:rsidRPr="001265FF"><w:rPr><w:rFonts w:ascii="Times New Roman" w:hAnsi="Times New Roman"/><w:color w:val="000000"/><w:sz w:val="16"/><w:szCs w:val="16"/><w:lang w:eastAsia="ru-RU"/></w:rPr><w:t>№</w:t></w:r><w:r w:rsidRPr="001265FF"><w:rPr><w:rFonts w:ascii="Spectral-Regular" w:hAnsi="Spectral-Regular" w:cs="Spectral-Regular"/><w:color w:val="000000"/><w:sz w:val="16"/><w:szCs w:val="16"/><w:lang w:eastAsia="ru-RU"/></w:rPr><w:t xml:space="preserve"> 10 военнообязанных и призывников на лиц, снятых с воинского учета по состоянию здоровья (уточнение даты снятия, номера приказов и статей), для сверки со структурным подразделением военкомата</w:t></w:r></w:p></w:tc><w:tc><w:tcPr><w:tcW w:w="1362" w:type="dxa"/><w:tcBorders><w:top w:val="single" w:sz="2" w:space="0" w:color="000000"/><w:left w:val="single" w:sz="2" w:space="0" w:color="000000"/><w:bottom w:val="single" w:sz="2" w:space="0" w:color="000000"/><w:right w:val="single" w:sz="2" w:space="0" w:color="000000"/></w:tcBorders><w:tcMar><w:top w:w="80" w:type="dxa"/><w:left w:w="80" w:type="dxa"/><w:bottom w:w="80" w:type="dxa"/><w:right w:w="80" w:type="dxa"/></w:tcMar></w:tcPr><w:p w:rsidR="009C4BD8" w:rsidRPr="009C4BD8" w:rsidRDefault="001265FF" w:rsidP="009C4BD8"><w:pPr><w:autoSpaceDE w:val="0"/><w:autoSpaceDN w:val="0"/><w:adjustRightInd w:val="0"/><w:spacing w:after="0" w:line="240" w:lineRule="auto"/><w:rPr><w:rFonts w:ascii="Spectral-Regular" w:hAnsi="Spectral-Regular"/><w:sz w:val="24"/><w:szCs w:val="24"/><w:lang w:eastAsia="ru-RU"/></w:rPr></w:pPr><w:r w:rsidRPr="001265FF"><w:rPr><w:rFonts w:ascii="Spectral-Regular" w:hAnsi="Spectral-Regular" w:cs="Spectral-Regular"/><w:color w:val="000000"/><w:sz w:val="16"/><w:szCs w:val="16"/><w:lang w:eastAsia="ru-RU"/></w:rPr><w:t>Не реже одного раза в год по запросу военкомата</w:t></w:r></w:p></w:tc><w:tc><w:tcPr><w:tcW w:w="1246" w:type="dxa"/><w:tcBorders><w:top w:val="single" w:sz="2" w:space="0" w:color="000000"/><w:left w:val="single" w:sz="2" w:space="0" w:color="000000"/><w:bottom w:val="single" w:sz="2" w:space="0" w:color="000000"/><w:right w:val="single" w:sz="2" w:space="0" w:color="000000"/></w:tcBorders><w:tcMar><w:top w:w="80" w:type="dxa"/><w:left w:w="80" w:type="dxa"/><w:bottom w:w="80" w:type="dxa"/><w:right w:w="80" w:type="dxa"/></w:tcMar></w:tcPr><w:p w:rsidR="009C4BD8" w:rsidRPr="009C4BD8" w:rsidRDefault="009C4BD8" w:rsidP="009C4BD8"><w:pPr><w:autoSpaceDE w:val="0"/><w:autoSpaceDN w:val="0"/><w:adjustRightInd w:val="0"/><w:spacing w:after="0" w:line="240" w:lineRule="auto"/><w:rPr><w:rFonts w:ascii="Spectral-Regular" w:hAnsi="Spectral-Regular"/><w:sz w:val="24"/><w:szCs w:val="24"/><w:lang w:eastAsia="ru-RU"/></w:rPr></w:pPr></w:p></w:tc><w:tc><w:tcPr><w:tcW w:w="851" w:type="dxa"/><w:tcBorders><w:top w:val="single" w:sz="2" w:space="0" w:color="000000"/><w:left w:val="single" w:sz="2" w:space="0" w:color="000000"/><w:bottom w:val="single" w:sz="2" w:space="0" w:color="000000"/><w:right w:val="single" w:sz="2" w:space="0" w:color="000000"/></w:tcBorders><w:tcMar><w:top w:w="80" w:type="dxa"/><w:left w:w="80" w:type="dxa"/><w:bottom w:w="80" w:type="dxa"/><w:right w:w="80" w:type="dxa"/></w:tcMar></w:tcPr><w:p w:rsidR="009C4BD8" w:rsidRPr="009C4BD8" w:rsidRDefault="009C4BD8" w:rsidP="009C4BD8"><w:pPr><w:autoSpaceDE w:val="0"/><w:autoSpaceDN w:val="0"/><w:adjustRightInd w:val="0"/><w:spacing w:after="0" w:line="240" w:lineRule="auto"/><w:rPr><w:rFonts w:ascii="Spectral-Regular" w:hAnsi="Spectral-Regular"/><w:sz w:val="24"/><w:szCs w:val="24"/><w:lang w:eastAsia="ru-RU"/></w:rPr></w:pPr></w:p></w:tc></w:tr><w:tr w:rsidR="009C4BD8" w:rsidRPr="009C4BD8" w:rsidTr="001265FF"><w:tblPrEx><w:tblCellMar><w:top w:w="0" w:type="dxa"/><w:left w:w="0" w:type="dxa"/><w:bottom w:w="0" w:type="dxa"/><w:right w:w="0" w:type="dxa"/></w:tblCellMar></w:tblPrEx><w:trPr><w:trHeight w:val="60"/></w:trPr><w:tc><w:tcPr><w:tcW w:w="454" w:type="dxa"/><w:tcBorders><w:top w:val="single" w:sz="2" w:space="0" w:color="000000"/><w:left w:val="single" w:sz="2" w:space="0" w:color="000000"/><w:bottom w:val="single" w:sz="2" w:space="0" w:color="000000"/><w:right w:val="single" w:sz="2" w:space="0" w:color="000000"/></w:tcBorders><w:tcMar><w:top w:w="80" w:type="dxa"/><w:left w:w="80" w:type="dxa"/><w:bottom w:w="80" w:type="dxa"/><w:right w:w="80" w:type="dxa"/></w:tcMar></w:tcPr><w:p w:rsidR="009C4BD8" w:rsidRPr="009C4BD8" w:rsidRDefault="009C4BD8" w:rsidP="009C4BD8"><w:pPr><w:tabs><w:tab w:val="left" w:pos="283"/><w:tab w:val="left" w:pos="567"/><w:tab w:val="left" w:pos="850"/><w:tab w:val="left" w:pos="1134"/><w:tab w:val="left" w:pos="1417"/><w:tab w:val="left" w:pos="1701"/><w:tab w:val="left" w:pos="1984"/><w:tab w:val="left" w:pos="2268"/><w:tab w:val="left" w:pos="2551"/><w:tab w:val="left" w:pos="2835"/><w:tab w:val="left" w:pos="3118"/><w:tab w:val="left" w:pos="3402"/><w:tab w:val="left" w:pos="3685"/><w:tab w:val="left" w:pos="3969"/><w:tab w:val="left" w:pos="4252"/><w:tab w:val="left" w:pos="4535"/><w:tab w:val="left" w:pos="4819"/><w:tab w:val="left" w:pos="5102"/><w:tab w:val="left" w:pos="5386"/><w:tab w:val="left" w:pos="5669"/><w:tab w:val="left" w:pos="5953"/></w:tabs><w:autoSpaceDE w:val="0"/><w:autoSpaceDN w:val="0"/><w:adjustRightInd w:val="0"/><w:spacing w:after="100" w:line="180" w:lineRule="atLeast"/><w:textAlignment w:val="center"/><w:rPr><w:rFonts w:ascii="Spectral-Regular" w:hAnsi="Spectral-Regular" w:cs="Spectral-Regular"/><w:color w:val="000000"/><w:sz w:val="16"/><w:szCs w:val="16"/><w:lang w:eastAsia="ru-RU"/></w:rPr></w:pPr><w:r w:rsidRPr="009C4BD8"><w:rPr><w:rFonts w:ascii="Spectral-Regular" w:hAnsi="Spectral-Regular" w:cs="Spectral-Regular"/><w:color w:val="000000"/><w:sz w:val="16"/><w:szCs w:val="16"/><w:lang w:eastAsia="ru-RU"/></w:rPr><w:t>…</w:t></w:r></w:p></w:tc><w:tc><w:tcPr><w:tcW w:w="3004" w:type="dxa"/><w:tcBorders><w:top w:val="single" w:sz="2" w:space="0" w:color="000000"/><w:left w:val="single" w:sz="2" w:space="0" w:color="000000"/><w:bottom w:val="single" w:sz="2" w:space="0" w:color="000000"/><w:right w:val="single" w:sz="2" w:space="0" w:color="000000"/></w:tcBorders><w:tcMar><w:top w:w="80" w:type="dxa"/><w:left w:w="80" w:type="dxa"/><w:bottom w:w="80" w:type="dxa"/><w:right w:w="80" w:type="dxa"/></w:tcMar></w:tcPr><w:p w:rsidR="009C4BD8" w:rsidRPr="009C4BD8" w:rsidRDefault="009C4BD8" w:rsidP="009C4BD8"><w:pPr><w:autoSpaceDE w:val="0"/><w:autoSpaceDN w:val="0"/><w:adjustRightInd w:val="0"/><w:spacing w:after="0" w:line="240" w:lineRule="auto"/><w:rPr><w:rFonts w:ascii="Spectral-Regular" w:hAnsi="Spectral-Regular"/><w:sz w:val="24"/><w:szCs w:val="24"/><w:lang w:eastAsia="ru-RU"/></w:rPr></w:pPr></w:p></w:tc><w:tc><w:tcPr><w:tcW w:w="1362" w:type="dxa"/><w:tcBorders><w:top w:val="single" w:sz="2" w:space="0" w:color="000000"/><w:left w:val="single" w:sz="2" w:space="0" w:color="000000"/><w:bottom w:val="single" w:sz="2" w:space="0" w:color="000000"/><w:right w:val="single" w:sz="2" w:space="0" w:color="000000"/></w:tcBorders><w:tcMar><w:top w:w="80" w:type="dxa"/><w:left w:w="80" w:type="dxa"/><w:bottom w:w="80" w:type="dxa"/><w:right w:w="80" w:type="dxa"/></w:tcMar></w:tcPr><w:p w:rsidR="009C4BD8" w:rsidRPr="009C4BD8" w:rsidRDefault="009C4BD8" w:rsidP="009C4BD8"><w:pPr><w:autoSpaceDE w:val="0"/><w:autoSpaceDN w:val="0"/><w:adjustRightInd w:val="0"/><w:spacing w:after="0" w:line="240" w:lineRule="auto"/><w:rPr><w:rFonts w:ascii="Spectral-Regular" w:hAnsi="Spectral-Regular"/><w:sz w:val="24"/><w:szCs w:val="24"/><w:lang w:eastAsia="ru-RU"/></w:rPr></w:pPr></w:p></w:tc><w:tc><w:tcPr><w:tcW w:w="1246" w:type="dxa"/><w:tcBorders><w:top w:val="single" w:sz="2" w:space="0" w:color="000000"/><w:left w:val="single" w:sz="2" w:space="0" w:color="000000"/><w:bottom w:val="single" w:sz="2" w:space="0" w:color="000000"/><w:right w:val="single" w:sz="2" w:space="0" w:color="000000"/></w:tcBorders><w:tcMar><w:top w:w="80" w:type="dxa"/><w:left w:w="80" w:type="dxa"/><w:bottom w:w="80" w:type="dxa"/><w:right w:w="80" w:type="dxa"/></w:tcMar></w:tcPr><w:p w:rsidR="009C4BD8" w:rsidRPr="009C4BD8" w:rsidRDefault="009C4BD8" w:rsidP="009C4BD8"><w:pPr><w:autoSpaceDE w:val="0"/><w:autoSpaceDN w:val="0"/><w:adjustRightInd w:val="0"/><w:spacing w:after="0" w:line="240" w:lineRule="auto"/><w:rPr><w:rFonts w:ascii="Spectral-Regular" w:hAnsi="Spectral-Regular"/><w:sz w:val="24"/><w:szCs w:val="24"/><w:lang w:eastAsia="ru-RU"/></w:rPr></w:pPr></w:p></w:tc><w:tc><w:tcPr><w:tcW w:w="851" w:type="dxa"/><w:tcBorders><w:top w:val="single" w:sz="2" w:space="0" w:color="000000"/><w:left w:val="single" w:sz="2" w:space="0" w:color="000000"/><w:bottom w:val="single" w:sz="2" w:space="0" w:color="000000"/><w:right w:val="single" w:sz="2" w:space="0" w:color="000000"/></w:tcBorders><w:tcMar><w:top w:w="80" w:type="dxa"/><w:left w:w="80" w:type="dxa"/><w:bottom w:w="80" w:type="dxa"/><w:right w:w="80" w:type="dxa"/></w:tcMar></w:tcPr><w:p w:rsidR="009C4BD8" w:rsidRPr="009C4BD8" w:rsidRDefault="009C4BD8" w:rsidP="009C4BD8"><w:pPr><w:autoSpaceDE w:val="0"/><w:autoSpaceDN w:val="0"/><w:adjustRightInd w:val="0"/><w:spacing w:after="0" w:line="240" w:lineRule="auto"/><w:rPr><w:rFonts w:ascii="Spectral-Regular" w:hAnsi="Spectral-Regular"/><w:sz w:val="24"/><w:szCs w:val="24"/><w:lang w:eastAsia="ru-RU"/></w:rPr></w:pPr></w:p></w:tc></w:tr></w:tbl><w:p w:rsidR="009C4BD8" w:rsidRPr="009C4BD8" w:rsidRDefault="009C4BD8" w:rsidP="009C4BD8"><w:pPr><w:tabs><w:tab w:val="left" w:pos="283"/><w:tab w:val="left" w:pos="567"/><w:tab w:val="left" w:pos="850"/><w:tab w:val="left" w:pos="1134"/><w:tab w:val="left" w:pos="1417"/><w:tab w:val="left" w:pos="1701"/><w:tab w:val="left" w:pos="1984"/><w:tab w:val="left" w:pos="2268"/><w:tab w:val="left" w:pos="2551"/><w:tab w:val="left" w:pos="2835"/><w:tab w:val="left" w:pos="3118"/><w:tab w:val="left" w:pos="3402"/><w:tab w:val="left" w:pos="3685"/><w:tab w:val="left" w:pos="3969"/><w:tab w:val="left" w:pos="4252"/><w:tab w:val="left" w:pos="4535"/><w:tab w:val="left" w:pos="4819"/><w:tab w:val="left" w:pos="5102"/><w:tab w:val="left" w:pos="5386"/><w:tab w:val="left" w:pos="5669"/><w:tab w:val="left" w:pos="5953"/></w:tabs><w:autoSpaceDE w:val="0"/><w:autoSpaceDN w:val="0"/><w:adjustRightInd w:val="0"/><w:spacing w:after="100" w:line="200" w:lineRule="atLeast"/><w:textAlignment w:val="center"/><w:rPr><w:rFonts w:ascii="Spectral-Regular" w:hAnsi="Spectral-Regular" w:cs="Spectral-Regular"/><w:color w:val="000000"/><w:sz w:val="18"/><w:szCs w:val="18"/><w:lang w:eastAsia="ru-RU"/></w:rPr></w:pPr></w:p><w:p w:rsidR="000046E5" w:rsidRDefault="000046E5" w:rsidP="009C4BD8"><w:pPr><w:tabs><w:tab w:val="left" w:pos="283"/><w:tab w:val="left" w:pos="567"/><w:tab w:val="left" w:pos="850"/><w:tab w:val="left" w:pos="1134"/><w:tab w:val="left" w:pos="1417"/><w:tab w:val="left" w:pos="1701"/><w:tab w:val="left" w:pos="1984"/><w:tab w:val="left" w:pos="2268"/><w:tab w:val="left" w:pos="2551"/><w:tab w:val="left" w:pos="2835"/><w:tab w:val="left" w:pos="3118"/><w:tab w:val="left" w:pos="3402"/><w:tab w:val="left" w:pos="3685"/><w:tab w:val="left" w:pos="3969"/><w:tab w:val="left" w:pos="4252"/><w:tab w:val="left" w:pos="4535"/><w:tab w:val="left" w:pos="4819"/><w:tab w:val="left" w:pos="5102"/><w:tab w:val="left" w:pos="5386"/><w:tab w:val="left" w:pos="5669"/><w:tab w:val="left" w:pos="5953"/></w:tabs><w:autoSpaceDE w:val="0"/><w:autoSpaceDN w:val="0"/><w:adjustRightInd w:val="0"/><w:spacing w:after="100" w:line="200" w:lineRule="atLeast"/><w:textAlignment w:val="center"/><w:rPr><w:rFonts w:ascii="Spectral-Regular" w:hAnsi="Spectral-Regular" w:cs="Spectral-Regular"/><w:color w:val="000000"/><w:sz w:val="18"/><w:szCs w:val="18"/><w:lang w:eastAsia="ru-RU"/></w:rPr></w:pPr></w:p><w:p w:rsidR="00D82873" w:rsidRPr="00D82873" w:rsidRDefault="00D82873" w:rsidP="00D82873"><w:pPr><w:rPr><w:rFonts w:ascii="Spectral-Regular" w:hAnsi="Spectral-Regular" w:cs="Spectral-Regular"/><w:sz w:val="18"/><w:szCs w:val="18"/><w:lang w:eastAsia="ru-RU"/></w:rPr></w:pPr></w:p><w:p w:rsidR="00D82873" w:rsidRDefault="00D82873" w:rsidP="00D82873"><w:pPr><w:rPr><w:rFonts w:ascii="Spectral-Regular" w:hAnsi="Spectral-Regular" w:cs="Spectral-Regular"/><w:color w:val="000000"/><w:sz w:val="18"/><w:szCs w:val="18"/><w:lang w:eastAsia="ru-RU"/></w:rPr></w:pPr></w:p><w:p w:rsidR="00D82873" w:rsidRDefault="00D82873" w:rsidP="00D82873"><w:pPr><w:tabs><w:tab w:val="left" w:pos="3840"/></w:tabs><w:rPr><w:rFonts w:ascii="Spectral-Regular" w:hAnsi="Spectral-Regular" w:cs="Spectral-Regular"/><w:sz w:val="18"/><w:szCs w:val="18"/><w:lang w:eastAsia="ru-RU"/></w:rPr></w:pPr><w:r><w:rPr><w:rFonts w:ascii="Spectral-Regular" w:hAnsi="Spectral-Regular" w:cs="Spectral-Regular"/><w:sz w:val="18"/><w:szCs w:val="18"/><w:lang w:eastAsia="ru-RU"/></w:rPr><w:tab/></w:r></w:p><w:p w:rsidR="00D82873" w:rsidRDefault="00D82873" w:rsidP="00D82873"><w:pPr><w:tabs><w:tab w:val="left" w:pos="3840"/></w:tabs><w:rPr><w:rFonts w:ascii="Spectral-Regular" w:hAnsi="Spectral-Regular" w:cs="Spectral-Regular"/><w:sz w:val="18"/><w:szCs w:val="18"/><w:lang w:eastAsia="ru-RU"/></w:rPr></w:pPr></w:p><w:p w:rsidR="00D82873" w:rsidRPr="00D82873" w:rsidRDefault="00D82873" w:rsidP="00D82873"><w:pPr><w:tabs><w:tab w:val="left" w:pos="3840"/></w:tabs><w:rPr><w:rFonts w:ascii="Spectral-Regular" w:hAnsi="Spectral-Regular" w:cs="Spectral-Regular"/><w:sz w:val="18"/><w:szCs w:val="18"/><w:lang w:eastAsia="ru-RU"/></w:rPr></w:pPr></w:p><w:sectPr w:rsidR="00D82873" w:rsidRPr="00D82873" w:rsidSect="00046393"><w:headerReference w:type="default" r:id="rId7"/><w:pgSz w:w="11906" w:h="16838"/><w:pgMar w:top="567" w:right="567" w:bottom="567" w:left="1134" w:header="709" w:footer="709" w:gutter="0"/><w:cols w:space="708"/><w:docGrid w:linePitch="360"/></w:sectPr></w:body></w:document>