<?xml version="1.0" encoding="UTF-8" standalone="yes"?>
<w:fonts xmlns:mc="http://schemas.openxmlformats.org/markup-compatibility/2006" xmlns:r="http://schemas.openxmlformats.org/officeDocument/2006/relationships" xmlns:w="http://schemas.openxmlformats.org/wordprocessingml/2006/main" xmlns:w14="http://schemas.microsoft.com/office/word/2010/wordml" xmlns:w15="http://schemas.microsoft.com/office/word/2012/wordml" xmlns:w16se="http://schemas.microsoft.com/office/word/2015/wordml/symex" mc:Ignorable="w14 w15 w16se"><w:font w:name="Times New Roman"><w:panose1 w:val="02020603050405020304"/><w:charset w:val="00"/><w:family w:val="roman"/><w:pitch w:val="variable"/><w:sig w:usb0="E0002EFF" w:usb1="C000785B" w:usb2="00000009" w:usb3="00000000" w:csb0="000001FF" w:csb1="00000000"/></w:font><w:font w:name="Symbol"><w:panose1 w:val="05050102010706020507"/><w:charset w:val="02"/><w:family w:val="roman"/><w:pitch w:val="variable"/><w:sig w:usb0="00000000" w:usb1="10000000" w:usb2="00000000" w:usb3="00000000" w:csb0="80000000" w:csb1="00000000"/></w:font><w:font w:name="Courier New"><w:panose1 w:val="02070309020205020404"/><w:charset w:val="00"/><w:family w:val="modern"/><w:pitch w:val="fixed"/><w:sig w:usb0="E0002EFF" w:usb1="C0007843" w:usb2="00000009" w:usb3="00000000" w:csb0="000001FF" w:csb1="00000000"/></w:font><w:font w:name="Wingdings"><w:panose1 w:val="05000000000000000000"/><w:charset w:val="02"/><w:family w:val="auto"/><w:pitch w:val="variable"/><w:sig w:usb0="00000000" w:usb1="10000000" w:usb2="00000000" w:usb3="00000000" w:csb0="80000000" w:csb1="00000000"/></w:font><w:font w:name="Calibri"><w:panose1 w:val="020F0502020204030204"/><w:charset w:val="00"/><w:family w:val="swiss"/><w:pitch w:val="variable"/><w:sig w:usb0="E0002EFF" w:usb1="C000247B" w:usb2="00000009" w:usb3="00000000" w:csb0="000001FF" w:csb1="00000000"/></w:font><w:font w:name="TextBookC"><w:charset w:val="CC"/><w:family w:val="modern"/><w:notTrueType/><w:pitch w:val="variable"/><w:sig w:usb0="80000283" w:usb1="0000004A" w:usb2="00000000" w:usb3="00000000" w:csb0="00000005" w:csb1="00000000"/></w:font><w:font w:name="Proto Grotesk"><w:altName w:val="Calibri"/><w:charset w:val="00"/><w:family w:val="modern"/><w:notTrueType/><w:pitch w:val="variable"/><w:sig w:usb0="00000287" w:usb1="00000003" w:usb2="00000000" w:usb3="00000000" w:csb0="0000009F" w:csb1="00000000"/></w:font><w:font w:name="Spectral-Regular"><w:altName w:val="Calibri"/><w:charset w:val="00"/><w:family w:val="auto"/><w:notTrueType/><w:pitch w:val="default"/><w:sig w:usb0="00000203" w:usb1="00000000" w:usb2="00000000" w:usb3="00000000" w:csb0="00000005" w:csb1="00000000"/></w:font><w:font w:name="Spectral-Italic"><w:charset w:val="00"/><w:family w:val="auto"/><w:notTrueType/><w:pitch w:val="default"/><w:sig w:usb0="00000003" w:usb1="00000000" w:usb2="00000000" w:usb3="00000000" w:csb0="00000001" w:csb1="00000000"/></w:font><w:font w:name="Spectral"><w:altName w:val="Cambria"/><w:charset w:val="00"/><w:family w:val="roman"/><w:notTrueType/><w:pitch w:val="variable"/><w:sig w:usb0="E000027F" w:usb1="4000E43B" w:usb2="00000000" w:usb3="00000000" w:csb0="00000197" w:csb1="00000000"/></w:font><w:font w:name="Proto Grotesk Light"><w:altName w:val="Calibri"/><w:charset w:val="00"/><w:family w:val="modern"/><w:notTrueType/><w:pitch w:val="variable"/><w:sig w:usb0="00000287" w:usb1="00000003" w:usb2="00000000" w:usb3="00000000" w:csb0="0000009F" w:csb1="00000000"/></w:font><w:font w:name="Calibri Light"><w:panose1 w:val="020F0302020204030204"/><w:charset w:val="00"/><w:family w:val="swiss"/><w:pitch w:val="variable"/><w:sig w:usb0="E0002AFF" w:usb1="C000247B" w:usb2="00000009" w:usb3="00000000" w:csb0="000001FF" w:csb1="00000000"/></w:font></w:fonts>