<?xml version="1.0" encoding="UTF-8" standalone="yes"?>
<w:numbering xmlns:wpc="http://schemas.microsoft.com/office/word/2010/wordprocessingCanvas" xmlns:cx="http://schemas.microsoft.com/office/drawing/2014/chartex" xmlns:cx1="http://schemas.microsoft.com/office/drawing/2015/9/8/chartex" xmlns:mc="http://schemas.openxmlformats.org/markup-compatibility/2006" xmlns:o="urn:schemas-microsoft-com:office:office" xmlns:r="http://schemas.openxmlformats.org/officeDocument/2006/relationships" xmlns:m="http://schemas.openxmlformats.org/officeDocument/2006/math" xmlns:v="urn:schemas-microsoft-com:vml" xmlns:wp14="http://schemas.microsoft.com/office/word/2010/wordprocessingDrawing" xmlns:wp="http://schemas.openxmlformats.org/drawingml/2006/wordprocessingDrawing" xmlns:w10="urn:schemas-microsoft-com:office:word" xmlns:w="http://schemas.openxmlformats.org/wordprocessingml/2006/main" xmlns:w14="http://schemas.microsoft.com/office/word/2010/wordml" xmlns:w15="http://schemas.microsoft.com/office/word/2012/wordml" xmlns:w16se="http://schemas.microsoft.com/office/word/2015/wordml/symex" xmlns:wpg="http://schemas.microsoft.com/office/word/2010/wordprocessingGroup" xmlns:wpi="http://schemas.microsoft.com/office/word/2010/wordprocessingInk" xmlns:wne="http://schemas.microsoft.com/office/word/2006/wordml" xmlns:wps="http://schemas.microsoft.com/office/word/2010/wordprocessingShape" mc:Ignorable="w14 w15 w16se wp14"><w:abstractNum w:abstractNumId="0" w15:restartNumberingAfterBreak="0"><w:nsid w:val="04415834"/><w:multiLevelType w:val="hybridMultilevel"/><w:tmpl w:val="EDCA0BB8"/><w:lvl w:ilvl="0" w:tplc="0419000F"><w:start w:val="7"/><w:numFmt w:val="decimal"/><w:lvlText w:val="%1."/><w:lvlJc w:val="left"/><w:pPr><w:ind w:left="720" w:hanging="360"/></w:pPr><w:rPr><w:rFonts w:hint="default"/></w:rPr></w:lvl><w:lvl w:ilvl="1" w:tplc="04190019" w:tentative="1"><w:start w:val="1"/><w:numFmt w:val="lowerLetter"/><w:lvlText w:val="%2."/><w:lvlJc w:val="left"/><w:pPr><w:ind w:left="1440" w:hanging="360"/></w:pPr></w:lvl><w:lvl w:ilvl="2" w:tplc="0419001B" w:tentative="1"><w:start w:val="1"/><w:numFmt w:val="lowerRoman"/><w:lvlText w:val="%3."/><w:lvlJc w:val="right"/><w:pPr><w:ind w:left="2160" w:hanging="180"/></w:pPr></w:lvl><w:lvl w:ilvl="3" w:tplc="0419000F" w:tentative="1"><w:start w:val="1"/><w:numFmt w:val="decimal"/><w:lvlText w:val="%4."/><w:lvlJc w:val="left"/><w:pPr><w:ind w:left="2880" w:hanging="360"/></w:pPr></w:lvl><w:lvl w:ilvl="4" w:tplc="04190019" w:tentative="1"><w:start w:val="1"/><w:numFmt w:val="lowerLetter"/><w:lvlText w:val="%5."/><w:lvlJc w:val="left"/><w:pPr><w:ind w:left="3600" w:hanging="360"/></w:pPr></w:lvl><w:lvl w:ilvl="5" w:tplc="0419001B" w:tentative="1"><w:start w:val="1"/><w:numFmt w:val="lowerRoman"/><w:lvlText w:val="%6."/><w:lvlJc w:val="right"/><w:pPr><w:ind w:left="4320" w:hanging="180"/></w:pPr></w:lvl><w:lvl w:ilvl="6" w:tplc="0419000F" w:tentative="1"><w:start w:val="1"/><w:numFmt w:val="decimal"/><w:lvlText w:val="%7."/><w:lvlJc w:val="left"/><w:pPr><w:ind w:left="5040" w:hanging="360"/></w:pPr></w:lvl><w:lvl w:ilvl="7" w:tplc="04190019" w:tentative="1"><w:start w:val="1"/><w:numFmt w:val="lowerLetter"/><w:lvlText w:val="%8."/><w:lvlJc w:val="left"/><w:pPr><w:ind w:left="5760" w:hanging="360"/></w:pPr></w:lvl><w:lvl w:ilvl="8" w:tplc="0419001B" w:tentative="1"><w:start w:val="1"/><w:numFmt w:val="lowerRoman"/><w:lvlText w:val="%9."/><w:lvlJc w:val="right"/><w:pPr><w:ind w:left="6480" w:hanging="180"/></w:pPr></w:lvl></w:abstractNum><w:abstractNum w:abstractNumId="1" w15:restartNumberingAfterBreak="0"><w:nsid w:val="290C7C6C"/><w:multiLevelType w:val="multilevel"/><w:tmpl w:val="65226472"/><w:lvl w:ilvl="0"><w:start w:val="1"/><w:numFmt w:val="decimal"/><w:lvlText w:val="%1."/><w:lvlJc w:val="left"/><w:pPr><w:ind w:left="927" w:hanging="360"/></w:pPr><w:rPr><w:rFonts w:hint="default"/><w:color w:val="auto"/></w:rPr></w:lvl><w:lvl w:ilvl="1"><w:start w:val="1"/><w:numFmt w:val="decimal"/><w:isLgl/><w:lvlText w:val="%1.%2."/><w:lvlJc w:val="left"/><w:pPr><w:ind w:left="927" w:hanging="360"/></w:pPr><w:rPr><w:rFonts w:hint="default"/></w:rPr></w:lvl><w:lvl w:ilvl="2"><w:start w:val="1"/><w:numFmt w:val="decimal"/><w:isLgl/><w:lvlText w:val="%1.%2.%3."/><w:lvlJc w:val="left"/><w:pPr><w:ind w:left="1287" w:hanging="720"/></w:pPr><w:rPr><w:rFonts w:hint="default"/></w:rPr></w:lvl><w:lvl w:ilvl="3"><w:start w:val="1"/><w:numFmt w:val="decimal"/><w:isLgl/><w:lvlText w:val="%1.%2.%3.%4."/><w:lvlJc w:val="left"/><w:pPr><w:ind w:left="1287" w:hanging="720"/></w:pPr><w:rPr><w:rFonts w:hint="default"/></w:rPr></w:lvl><w:lvl w:ilvl="4"><w:start w:val="1"/><w:numFmt w:val="decimal"/><w:isLgl/><w:lvlText w:val="%1.%2.%3.%4.%5."/><w:lvlJc w:val="left"/><w:pPr><w:ind w:left="1647" w:hanging="1080"/></w:pPr><w:rPr><w:rFonts w:hint="default"/></w:rPr></w:lvl><w:lvl w:ilvl="5"><w:start w:val="1"/><w:numFmt w:val="decimal"/><w:isLgl/><w:lvlText w:val="%1.%2.%3.%4.%5.%6."/><w:lvlJc w:val="left"/><w:pPr><w:ind w:left="1647" w:hanging="1080"/></w:pPr><w:rPr><w:rFonts w:hint="default"/></w:rPr></w:lvl><w:lvl w:ilvl="6"><w:start w:val="1"/><w:numFmt w:val="decimal"/><w:isLgl/><w:lvlText w:val="%1.%2.%3.%4.%5.%6.%7."/><w:lvlJc w:val="left"/><w:pPr><w:ind w:left="2007" w:hanging="1440"/></w:pPr><w:rPr><w:rFonts w:hint="default"/></w:rPr></w:lvl><w:lvl w:ilvl="7"><w:start w:val="1"/><w:numFmt w:val="decimal"/><w:isLgl/><w:lvlText w:val="%1.%2.%3.%4.%5.%6.%7.%8."/><w:lvlJc w:val="left"/><w:pPr><w:ind w:left="2007" w:hanging="1440"/></w:pPr><w:rPr><w:rFonts w:hint="default"/></w:rPr></w:lvl><w:lvl w:ilvl="8"><w:start w:val="1"/><w:numFmt w:val="decimal"/><w:isLgl/><w:lvlText w:val="%1.%2.%3.%4.%5.%6.%7.%8.%9."/><w:lvlJc w:val="left"/><w:pPr><w:ind w:left="2367" w:hanging="1800"/></w:pPr><w:rPr><w:rFonts w:hint="default"/></w:rPr></w:lvl></w:abstractNum><w:abstractNum w:abstractNumId="2" w15:restartNumberingAfterBreak="0"><w:nsid w:val="41AA5190"/><w:multiLevelType w:val="multilevel"/><w:tmpl w:val="02BEA0DA"/><w:lvl w:ilvl="0"><w:start w:val="1"/><w:numFmt w:val="bullet"/><w:lvlText w:val=""/><w:lvlJc w:val="left"/><w:pPr><w:tabs><w:tab w:val="num" w:pos="720"/></w:tabs><w:ind w:left="720" w:hanging="360"/></w:pPr><w:rPr><w:rFonts w:ascii="Symbol" w:hAnsi="Symbol" w:hint="default"/><w:sz w:val="20"/></w:rPr></w:lvl><w:lvl w:ilvl="1"><w:start w:val="1"/><w:numFmt w:val="bullet"/><w:lvlText w:val="o"/><w:lvlJc w:val="left"/><w:pPr><w:tabs><w:tab w:val="num" w:pos="1440"/></w:tabs><w:ind w:left="1440" w:hanging="360"/></w:pPr><w:rPr><w:rFonts w:ascii="Courier New" w:hAnsi="Courier New" w:hint="default"/><w:sz w:val="20"/></w:rPr></w:lvl><w:lvl w:ilvl="2" w:tentative="1"><w:start w:val="1"/><w:numFmt w:val="bullet"/><w:lvlText w:val=""/><w:lvlJc w:val="left"/><w:pPr><w:tabs><w:tab w:val="num" w:pos="2160"/></w:tabs><w:ind w:left="2160" w:hanging="360"/></w:pPr><w:rPr><w:rFonts w:ascii="Wingdings" w:hAnsi="Wingdings" w:hint="default"/><w:sz w:val="20"/></w:rPr></w:lvl><w:lvl w:ilvl="3" w:tentative="1"><w:start w:val="1"/><w:numFmt w:val="bullet"/><w:lvlText w:val=""/><w:lvlJc w:val="left"/><w:pPr><w:tabs><w:tab w:val="num" w:pos="2880"/></w:tabs><w:ind w:left="2880" w:hanging="360"/></w:pPr><w:rPr><w:rFonts w:ascii="Wingdings" w:hAnsi="Wingdings" w:hint="default"/><w:sz w:val="20"/></w:rPr></w:lvl><w:lvl w:ilvl="4" w:tentative="1"><w:start w:val="1"/><w:numFmt w:val="bullet"/><w:lvlText w:val=""/><w:lvlJc w:val="left"/><w:pPr><w:tabs><w:tab w:val="num" w:pos="3600"/></w:tabs><w:ind w:left="3600" w:hanging="360"/></w:pPr><w:rPr><w:rFonts w:ascii="Wingdings" w:hAnsi="Wingdings" w:hint="default"/><w:sz w:val="20"/></w:rPr></w:lvl><w:lvl w:ilvl="5" w:tentative="1"><w:start w:val="1"/><w:numFmt w:val="bullet"/><w:lvlText w:val=""/><w:lvlJc w:val="left"/><w:pPr><w:tabs><w:tab w:val="num" w:pos="4320"/></w:tabs><w:ind w:left="4320" w:hanging="360"/></w:pPr><w:rPr><w:rFonts w:ascii="Wingdings" w:hAnsi="Wingdings" w:hint="default"/><w:sz w:val="20"/></w:rPr></w:lvl><w:lvl w:ilvl="6" w:tentative="1"><w:start w:val="1"/><w:numFmt w:val="bullet"/><w:lvlText w:val=""/><w:lvlJc w:val="left"/><w:pPr><w:tabs><w:tab w:val="num" w:pos="5040"/></w:tabs><w:ind w:left="5040" w:hanging="360"/></w:pPr><w:rPr><w:rFonts w:ascii="Wingdings" w:hAnsi="Wingdings" w:hint="default"/><w:sz w:val="20"/></w:rPr></w:lvl><w:lvl w:ilvl="7" w:tentative="1"><w:start w:val="1"/><w:numFmt w:val="bullet"/><w:lvlText w:val=""/><w:lvlJc w:val="left"/><w:pPr><w:tabs><w:tab w:val="num" w:pos="5760"/></w:tabs><w:ind w:left="5760" w:hanging="360"/></w:pPr><w:rPr><w:rFonts w:ascii="Wingdings" w:hAnsi="Wingdings" w:hint="default"/><w:sz w:val="20"/></w:rPr></w:lvl><w:lvl w:ilvl="8" w:tentative="1"><w:start w:val="1"/><w:numFmt w:val="bullet"/><w:lvlText w:val=""/><w:lvlJc w:val="left"/><w:pPr><w:tabs><w:tab w:val="num" w:pos="6480"/></w:tabs><w:ind w:left="6480" w:hanging="360"/></w:pPr><w:rPr><w:rFonts w:ascii="Wingdings" w:hAnsi="Wingdings" w:hint="default"/><w:sz w:val="20"/></w:rPr></w:lvl></w:abstractNum><w:abstractNum w:abstractNumId="3" w15:restartNumberingAfterBreak="0"><w:nsid w:val="4CB33699"/><w:multiLevelType w:val="multilevel"/><w:tmpl w:val="65226472"/><w:lvl w:ilvl="0"><w:start w:val="1"/><w:numFmt w:val="decimal"/><w:lvlText w:val="%1."/><w:lvlJc w:val="left"/><w:pPr><w:ind w:left="720" w:hanging="360"/></w:pPr><w:rPr><w:rFonts w:hint="default"/><w:color w:val="auto"/></w:rPr></w:lvl><w:lvl w:ilvl="1"><w:start w:val="1"/><w:numFmt w:val="decimal"/><w:isLgl/><w:lvlText w:val="%1.%2."/><w:lvlJc w:val="left"/><w:pPr><w:ind w:left="720" w:hanging="360"/></w:pPr><w:rPr><w:rFonts w:hint="default"/></w:rPr></w:lvl><w:lvl w:ilvl="2"><w:start w:val="1"/><w:numFmt w:val="decimal"/><w:isLgl/><w:lvlText w:val="%1.%2.%3."/><w:lvlJc w:val="left"/><w:pPr><w:ind w:left="1080" w:hanging="720"/></w:pPr><w:rPr><w:rFonts w:hint="default"/></w:rPr></w:lvl><w:lvl w:ilvl="3"><w:start w:val="1"/><w:numFmt w:val="decimal"/><w:isLgl/><w:lvlText w:val="%1.%2.%3.%4."/><w:lvlJc w:val="left"/><w:pPr><w:ind w:left="1080" w:hanging="720"/></w:pPr><w:rPr><w:rFonts w:hint="default"/></w:rPr></w:lvl><w:lvl w:ilvl="4"><w:start w:val="1"/><w:numFmt w:val="decimal"/><w:isLgl/><w:lvlText w:val="%1.%2.%3.%4.%5."/><w:lvlJc w:val="left"/><w:pPr><w:ind w:left="1440" w:hanging="1080"/></w:pPr><w:rPr><w:rFonts w:hint="default"/></w:rPr></w:lvl><w:lvl w:ilvl="5"><w:start w:val="1"/><w:numFmt w:val="decimal"/><w:isLgl/><w:lvlText w:val="%1.%2.%3.%4.%5.%6."/><w:lvlJc w:val="left"/><w:pPr><w:ind w:left="1440" w:hanging="1080"/></w:pPr><w:rPr><w:rFonts w:hint="default"/></w:rPr></w:lvl><w:lvl w:ilvl="6"><w:start w:val="1"/><w:numFmt w:val="decimal"/><w:isLgl/><w:lvlText w:val="%1.%2.%3.%4.%5.%6.%7."/><w:lvlJc w:val="left"/><w:pPr><w:ind w:left="1800" w:hanging="1440"/></w:pPr><w:rPr><w:rFonts w:hint="default"/></w:rPr></w:lvl><w:lvl w:ilvl="7"><w:start w:val="1"/><w:numFmt w:val="decimal"/><w:isLgl/><w:lvlText w:val="%1.%2.%3.%4.%5.%6.%7.%8."/><w:lvlJc w:val="left"/><w:pPr><w:ind w:left="1800" w:hanging="1440"/></w:pPr><w:rPr><w:rFonts w:hint="default"/></w:rPr></w:lvl><w:lvl w:ilvl="8"><w:start w:val="1"/><w:numFmt w:val="decimal"/><w:isLgl/><w:lvlText w:val="%1.%2.%3.%4.%5.%6.%7.%8.%9."/><w:lvlJc w:val="left"/><w:pPr><w:ind w:left="2160" w:hanging="1800"/></w:pPr><w:rPr><w:rFonts w:hint="default"/></w:rPr></w:lvl></w:abstractNum><w:abstractNum w:abstractNumId="4" w15:restartNumberingAfterBreak="0"><w:nsid w:val="56DD2A55"/><w:multiLevelType w:val="multilevel"/><w:tmpl w:val="65226472"/><w:lvl w:ilvl="0"><w:start w:val="1"/><w:numFmt w:val="decimal"/><w:lvlText w:val="%1."/><w:lvlJc w:val="left"/><w:pPr><w:ind w:left="720" w:hanging="360"/></w:pPr><w:rPr><w:rFonts w:hint="default"/><w:color w:val="auto"/></w:rPr></w:lvl><w:lvl w:ilvl="1"><w:start w:val="1"/><w:numFmt w:val="decimal"/><w:isLgl/><w:lvlText w:val="%1.%2."/><w:lvlJc w:val="left"/><w:pPr><w:ind w:left="720" w:hanging="360"/></w:pPr><w:rPr><w:rFonts w:hint="default"/></w:rPr></w:lvl><w:lvl w:ilvl="2"><w:start w:val="1"/><w:numFmt w:val="decimal"/><w:isLgl/><w:lvlText w:val="%1.%2.%3."/><w:lvlJc w:val="left"/><w:pPr><w:ind w:left="1080" w:hanging="720"/></w:pPr><w:rPr><w:rFonts w:hint="default"/></w:rPr></w:lvl><w:lvl w:ilvl="3"><w:start w:val="1"/><w:numFmt w:val="decimal"/><w:isLgl/><w:lvlText w:val="%1.%2.%3.%4."/><w:lvlJc w:val="left"/><w:pPr><w:ind w:left="1080" w:hanging="720"/></w:pPr><w:rPr><w:rFonts w:hint="default"/></w:rPr></w:lvl><w:lvl w:ilvl="4"><w:start w:val="1"/><w:numFmt w:val="decimal"/><w:isLgl/><w:lvlText w:val="%1.%2.%3.%4.%5."/><w:lvlJc w:val="left"/><w:pPr><w:ind w:left="1440" w:hanging="1080"/></w:pPr><w:rPr><w:rFonts w:hint="default"/></w:rPr></w:lvl><w:lvl w:ilvl="5"><w:start w:val="1"/><w:numFmt w:val="decimal"/><w:isLgl/><w:lvlText w:val="%1.%2.%3.%4.%5.%6."/><w:lvlJc w:val="left"/><w:pPr><w:ind w:left="1440" w:hanging="1080"/></w:pPr><w:rPr><w:rFonts w:hint="default"/></w:rPr></w:lvl><w:lvl w:ilvl="6"><w:start w:val="1"/><w:numFmt w:val="decimal"/><w:isLgl/><w:lvlText w:val="%1.%2.%3.%4.%5.%6.%7."/><w:lvlJc w:val="left"/><w:pPr><w:ind w:left="1800" w:hanging="1440"/></w:pPr><w:rPr><w:rFonts w:hint="default"/></w:rPr></w:lvl><w:lvl w:ilvl="7"><w:start w:val="1"/><w:numFmt w:val="decimal"/><w:isLgl/><w:lvlText w:val="%1.%2.%3.%4.%5.%6.%7.%8."/><w:lvlJc w:val="left"/><w:pPr><w:ind w:left="1800" w:hanging="1440"/></w:pPr><w:rPr><w:rFonts w:hint="default"/></w:rPr></w:lvl><w:lvl w:ilvl="8"><w:start w:val="1"/><w:numFmt w:val="decimal"/><w:isLgl/><w:lvlText w:val="%1.%2.%3.%4.%5.%6.%7.%8.%9."/><w:lvlJc w:val="left"/><w:pPr><w:ind w:left="2160" w:hanging="1800"/></w:pPr><w:rPr><w:rFonts w:hint="default"/></w:rPr></w:lvl></w:abstractNum><w:num w:numId="1"><w:abstractNumId w:val="1"/></w:num><w:num w:numId="2"><w:abstractNumId w:val="4"/></w:num><w:num w:numId="3"><w:abstractNumId w:val="3"/></w:num><w:num w:numId="4"><w:abstractNumId w:val="0"/></w:num><w:num w:numId="5"><w:abstractNumId w:val="2"/></w:num></w:numbering>