﻿<?xml version="1.0" encoding="utf-8" standalone="yes"?><w:fonts xmlns:w="http://schemas.openxmlformats.org/wordprocessingml/2006/main" xmlns:r="http://schemas.openxmlformats.org/officeDocument/2006/relationships"><w:font w:name="Times New Roman"><w:charset w:val="00" /><w:family w:val="roman" /><w:pitch w:val="variable" /></w:font><w:font w:name="Symbol"><w:charset w:val="02" /><w:family w:val="roman" /><w:pitch w:val="variable" /></w:font><w:font w:name="Arial"><w:charset w:val="00" /><w:family w:val="swiss" /><w:pitch w:val="variable" /></w:font><w:font w:name="Times New Roman"><w:charset w:val="01" /><w:family w:val="roman" /><w:pitch w:val="variable" /></w:font><w:font w:name="Times New Roman"><w:charset w:val="cc" /><w:family w:val="roman" /><w:pitch w:val="variable" /></w:font><w:font w:name="Arial"><w:charset w:val="01" /><w:family w:val="swiss" /><w:pitch w:val="variable" /></w:font></w:fonts>