﻿<?xml version="1.0" encoding="utf-8" standalone="yes"?><w:styles xmlns:wp14="http://schemas.microsoft.com/office/word/2010/wordprocessingDrawing" xmlns:w="http://schemas.openxmlformats.org/wordprocessingml/2006/main" xmlns:w14="http://schemas.microsoft.com/office/word/2010/wordml" xmlns:mc="http://schemas.openxmlformats.org/markup-compatibility/2006" mc:Ignorable="w14 wp14"><w:docDefaults><w:rPrDefault><w:rPr><w:rFonts w:ascii="Times New Roman" w:hAnsi="Times New Roman" w:eastAsia="DejaVu Sans" w:cs="DejaVu Sans" /><w:sz w:val="24" /><w:szCs w:val="24" /><w:lang w:val="en-US" w:eastAsia="zh-CN" w:bidi="hi-IN" /></w:rPr></w:rPrDefault><w:pPrDefault><w:pPr /></w:pPrDefault></w:docDefaults><w:style w:type="paragraph" w:styleId="Normal"><w:name w:val="Normal" /><w:qFormat /><w:pPr><w:widowControl /><w:autoSpaceDE w:val="false" /><w:bidi w:val="0" /></w:pPr><w:rPr><w:rFonts w:ascii="Times New Roman" w:hAnsi="Times New Roman" w:eastAsia="Times New Roman" w:cs="Times New Roman" /><w:color w:val="auto" /><w:sz w:val="20" /><w:szCs w:val="20" /><w:lang w:val="ru-RU" w:eastAsia="zh-CN" w:bidi="ar-SA" /></w:rPr></w:style><w:style w:type="character" w:styleId="Style14"><w:name w:val="Основной шрифт абзаца" /><w:qFormat /><w:rPr /></w:style><w:style w:type="character" w:styleId="Style15"><w:name w:val="Верхний колонтитул Знак" /><w:basedOn w:val="Style14" /><w:qFormat /><w:rPr><w:rFonts w:ascii="Times New Roman" w:hAnsi="Times New Roman" w:cs="Times New Roman" /><w:sz w:val="20" /><w:szCs w:val="20" /></w:rPr></w:style><w:style w:type="character" w:styleId="Style16"><w:name w:val="Нижний колонтитул Знак" /><w:basedOn w:val="Style14" /><w:qFormat /><w:rPr><w:rFonts w:ascii="Times New Roman" w:hAnsi="Times New Roman" w:cs="Times New Roman" /><w:sz w:val="20" /><w:szCs w:val="20" /></w:rPr></w:style><w:style w:type="character" w:styleId="Style17"><w:name w:val="Текст сноски Знак" /><w:basedOn w:val="Style14" /><w:qFormat /><w:rPr><w:rFonts w:ascii="Times New Roman" w:hAnsi="Times New Roman" w:cs="Times New Roman" /><w:sz w:val="20" /><w:szCs w:val="20" /></w:rPr></w:style><w:style w:type="character" w:styleId="FootnoteCharacters"><w:name w:val="Footnote Characters" /><w:basedOn w:val="Style14" /><w:qFormat /><w:rPr><w:vertAlign w:val="superscript" /></w:rPr></w:style><w:style w:type="paragraph" w:styleId="Heading"><w:name w:val="Heading" /><w:basedOn w:val="Normal" /><w:next w:val="TextBody" /><w:qFormat /><w:pPr><w:keepNext w:val="true" /><w:spacing w:before="240" w:after="120" /></w:pPr><w:rPr><w:rFonts w:ascii="Arial" w:hAnsi="Arial" w:eastAsia="DejaVu Sans" w:cs="DejaVu Sans" /><w:sz w:val="28" /><w:szCs w:val="28" /></w:rPr></w:style><w:style w:type="paragraph" w:styleId="TextBody"><w:name w:val="Body Text" /><w:basedOn w:val="Normal" /><w:pPr><w:spacing w:before="0" w:after="140" w:line="276" w:lineRule="auto" /></w:pPr><w:rPr /></w:style><w:style w:type="paragraph" w:styleId="List"><w:name w:val="List" /><w:basedOn w:val="TextBody" /><w:pPr /><w:rPr /></w:style><w:style w:type="paragraph" w:styleId="Caption"><w:name w:val="Caption" /><w:basedOn w:val="Normal" /><w:qFormat /><w:pPr><w:suppressLineNumbers /><w:spacing w:before="120" w:after="120" /></w:pPr><w:rPr><w:i /><w:iCs /><w:sz w:val="24" /><w:szCs w:val="24" /></w:rPr></w:style><w:style w:type="paragraph" w:styleId="Index"><w:name w:val="Index" /><w:basedOn w:val="Normal" /><w:qFormat /><w:pPr><w:suppressLineNumbers /></w:pPr><w:rPr /></w:style><w:style w:type="paragraph" w:styleId="Header"><w:name w:val="header" /><w:basedOn w:val="Normal" /><w:pPr><w:tabs><w:tab w:val="clear" w:pos="720" /><w:tab w:val="center" w:leader="none" w:pos="4153" /><w:tab w:val="right" w:leader="none" w:pos="8306" /></w:tabs></w:pPr><w:rPr /></w:style><w:style w:type="paragraph" w:styleId="Footer"><w:name w:val="footer" /><w:basedOn w:val="Normal" /><w:pPr><w:tabs><w:tab w:val="clear" w:pos="720" /><w:tab w:val="center" w:leader="none" w:pos="4153" /><w:tab w:val="right" w:leader="none" w:pos="8306" /></w:tabs></w:pPr><w:rPr /></w:style><w:style w:type="paragraph" w:styleId="Footnote"><w:name w:val="Footnote Text" /><w:basedOn w:val="Normal" /><w:pPr /><w:rPr /></w:style><w:style w:type="paragraph" w:styleId="TableContents"><w:name w:val="Table Contents" /><w:basedOn w:val="Normal" /><w:qFormat /><w:pPr><w:suppressLineNumbers /></w:pPr><w:rPr /></w:style><w:style w:type="paragraph" w:styleId="TableHeading"><w:name w:val="Table Heading" /><w:basedOn w:val="TableContents" /><w:qFormat /><w:pPr><w:suppressLineNumbers /><w:jc w:val="center" /></w:pPr><w:rPr><w:b /><w:bCs /></w:rPr></w:style></w:styles>