<?xml version="1.0" encoding="UTF-8" standalone="yes"?>
<w:numbering xmlns:wpc="http://schemas.microsoft.com/office/word/2010/wordprocessingCanvas" xmlns:mc="http://schemas.openxmlformats.org/markup-compatibility/2006" xmlns:o="urn:schemas-microsoft-com:office:office" xmlns:r="http://schemas.openxmlformats.org/officeDocument/2006/relationships" xmlns:m="http://schemas.openxmlformats.org/officeDocument/2006/math" xmlns:v="urn:schemas-microsoft-com:vml" xmlns:wp14="http://schemas.microsoft.com/office/word/2010/wordprocessingDrawing" xmlns:wp="http://schemas.openxmlformats.org/drawingml/2006/wordprocessingDrawing" xmlns:w10="urn:schemas-microsoft-com:office:word" xmlns:w="http://schemas.openxmlformats.org/wordprocessingml/2006/main" xmlns:w14="http://schemas.microsoft.com/office/word/2010/wordml" xmlns:wpg="http://schemas.microsoft.com/office/word/2010/wordprocessingGroup" xmlns:wpi="http://schemas.microsoft.com/office/word/2010/wordprocessingInk" xmlns:wne="http://schemas.microsoft.com/office/word/2006/wordml" xmlns:wps="http://schemas.microsoft.com/office/word/2010/wordprocessingShape" mc:Ignorable="w14 wp14"><w:abstractNum w:abstractNumId="0"><w:nsid w:val="11C90C12"/><w:multiLevelType w:val="hybridMultilevel"/><w:tmpl w:val="C61254B6"/><w:lvl w:ilvl="0" w:tplc="50043F76"><w:start w:val="1"/><w:numFmt w:val="decimal"/><w:lvlText w:val="%1."/><w:lvlJc w:val="left"/><w:pPr><w:ind w:left="927" w:hanging="360"/></w:pPr><w:rPr><w:rFonts w:hint="default"/></w:rPr></w:lvl><w:lvl w:ilvl="1" w:tplc="1C60F67E" w:tentative="1"><w:start w:val="1"/><w:numFmt w:val="lowerLetter"/><w:lvlText w:val="%2."/><w:lvlJc w:val="left"/><w:pPr><w:ind w:left="1647" w:hanging="360"/></w:pPr></w:lvl><w:lvl w:ilvl="2" w:tplc="F9DC05A4" w:tentative="1"><w:start w:val="1"/><w:numFmt w:val="lowerRoman"/><w:lvlText w:val="%3."/><w:lvlJc w:val="right"/><w:pPr><w:ind w:left="2367" w:hanging="180"/></w:pPr></w:lvl><w:lvl w:ilvl="3" w:tplc="9EE89C26" w:tentative="1"><w:start w:val="1"/><w:numFmt w:val="decimal"/><w:lvlText w:val="%4."/><w:lvlJc w:val="left"/><w:pPr><w:ind w:left="3087" w:hanging="360"/></w:pPr></w:lvl><w:lvl w:ilvl="4" w:tplc="075A8044" w:tentative="1"><w:start w:val="1"/><w:numFmt w:val="lowerLetter"/><w:lvlText w:val="%5."/><w:lvlJc w:val="left"/><w:pPr><w:ind w:left="3807" w:hanging="360"/></w:pPr></w:lvl><w:lvl w:ilvl="5" w:tplc="56CAF8CE" w:tentative="1"><w:start w:val="1"/><w:numFmt w:val="lowerRoman"/><w:lvlText w:val="%6."/><w:lvlJc w:val="right"/><w:pPr><w:ind w:left="4527" w:hanging="180"/></w:pPr></w:lvl><w:lvl w:ilvl="6" w:tplc="BE6CD694" w:tentative="1"><w:start w:val="1"/><w:numFmt w:val="decimal"/><w:lvlText w:val="%7."/><w:lvlJc w:val="left"/><w:pPr><w:ind w:left="5247" w:hanging="360"/></w:pPr></w:lvl><w:lvl w:ilvl="7" w:tplc="9BE2B9E8" w:tentative="1"><w:start w:val="1"/><w:numFmt w:val="lowerLetter"/><w:lvlText w:val="%8."/><w:lvlJc w:val="left"/><w:pPr><w:ind w:left="5967" w:hanging="360"/></w:pPr></w:lvl><w:lvl w:ilvl="8" w:tplc="B14407D0" w:tentative="1"><w:start w:val="1"/><w:numFmt w:val="lowerRoman"/><w:lvlText w:val="%9."/><w:lvlJc w:val="right"/><w:pPr><w:ind w:left="6687" w:hanging="180"/></w:pPr></w:lvl></w:abstractNum><w:abstractNum w:abstractNumId="1"><w:nsid w:val="1ECD53EC"/><w:multiLevelType w:val="multilevel"/><w:tmpl w:val="92FA1D5A"/><w:lvl w:ilvl="0"><w:start w:val="3"/><w:numFmt w:val="decimal"/><w:lvlText w:val="%1."/><w:lvlJc w:val="left"/><w:pPr><w:ind w:left="675" w:hanging="675"/></w:pPr><w:rPr><w:rFonts w:hint="default"/></w:rPr></w:lvl><w:lvl w:ilvl="1"><w:start w:val="4"/><w:numFmt w:val="decimal"/><w:lvlText w:val="%1.%2."/><w:lvlJc w:val="left"/><w:pPr><w:ind w:left="1003" w:hanging="720"/></w:pPr><w:rPr><w:rFonts w:hint="default"/></w:rPr></w:lvl><w:lvl w:ilvl="2"><w:start w:val="2"/><w:numFmt w:val="decimal"/><w:lvlText w:val="%1.%2.%3."/><w:lvlJc w:val="left"/><w:pPr><w:ind w:left="1286" w:hanging="720"/></w:pPr><w:rPr><w:rFonts w:hint="default"/></w:rPr></w:lvl><w:lvl w:ilvl="3"><w:start w:val="1"/><w:numFmt w:val="decimal"/><w:lvlText w:val="%1.%2.%3.%4."/><w:lvlJc w:val="left"/><w:pPr><w:ind w:left="1929" w:hanging="1080"/></w:pPr><w:rPr><w:rFonts w:hint="default"/></w:rPr></w:lvl><w:lvl w:ilvl="4"><w:start w:val="1"/><w:numFmt w:val="decimal"/><w:lvlText w:val="%1.%2.%3.%4.%5."/><w:lvlJc w:val="left"/><w:pPr><w:ind w:left="2212" w:hanging="1080"/></w:pPr><w:rPr><w:rFonts w:hint="default"/></w:rPr></w:lvl><w:lvl w:ilvl="5"><w:start w:val="1"/><w:numFmt w:val="decimal"/><w:lvlText w:val="%1.%2.%3.%4.%5.%6."/><w:lvlJc w:val="left"/><w:pPr><w:ind w:left="2855" w:hanging="1440"/></w:pPr><w:rPr><w:rFonts w:hint="default"/></w:rPr></w:lvl><w:lvl w:ilvl="6"><w:start w:val="1"/><w:numFmt w:val="decimal"/><w:lvlText w:val="%1.%2.%3.%4.%5.%6.%7."/><w:lvlJc w:val="left"/><w:pPr><w:ind w:left="3498" w:hanging="1800"/></w:pPr><w:rPr><w:rFonts w:hint="default"/></w:rPr></w:lvl><w:lvl w:ilvl="7"><w:start w:val="1"/><w:numFmt w:val="decimal"/><w:lvlText w:val="%1.%2.%3.%4.%5.%6.%7.%8."/><w:lvlJc w:val="left"/><w:pPr><w:ind w:left="3781" w:hanging="1800"/></w:pPr><w:rPr><w:rFonts w:hint="default"/></w:rPr></w:lvl><w:lvl w:ilvl="8"><w:start w:val="1"/><w:numFmt w:val="decimal"/><w:lvlText w:val="%1.%2.%3.%4.%5.%6.%7.%8.%9."/><w:lvlJc w:val="left"/><w:pPr><w:ind w:left="4424" w:hanging="2160"/></w:pPr><w:rPr><w:rFonts w:hint="default"/></w:rPr></w:lvl></w:abstractNum><w:abstractNum w:abstractNumId="2"><w:nsid w:val="25FE3644"/><w:multiLevelType w:val="hybridMultilevel"/><w:tmpl w:val="355EAC7C"/><w:lvl w:ilvl="0" w:tplc="4260DE2C"><w:start w:val="1"/><w:numFmt w:val="decimal"/><w:lvlText w:val="%1."/><w:lvlJc w:val="left"/><w:pPr><w:ind w:left="927" w:hanging="360"/></w:pPr><w:rPr><w:rFonts w:hint="default"/></w:rPr></w:lvl><w:lvl w:ilvl="1" w:tplc="F688834E" w:tentative="1"><w:start w:val="1"/><w:numFmt w:val="lowerLetter"/><w:lvlText w:val="%2."/><w:lvlJc w:val="left"/><w:pPr><w:ind w:left="1647" w:hanging="360"/></w:pPr></w:lvl><w:lvl w:ilvl="2" w:tplc="EEEEDC6E" w:tentative="1"><w:start w:val="1"/><w:numFmt w:val="lowerRoman"/><w:lvlText w:val="%3."/><w:lvlJc w:val="right"/><w:pPr><w:ind w:left="2367" w:hanging="180"/></w:pPr></w:lvl><w:lvl w:ilvl="3" w:tplc="EFF2BD86" w:tentative="1"><w:start w:val="1"/><w:numFmt w:val="decimal"/><w:lvlText w:val="%4."/><w:lvlJc w:val="left"/><w:pPr><w:ind w:left="3087" w:hanging="360"/></w:pPr></w:lvl><w:lvl w:ilvl="4" w:tplc="611E4600" w:tentative="1"><w:start w:val="1"/><w:numFmt w:val="lowerLetter"/><w:lvlText w:val="%5."/><w:lvlJc w:val="left"/><w:pPr><w:ind w:left="3807" w:hanging="360"/></w:pPr></w:lvl><w:lvl w:ilvl="5" w:tplc="EA94C5D0" w:tentative="1"><w:start w:val="1"/><w:numFmt w:val="lowerRoman"/><w:lvlText w:val="%6."/><w:lvlJc w:val="right"/><w:pPr><w:ind w:left="4527" w:hanging="180"/></w:pPr></w:lvl><w:lvl w:ilvl="6" w:tplc="65CA7554" w:tentative="1"><w:start w:val="1"/><w:numFmt w:val="decimal"/><w:lvlText w:val="%7."/><w:lvlJc w:val="left"/><w:pPr><w:ind w:left="5247" w:hanging="360"/></w:pPr></w:lvl><w:lvl w:ilvl="7" w:tplc="83DE51F8" w:tentative="1"><w:start w:val="1"/><w:numFmt w:val="lowerLetter"/><w:lvlText w:val="%8."/><w:lvlJc w:val="left"/><w:pPr><w:ind w:left="5967" w:hanging="360"/></w:pPr></w:lvl><w:lvl w:ilvl="8" w:tplc="FBBCF202" w:tentative="1"><w:start w:val="1"/><w:numFmt w:val="lowerRoman"/><w:lvlText w:val="%9."/><w:lvlJc w:val="right"/><w:pPr><w:ind w:left="6687" w:hanging="180"/></w:pPr></w:lvl></w:abstractNum><w:abstractNum w:abstractNumId="3"><w:nsid w:val="26233FE5"/><w:multiLevelType w:val="hybridMultilevel"/><w:tmpl w:val="AA9234FA"/><w:lvl w:ilvl="0" w:tplc="6EE236E6"><w:start w:val="1"/><w:numFmt w:val="decimal"/><w:lvlText w:val="%1."/><w:lvlJc w:val="left"/><w:pPr><w:ind w:left="1069" w:hanging="360"/></w:pPr><w:rPr><w:rFonts w:hint="default"/></w:rPr></w:lvl><w:lvl w:ilvl="1" w:tplc="9B8EFE42" w:tentative="1"><w:start w:val="1"/><w:numFmt w:val="lowerLetter"/><w:lvlText w:val="%2."/><w:lvlJc w:val="left"/><w:pPr><w:ind w:left="1789" w:hanging="360"/></w:pPr></w:lvl><w:lvl w:ilvl="2" w:tplc="DC3ED670" w:tentative="1"><w:start w:val="1"/><w:numFmt w:val="lowerRoman"/><w:lvlText w:val="%3."/><w:lvlJc w:val="right"/><w:pPr><w:ind w:left="2509" w:hanging="180"/></w:pPr></w:lvl><w:lvl w:ilvl="3" w:tplc="38A690A4" w:tentative="1"><w:start w:val="1"/><w:numFmt w:val="decimal"/><w:lvlText w:val="%4."/><w:lvlJc w:val="left"/><w:pPr><w:ind w:left="3229" w:hanging="360"/></w:pPr></w:lvl><w:lvl w:ilvl="4" w:tplc="5FBC4368" w:tentative="1"><w:start w:val="1"/><w:numFmt w:val="lowerLetter"/><w:lvlText w:val="%5."/><w:lvlJc w:val="left"/><w:pPr><w:ind w:left="3949" w:hanging="360"/></w:pPr></w:lvl><w:lvl w:ilvl="5" w:tplc="52AE5746" w:tentative="1"><w:start w:val="1"/><w:numFmt w:val="lowerRoman"/><w:lvlText w:val="%6."/><w:lvlJc w:val="right"/><w:pPr><w:ind w:left="4669" w:hanging="180"/></w:pPr></w:lvl><w:lvl w:ilvl="6" w:tplc="B3C4E184" w:tentative="1"><w:start w:val="1"/><w:numFmt w:val="decimal"/><w:lvlText w:val="%7."/><w:lvlJc w:val="left"/><w:pPr><w:ind w:left="5389" w:hanging="360"/></w:pPr></w:lvl><w:lvl w:ilvl="7" w:tplc="19B0DC40" w:tentative="1"><w:start w:val="1"/><w:numFmt w:val="lowerLetter"/><w:lvlText w:val="%8."/><w:lvlJc w:val="left"/><w:pPr><w:ind w:left="6109" w:hanging="360"/></w:pPr></w:lvl><w:lvl w:ilvl="8" w:tplc="FE5A6D1A" w:tentative="1"><w:start w:val="1"/><w:numFmt w:val="lowerRoman"/><w:lvlText w:val="%9."/><w:lvlJc w:val="right"/><w:pPr><w:ind w:left="6829" w:hanging="180"/></w:pPr></w:lvl></w:abstractNum><w:abstractNum w:abstractNumId="4"><w:nsid w:val="29751E5F"/><w:multiLevelType w:val="multilevel"/><w:tmpl w:val="94C24DF6"/><w:lvl w:ilvl="0"><w:start w:val="3"/><w:numFmt w:val="decimal"/><w:lvlText w:val="%1."/><w:lvlJc w:val="left"/><w:pPr><w:ind w:left="675" w:hanging="675"/></w:pPr><w:rPr><w:rFonts w:hint="default"/></w:rPr></w:lvl><w:lvl w:ilvl="1"><w:start w:val="5"/><w:numFmt w:val="decimal"/><w:lvlText w:val="%1.%2."/><w:lvlJc w:val="left"/><w:pPr><w:ind w:left="1003" w:hanging="720"/></w:pPr><w:rPr><w:rFonts w:hint="default"/></w:rPr></w:lvl><w:lvl w:ilvl="2"><w:start w:val="1"/><w:numFmt w:val="decimal"/><w:lvlText w:val="%1.%2.%3."/><w:lvlJc w:val="left"/><w:pPr><w:ind w:left="1286" w:hanging="720"/></w:pPr><w:rPr><w:rFonts w:hint="default"/></w:rPr></w:lvl><w:lvl w:ilvl="3"><w:start w:val="1"/><w:numFmt w:val="decimal"/><w:lvlText w:val="%1.%2.%3.%4."/><w:lvlJc w:val="left"/><w:pPr><w:ind w:left="1929" w:hanging="1080"/></w:pPr><w:rPr><w:rFonts w:hint="default"/></w:rPr></w:lvl><w:lvl w:ilvl="4"><w:start w:val="1"/><w:numFmt w:val="decimal"/><w:lvlText w:val="%1.%2.%3.%4.%5."/><w:lvlJc w:val="left"/><w:pPr><w:ind w:left="2212" w:hanging="1080"/></w:pPr><w:rPr><w:rFonts w:hint="default"/></w:rPr></w:lvl><w:lvl w:ilvl="5"><w:start w:val="1"/><w:numFmt w:val="decimal"/><w:lvlText w:val="%1.%2.%3.%4.%5.%6."/><w:lvlJc w:val="left"/><w:pPr><w:ind w:left="2855" w:hanging="1440"/></w:pPr><w:rPr><w:rFonts w:hint="default"/></w:rPr></w:lvl><w:lvl w:ilvl="6"><w:start w:val="1"/><w:numFmt w:val="decimal"/><w:lvlText w:val="%1.%2.%3.%4.%5.%6.%7."/><w:lvlJc w:val="left"/><w:pPr><w:ind w:left="3498" w:hanging="1800"/></w:pPr><w:rPr><w:rFonts w:hint="default"/></w:rPr></w:lvl><w:lvl w:ilvl="7"><w:start w:val="1"/><w:numFmt w:val="decimal"/><w:lvlText w:val="%1.%2.%3.%4.%5.%6.%7.%8."/><w:lvlJc w:val="left"/><w:pPr><w:ind w:left="3781" w:hanging="1800"/></w:pPr><w:rPr><w:rFonts w:hint="default"/></w:rPr></w:lvl><w:lvl w:ilvl="8"><w:start w:val="1"/><w:numFmt w:val="decimal"/><w:lvlText w:val="%1.%2.%3.%4.%5.%6.%7.%8.%9."/><w:lvlJc w:val="left"/><w:pPr><w:ind w:left="4424" w:hanging="2160"/></w:pPr><w:rPr><w:rFonts w:hint="default"/></w:rPr></w:lvl></w:abstractNum><w:abstractNum w:abstractNumId="5"><w:nsid w:val="51D05FF6"/><w:multiLevelType w:val="hybridMultilevel"/><w:tmpl w:val="713ECC2C"/><w:lvl w:ilvl="0" w:tplc="9BA6CA5A"><w:start w:val="1"/><w:numFmt w:val="decimal"/><w:lvlText w:val="%1."/><w:lvlJc w:val="left"/><w:pPr><w:ind w:left="927" w:hanging="360"/></w:pPr><w:rPr><w:rFonts w:hint="default"/></w:rPr></w:lvl><w:lvl w:ilvl="1" w:tplc="5D06341C" w:tentative="1"><w:start w:val="1"/><w:numFmt w:val="lowerLetter"/><w:lvlText w:val="%2."/><w:lvlJc w:val="left"/><w:pPr><w:ind w:left="1647" w:hanging="360"/></w:pPr></w:lvl><w:lvl w:ilvl="2" w:tplc="86CA9340" w:tentative="1"><w:start w:val="1"/><w:numFmt w:val="lowerRoman"/><w:lvlText w:val="%3."/><w:lvlJc w:val="right"/><w:pPr><w:ind w:left="2367" w:hanging="180"/></w:pPr></w:lvl><w:lvl w:ilvl="3" w:tplc="83421F68" w:tentative="1"><w:start w:val="1"/><w:numFmt w:val="decimal"/><w:lvlText w:val="%4."/><w:lvlJc w:val="left"/><w:pPr><w:ind w:left="3087" w:hanging="360"/></w:pPr></w:lvl><w:lvl w:ilvl="4" w:tplc="4E6CE5BA" w:tentative="1"><w:start w:val="1"/><w:numFmt w:val="lowerLetter"/><w:lvlText w:val="%5."/><w:lvlJc w:val="left"/><w:pPr><w:ind w:left="3807" w:hanging="360"/></w:pPr></w:lvl><w:lvl w:ilvl="5" w:tplc="9E129CFA" w:tentative="1"><w:start w:val="1"/><w:numFmt w:val="lowerRoman"/><w:lvlText w:val="%6."/><w:lvlJc w:val="right"/><w:pPr><w:ind w:left="4527" w:hanging="180"/></w:pPr></w:lvl><w:lvl w:ilvl="6" w:tplc="9D4CDDC0" w:tentative="1"><w:start w:val="1"/><w:numFmt w:val="decimal"/><w:lvlText w:val="%7."/><w:lvlJc w:val="left"/><w:pPr><w:ind w:left="5247" w:hanging="360"/></w:pPr></w:lvl><w:lvl w:ilvl="7" w:tplc="A4A4B2F0" w:tentative="1"><w:start w:val="1"/><w:numFmt w:val="lowerLetter"/><w:lvlText w:val="%8."/><w:lvlJc w:val="left"/><w:pPr><w:ind w:left="5967" w:hanging="360"/></w:pPr></w:lvl><w:lvl w:ilvl="8" w:tplc="1BB68792" w:tentative="1"><w:start w:val="1"/><w:numFmt w:val="lowerRoman"/><w:lvlText w:val="%9."/><w:lvlJc w:val="right"/><w:pPr><w:ind w:left="6687" w:hanging="180"/></w:pPr></w:lvl></w:abstractNum><w:abstractNum w:abstractNumId="6"><w:nsid w:val="5F8A7FD1"/><w:multiLevelType w:val="multilevel"/><w:tmpl w:val="A53C6A98"/><w:lvl w:ilvl="0"><w:start w:val="4"/><w:numFmt w:val="decimal"/><w:lvlText w:val="%1."/><w:lvlJc w:val="left"/><w:pPr><w:ind w:left="450" w:hanging="450"/></w:pPr><w:rPr><w:rFonts w:hint="default"/></w:rPr></w:lvl><w:lvl w:ilvl="1"><w:start w:val="2"/><w:numFmt w:val="decimal"/><w:lvlText w:val="%1.%2."/><w:lvlJc w:val="left"/><w:pPr><w:ind w:left="1287" w:hanging="720"/></w:pPr><w:rPr><w:rFonts w:hint="default"/></w:rPr></w:lvl><w:lvl w:ilvl="2"><w:start w:val="1"/><w:numFmt w:val="decimal"/><w:lvlText w:val="%1.%2.%3."/><w:lvlJc w:val="left"/><w:pPr><w:ind w:left="1854" w:hanging="720"/></w:pPr><w:rPr><w:rFonts w:hint="default"/></w:rPr></w:lvl><w:lvl w:ilvl="3"><w:start w:val="1"/><w:numFmt w:val="decimal"/><w:lvlText w:val="%1.%2.%3.%4."/><w:lvlJc w:val="left"/><w:pPr><w:ind w:left="2781" w:hanging="1080"/></w:pPr><w:rPr><w:rFonts w:hint="default"/></w:rPr></w:lvl><w:lvl w:ilvl="4"><w:start w:val="1"/><w:numFmt w:val="decimal"/><w:lvlText w:val="%1.%2.%3.%4.%5."/><w:lvlJc w:val="left"/><w:pPr><w:ind w:left="3348" w:hanging="1080"/></w:pPr><w:rPr><w:rFonts w:hint="default"/></w:rPr></w:lvl><w:lvl w:ilvl="5"><w:start w:val="1"/><w:numFmt w:val="decimal"/><w:lvlText w:val="%1.%2.%3.%4.%5.%6."/><w:lvlJc w:val="left"/><w:pPr><w:ind w:left="4275" w:hanging="1440"/></w:pPr><w:rPr><w:rFonts w:hint="default"/></w:rPr></w:lvl><w:lvl w:ilvl="6"><w:start w:val="1"/><w:numFmt w:val="decimal"/><w:lvlText w:val="%1.%2.%3.%4.%5.%6.%7."/><w:lvlJc w:val="left"/><w:pPr><w:ind w:left="5202" w:hanging="1800"/></w:pPr><w:rPr><w:rFonts w:hint="default"/></w:rPr></w:lvl><w:lvl w:ilvl="7"><w:start w:val="1"/><w:numFmt w:val="decimal"/><w:lvlText w:val="%1.%2.%3.%4.%5.%6.%7.%8."/><w:lvlJc w:val="left"/><w:pPr><w:ind w:left="5769" w:hanging="1800"/></w:pPr><w:rPr><w:rFonts w:hint="default"/></w:rPr></w:lvl><w:lvl w:ilvl="8"><w:start w:val="1"/><w:numFmt w:val="decimal"/><w:lvlText w:val="%1.%2.%3.%4.%5.%6.%7.%8.%9."/><w:lvlJc w:val="left"/><w:pPr><w:ind w:left="6696" w:hanging="2160"/></w:pPr><w:rPr><w:rFonts w:hint="default"/></w:rPr></w:lvl></w:abstractNum><w:abstractNum w:abstractNumId="7"><w:nsid w:val="7BD325BF"/><w:multiLevelType w:val="hybridMultilevel"/><w:tmpl w:val="1460146E"/><w:lvl w:ilvl="0" w:tplc="1A441E3C"><w:start w:val="1"/><w:numFmt w:val="decimal"/><w:lvlText w:val="%1."/><w:lvlJc w:val="left"/><w:pPr><w:ind w:left="927" w:hanging="360"/></w:pPr><w:rPr><w:rFonts w:hint="default"/></w:rPr></w:lvl><w:lvl w:ilvl="1" w:tplc="38C8ACF0" w:tentative="1"><w:start w:val="1"/><w:numFmt w:val="lowerLetter"/><w:lvlText w:val="%2."/><w:lvlJc w:val="left"/><w:pPr><w:ind w:left="1647" w:hanging="360"/></w:pPr></w:lvl><w:lvl w:ilvl="2" w:tplc="F77E2C36" w:tentative="1"><w:start w:val="1"/><w:numFmt w:val="lowerRoman"/><w:lvlText w:val="%3."/><w:lvlJc w:val="right"/><w:pPr><w:ind w:left="2367" w:hanging="180"/></w:pPr></w:lvl><w:lvl w:ilvl="3" w:tplc="5E0E93D0" w:tentative="1"><w:start w:val="1"/><w:numFmt w:val="decimal"/><w:lvlText w:val="%4."/><w:lvlJc w:val="left"/><w:pPr><w:ind w:left="3087" w:hanging="360"/></w:pPr></w:lvl><w:lvl w:ilvl="4" w:tplc="FB244CA4" w:tentative="1"><w:start w:val="1"/><w:numFmt w:val="lowerLetter"/><w:lvlText w:val="%5."/><w:lvlJc w:val="left"/><w:pPr><w:ind w:left="3807" w:hanging="360"/></w:pPr></w:lvl><w:lvl w:ilvl="5" w:tplc="C7489006" w:tentative="1"><w:start w:val="1"/><w:numFmt w:val="lowerRoman"/><w:lvlText w:val="%6."/><w:lvlJc w:val="right"/><w:pPr><w:ind w:left="4527" w:hanging="180"/></w:pPr></w:lvl><w:lvl w:ilvl="6" w:tplc="C8D4EB9E" w:tentative="1"><w:start w:val="1"/><w:numFmt w:val="decimal"/><w:lvlText w:val="%7."/><w:lvlJc w:val="left"/><w:pPr><w:ind w:left="5247" w:hanging="360"/></w:pPr></w:lvl><w:lvl w:ilvl="7" w:tplc="BC94FCF6" w:tentative="1"><w:start w:val="1"/><w:numFmt w:val="lowerLetter"/><w:lvlText w:val="%8."/><w:lvlJc w:val="left"/><w:pPr><w:ind w:left="5967" w:hanging="360"/></w:pPr></w:lvl><w:lvl w:ilvl="8" w:tplc="370E9D1E" w:tentative="1"><w:start w:val="1"/><w:numFmt w:val="lowerRoman"/><w:lvlText w:val="%9."/><w:lvlJc w:val="right"/><w:pPr><w:ind w:left="6687" w:hanging="180"/></w:pPr></w:lvl></w:abstractNum><w:num w:numId="1"><w:abstractNumId w:val="0"/></w:num><w:num w:numId="2"><w:abstractNumId w:val="7"/></w:num><w:num w:numId="3"><w:abstractNumId w:val="5"/></w:num><w:num w:numId="4"><w:abstractNumId w:val="2"/></w:num><w:num w:numId="5"><w:abstractNumId w:val="3"/></w:num><w:num w:numId="6"><w:abstractNumId w:val="1"/></w:num><w:num w:numId="7"><w:abstractNumId w:val="4"/></w:num><w:num w:numId="8"><w:abstractNumId w:val="6"/></w:num></w:numbering>