<?xml version="1.0" encoding="UTF-8" standalone="yes"?>
<cp:coreProperties xmlns:cp="http://schemas.openxmlformats.org/package/2006/metadata/core-properties" xmlns:dc="http://purl.org/dc/elements/1.1/" xmlns:dcterms="http://purl.org/dc/terms/" xmlns:dcmitype="http://purl.org/dc/dcmitype/" xmlns:xsi="http://www.w3.org/2001/XMLSchema-instance"><dc:title>Приказ о предоставлении отпуска без сохранения заработной платы в днях</dc:title><dc:subject></dc:subject><dc:creator>cloudconvert_3</dc:creator><cp:keywords></cp:keywords><dc:description>Подготовлено на базе материалов БСС «Система Главбух»</dc:description><cp:lastModifiedBy>cloudconvert_3</cp:lastModifiedBy><cp:revision>2</cp:revision><dcterms:created xsi:type="dcterms:W3CDTF">2022-12-29T13:35:00Z</dcterms:created><dcterms:modified xsi:type="dcterms:W3CDTF">2022-12-29T13:35:00Z</dcterms:modified><cp:category></cp:category></cp:coreProperties>