<?xml version="1.0" encoding="UTF-8" standalone="yes"?>
<w:document xmlns:ve="http://schemas.openxmlformats.org/markup-compatibility/2006" xmlns:o="urn:schemas-microsoft-com:office:office" xmlns:r="http://schemas.openxmlformats.org/officeDocument/2006/relationships" xmlns:m="http://schemas.openxmlformats.org/officeDocument/2006/math" xmlns:v="urn:schemas-microsoft-com:vml" xmlns:wp="http://schemas.openxmlformats.org/drawingml/2006/wordprocessingDrawing" xmlns:w10="urn:schemas-microsoft-com:office:word" xmlns:w="http://schemas.openxmlformats.org/wordprocessingml/2006/main" xmlns:wne="http://schemas.microsoft.com/office/word/2006/wordml"><w:body><w:p w:rsidR="00FF4BD4" w:rsidRPr="006B7ECB" w:rsidRDefault="00FF4BD4" w:rsidP="006B7ECB"><w:pPr><w:pStyle w:val="a5"/><w:tabs><w:tab w:val="left" w:pos="916"/><w:tab w:val="left" w:pos="1832"/><w:tab w:val="left" w:pos="2748"/><w:tab w:val="left" w:pos="3664"/><w:tab w:val="left" w:pos="4580"/><w:tab w:val="left" w:pos="5496"/><w:tab w:val="left" w:pos="6412"/><w:tab w:val="left" w:pos="7328"/><w:tab w:val="left" w:pos="8244"/><w:tab w:val="left" w:pos="9160"/><w:tab w:val="left" w:pos="10076"/><w:tab w:val="left" w:pos="10992"/><w:tab w:val="left" w:pos="11908"/><w:tab w:val="left" w:pos="12824"/><w:tab w:val="left" w:pos="13740"/><w:tab w:val="left" w:pos="14656"/></w:tabs><w:spacing w:before="0" w:beforeAutospacing="0" w:after="0" w:afterAutospacing="0"/><w:rPr><w:szCs w:val="24"/></w:rPr></w:pPr></w:p><w:tbl><w:tblPr><w:tblW w:w="3028" w:type="dxa"/><w:jc w:val="right"/><w:tblCellMar><w:top w:w="15" w:type="dxa"/><w:left w:w="15" w:type="dxa"/><w:bottom w:w="15" w:type="dxa"/><w:right w:w="15" w:type="dxa"/></w:tblCellMar><w:tblLook w:val="04A0"/></w:tblPr><w:tblGrid><w:gridCol w:w="3028"/></w:tblGrid><w:tr w:rsidR="00FF4BD4" w:rsidRPr="00373AC0" w:rsidTr="00373AC0"><w:trPr><w:jc w:val="right"/></w:trPr><w:tc><w:tcPr><w:tcW w:w="3028" w:type="dxa"/><w:tcMar><w:top w:w="60" w:type="dxa"/><w:left w:w="60" w:type="dxa"/><w:bottom w:w="60" w:type="dxa"/><w:right w:w="60" w:type="dxa"/></w:tcMar><w:vAlign w:val="center"/><w:hideMark/></w:tcPr><w:p w:rsidR="00FF4BD4" w:rsidRPr="00373AC0" w:rsidRDefault="00373AC0" w:rsidP="00373AC0"><w:pPr><w:rPr><w:rFonts w:ascii="Times New Roman" w:hAnsi="Times New Roman" w:cs="Times New Roman"/></w:rPr></w:pPr><w:r w:rsidRPr="00373AC0"><w:rPr><w:rFonts w:ascii="Times New Roman" w:hAnsi="Times New Roman" w:cs="Times New Roman"/></w:rPr><w:t xml:space="preserve">Генеральному директору ООО «Альфа» </w:t></w:r><w:r w:rsidR="008D31DB" w:rsidRPr="00373AC0"><w:rPr><w:rStyle w:val="fill"/><w:rFonts w:ascii="Times New Roman" w:hAnsi="Times New Roman" w:cs="Times New Roman"/><w:b w:val="0"/><w:i w:val="0"/><w:color w:val="auto"/></w:rPr><w:t>А.В. Львову</w:t></w:r><w:r w:rsidR="008D31DB" w:rsidRPr="00373AC0"><w:rPr><w:rFonts w:ascii="Times New Roman" w:hAnsi="Times New Roman" w:cs="Times New Roman"/></w:rPr><w:br/><w:t xml:space="preserve">от </w:t></w:r><w:r w:rsidR="008D31DB" w:rsidRPr="00373AC0"><w:rPr><w:rStyle w:val="fill"/><w:rFonts w:ascii="Times New Roman" w:hAnsi="Times New Roman" w:cs="Times New Roman"/><w:b w:val="0"/><w:i w:val="0"/><w:color w:val="auto"/></w:rPr><w:t>кассира</w:t></w:r><w:r><w:rPr><w:rStyle w:val="fill"/><w:rFonts w:ascii="Times New Roman" w:hAnsi="Times New Roman" w:cs="Times New Roman"/><w:b w:val="0"/><w:i w:val="0"/><w:color w:val="auto"/></w:rPr><w:t xml:space="preserve"> </w:t></w:r><w:r w:rsidR="008D31DB" w:rsidRPr="00373AC0"><w:rPr><w:rStyle w:val="fill"/><w:rFonts w:ascii="Times New Roman" w:hAnsi="Times New Roman" w:cs="Times New Roman"/><w:b w:val="0"/><w:i w:val="0"/><w:color w:val="auto"/></w:rPr><w:t>А.В. Дежневой</w:t></w:r></w:p></w:tc></w:tr></w:tbl><w:p w:rsidR="00FF4BD4" w:rsidRPr="00373AC0" w:rsidRDefault="008D31DB" w:rsidP="006B7ECB"><w:pPr><w:pStyle w:val="a5"/><w:tabs><w:tab w:val="left" w:pos="916"/><w:tab w:val="left" w:pos="1832"/><w:tab w:val="left" w:pos="2748"/><w:tab w:val="left" w:pos="3664"/><w:tab w:val="left" w:pos="4580"/><w:tab w:val="left" w:pos="5496"/><w:tab w:val="left" w:pos="6412"/><w:tab w:val="left" w:pos="7328"/><w:tab w:val="left" w:pos="8244"/><w:tab w:val="left" w:pos="9160"/><w:tab w:val="left" w:pos="10076"/><w:tab w:val="left" w:pos="10992"/><w:tab w:val="left" w:pos="11908"/><w:tab w:val="left" w:pos="12824"/><w:tab w:val="left" w:pos="13740"/><w:tab w:val="left" w:pos="14656"/></w:tabs><w:spacing w:before="0" w:beforeAutospacing="0" w:after="0" w:afterAutospacing="0"/><w:rPr><w:rFonts w:ascii="Times New Roman" w:hAnsi="Times New Roman" w:cs="Times New Roman"/><w:sz w:val="24"/><w:szCs w:val="24"/></w:rPr></w:pPr><w:r w:rsidRPr="00373AC0"><w:rPr><w:rFonts w:ascii="Times New Roman" w:hAnsi="Times New Roman" w:cs="Times New Roman"/><w:sz w:val="24"/><w:szCs w:val="24"/></w:rPr><w:t> </w:t></w:r></w:p><w:p w:rsidR="00FF4BD4" w:rsidRPr="00373AC0" w:rsidRDefault="008D31DB" w:rsidP="006B7ECB"><w:pPr><w:pStyle w:val="a5"/><w:tabs><w:tab w:val="left" w:pos="916"/><w:tab w:val="left" w:pos="1832"/><w:tab w:val="left" w:pos="2748"/><w:tab w:val="left" w:pos="3664"/><w:tab w:val="left" w:pos="4580"/><w:tab w:val="left" w:pos="5496"/><w:tab w:val="left" w:pos="6412"/><w:tab w:val="left" w:pos="7328"/><w:tab w:val="left" w:pos="8244"/><w:tab w:val="left" w:pos="9160"/><w:tab w:val="left" w:pos="10076"/><w:tab w:val="left" w:pos="10992"/><w:tab w:val="left" w:pos="11908"/><w:tab w:val="left" w:pos="12824"/><w:tab w:val="left" w:pos="13740"/><w:tab w:val="left" w:pos="14656"/></w:tabs><w:spacing w:before="0" w:beforeAutospacing="0" w:after="0" w:afterAutospacing="0"/><w:jc w:val="center"/><w:rPr><w:rFonts w:ascii="Times New Roman" w:hAnsi="Times New Roman" w:cs="Times New Roman"/><w:sz w:val="24"/><w:szCs w:val="24"/></w:rPr></w:pPr><w:r w:rsidRPr="00373AC0"><w:rPr><w:rFonts w:ascii="Times New Roman" w:hAnsi="Times New Roman" w:cs="Times New Roman"/><w:sz w:val="24"/><w:szCs w:val="24"/></w:rPr><w:t> </w:t></w:r></w:p><w:p w:rsidR="00FF4BD4" w:rsidRPr="00373AC0" w:rsidRDefault="008D31DB" w:rsidP="006B7ECB"><w:pPr><w:pStyle w:val="a5"/><w:tabs><w:tab w:val="left" w:pos="916"/><w:tab w:val="left" w:pos="1832"/><w:tab w:val="left" w:pos="2748"/><w:tab w:val="left" w:pos="3664"/><w:tab w:val="left" w:pos="4580"/><w:tab w:val="left" w:pos="5496"/><w:tab w:val="left" w:pos="6412"/><w:tab w:val="left" w:pos="7328"/><w:tab w:val="left" w:pos="8244"/><w:tab w:val="left" w:pos="9160"/><w:tab w:val="left" w:pos="10076"/><w:tab w:val="left" w:pos="10992"/><w:tab w:val="left" w:pos="11908"/><w:tab w:val="left" w:pos="12824"/><w:tab w:val="left" w:pos="13740"/><w:tab w:val="left" w:pos="14656"/></w:tabs><w:spacing w:before="0" w:beforeAutospacing="0" w:after="0" w:afterAutospacing="0"/><w:jc w:val="center"/><w:rPr><w:rFonts w:ascii="Times New Roman" w:hAnsi="Times New Roman" w:cs="Times New Roman"/><w:sz w:val="24"/><w:szCs w:val="24"/></w:rPr></w:pPr><w:r w:rsidRPr="00373AC0"><w:rPr><w:rFonts w:ascii="Times New Roman" w:hAnsi="Times New Roman" w:cs="Times New Roman"/><w:sz w:val="24"/><w:szCs w:val="24"/></w:rPr><w:t>ЗАЯВЛЕНИЕ</w:t></w:r></w:p><w:p w:rsidR="00FF4BD4" w:rsidRPr="00373AC0" w:rsidRDefault="008D31DB" w:rsidP="006B7ECB"><w:pPr><w:pStyle w:val="a5"/><w:tabs><w:tab w:val="left" w:pos="916"/><w:tab w:val="left" w:pos="1832"/><w:tab w:val="left" w:pos="2748"/><w:tab w:val="left" w:pos="3664"/><w:tab w:val="left" w:pos="4580"/><w:tab w:val="left" w:pos="5496"/><w:tab w:val="left" w:pos="6412"/><w:tab w:val="left" w:pos="7328"/><w:tab w:val="left" w:pos="8244"/><w:tab w:val="left" w:pos="9160"/><w:tab w:val="left" w:pos="10076"/><w:tab w:val="left" w:pos="10992"/><w:tab w:val="left" w:pos="11908"/><w:tab w:val="left" w:pos="12824"/><w:tab w:val="left" w:pos="13740"/><w:tab w:val="left" w:pos="14656"/></w:tabs><w:spacing w:before="0" w:beforeAutospacing="0" w:after="0" w:afterAutospacing="0"/><w:jc w:val="center"/><w:rPr><w:rFonts w:ascii="Times New Roman" w:hAnsi="Times New Roman" w:cs="Times New Roman"/><w:sz w:val="24"/><w:szCs w:val="24"/></w:rPr></w:pPr><w:r w:rsidRPr="00373AC0"><w:rPr><w:rFonts w:ascii="Times New Roman" w:hAnsi="Times New Roman" w:cs="Times New Roman"/><w:sz w:val="24"/><w:szCs w:val="24"/></w:rPr><w:t> </w:t></w:r></w:p><w:p w:rsidR="00FF4BD4" w:rsidRPr="00373AC0" w:rsidRDefault="008D31DB" w:rsidP="006B7ECB"><w:pPr><w:pStyle w:val="a5"/><w:tabs><w:tab w:val="left" w:pos="916"/><w:tab w:val="left" w:pos="1832"/><w:tab w:val="left" w:pos="2748"/><w:tab w:val="left" w:pos="3664"/><w:tab w:val="left" w:pos="4580"/><w:tab w:val="left" w:pos="5496"/><w:tab w:val="left" w:pos="6412"/><w:tab w:val="left" w:pos="7328"/><w:tab w:val="left" w:pos="8244"/><w:tab w:val="left" w:pos="9160"/><w:tab w:val="left" w:pos="10076"/><w:tab w:val="left" w:pos="10992"/><w:tab w:val="left" w:pos="11908"/><w:tab w:val="left" w:pos="12824"/><w:tab w:val="left" w:pos="13740"/><w:tab w:val="left" w:pos="14656"/></w:tabs><w:spacing w:before="0" w:beforeAutospacing="0" w:after="0" w:afterAutospacing="0"/><w:rPr><w:rFonts w:ascii="Times New Roman" w:hAnsi="Times New Roman" w:cs="Times New Roman"/><w:sz w:val="24"/><w:szCs w:val="24"/></w:rPr></w:pPr><w:r w:rsidRPr="00373AC0"><w:rPr><w:rFonts w:ascii="Times New Roman" w:hAnsi="Times New Roman" w:cs="Times New Roman"/><w:sz w:val="24"/><w:szCs w:val="24"/></w:rPr><w:t> </w:t></w:r></w:p><w:p w:rsidR="00FF4BD4" w:rsidRPr="00373AC0" w:rsidRDefault="008D31DB" w:rsidP="006B7ECB"><w:pPr><w:pStyle w:val="a5"/><w:tabs><w:tab w:val="left" w:pos="916"/><w:tab w:val="left" w:pos="1832"/><w:tab w:val="left" w:pos="2748"/><w:tab w:val="left" w:pos="3664"/><w:tab w:val="left" w:pos="4580"/><w:tab w:val="left" w:pos="5496"/><w:tab w:val="left" w:pos="6412"/><w:tab w:val="left" w:pos="7328"/><w:tab w:val="left" w:pos="8244"/><w:tab w:val="left" w:pos="9160"/><w:tab w:val="left" w:pos="10076"/><w:tab w:val="left" w:pos="10992"/><w:tab w:val="left" w:pos="11908"/><w:tab w:val="left" w:pos="12824"/><w:tab w:val="left" w:pos="13740"/><w:tab w:val="left" w:pos="14656"/></w:tabs><w:spacing w:before="0" w:beforeAutospacing="0" w:after="0" w:afterAutospacing="0"/><w:ind w:firstLine="567"/><w:rPr><w:rFonts w:ascii="Times New Roman" w:hAnsi="Times New Roman" w:cs="Times New Roman"/><w:sz w:val="24"/><w:szCs w:val="24"/></w:rPr></w:pPr><w:r w:rsidRPr="00373AC0"><w:rPr><w:rFonts w:ascii="Times New Roman" w:hAnsi="Times New Roman" w:cs="Times New Roman"/><w:sz w:val="24"/><w:szCs w:val="24"/></w:rPr><w:t xml:space="preserve">Прошу предоставить мне отпуск без сохранения заработной платы </w:t></w:r><w:r w:rsidRPr="00373AC0"><w:rPr><w:rStyle w:val="fill"/><w:rFonts w:ascii="Times New Roman" w:hAnsi="Times New Roman" w:cs="Times New Roman"/><w:b w:val="0"/><w:i w:val="0"/><w:color w:val="auto"/><w:sz w:val="24"/><w:szCs w:val="24"/></w:rPr><w:t xml:space="preserve">с 3 </w:t></w:r><w:r w:rsidR="00DE7715" w:rsidRPr="00373AC0"><w:rPr><w:rStyle w:val="fill"/><w:rFonts w:ascii="Times New Roman" w:hAnsi="Times New Roman" w:cs="Times New Roman"/><w:b w:val="0"/><w:i w:val="0"/><w:color w:val="auto"/><w:sz w:val="24"/><w:szCs w:val="24"/></w:rPr><w:t>апреля</w:t></w:r><w:r w:rsidRPr="00373AC0"><w:rPr><w:rFonts w:ascii="Times New Roman" w:hAnsi="Times New Roman" w:cs="Times New Roman"/><w:sz w:val="24"/><w:szCs w:val="24"/></w:rPr><w:br/></w:r><w:r w:rsidRPr="00373AC0"><w:rPr><w:rStyle w:val="fill"/><w:rFonts w:ascii="Times New Roman" w:hAnsi="Times New Roman" w:cs="Times New Roman"/><w:b w:val="0"/><w:i w:val="0"/><w:color w:val="auto"/><w:sz w:val="24"/><w:szCs w:val="24"/></w:rPr><w:t>20</w:t></w:r><w:r w:rsidR="00373AC0"><w:rPr><w:rStyle w:val="fill"/><w:rFonts w:ascii="Times New Roman" w:hAnsi="Times New Roman" w:cs="Times New Roman"/><w:b w:val="0"/><w:i w:val="0"/><w:color w:val="auto"/><w:sz w:val="24"/><w:szCs w:val="24"/></w:rPr><w:t>21</w:t></w:r><w:r w:rsidRPr="00373AC0"><w:rPr><w:rStyle w:val="fill"/><w:rFonts w:ascii="Times New Roman" w:hAnsi="Times New Roman" w:cs="Times New Roman"/><w:b w:val="0"/><w:i w:val="0"/><w:color w:val="auto"/><w:sz w:val="24"/><w:szCs w:val="24"/></w:rPr><w:t xml:space="preserve"> года на 15 календарных дней </w:t></w:r><w:r w:rsidRPr="00373AC0"><w:rPr><w:rFonts w:ascii="Times New Roman" w:hAnsi="Times New Roman" w:cs="Times New Roman"/><w:sz w:val="24"/><w:szCs w:val="24"/></w:rPr><w:t>по семейным обстоятельствам.</w:t></w:r></w:p><w:p w:rsidR="00FF4BD4" w:rsidRPr="00373AC0" w:rsidRDefault="008D31DB" w:rsidP="006B7ECB"><w:pPr><w:pStyle w:val="a5"/><w:tabs><w:tab w:val="left" w:pos="916"/><w:tab w:val="left" w:pos="1832"/><w:tab w:val="left" w:pos="2748"/><w:tab w:val="left" w:pos="3664"/><w:tab w:val="left" w:pos="4580"/><w:tab w:val="left" w:pos="5496"/><w:tab w:val="left" w:pos="6412"/><w:tab w:val="left" w:pos="7328"/><w:tab w:val="left" w:pos="8244"/><w:tab w:val="left" w:pos="9160"/><w:tab w:val="left" w:pos="10076"/><w:tab w:val="left" w:pos="10992"/><w:tab w:val="left" w:pos="11908"/><w:tab w:val="left" w:pos="12824"/><w:tab w:val="left" w:pos="13740"/><w:tab w:val="left" w:pos="14656"/></w:tabs><w:spacing w:before="0" w:beforeAutospacing="0" w:after="0" w:afterAutospacing="0"/><w:rPr><w:rFonts w:ascii="Times New Roman" w:hAnsi="Times New Roman" w:cs="Times New Roman"/><w:sz w:val="24"/><w:szCs w:val="24"/></w:rPr></w:pPr><w:r w:rsidRPr="00373AC0"><w:rPr><w:rFonts w:ascii="Times New Roman" w:hAnsi="Times New Roman" w:cs="Times New Roman"/><w:sz w:val="24"/><w:szCs w:val="24"/></w:rPr><w:t xml:space="preserve">         </w:t></w:r></w:p><w:p w:rsidR="00FF4BD4" w:rsidRPr="00373AC0" w:rsidRDefault="008D31DB" w:rsidP="006B7ECB"><w:pPr><w:pStyle w:val="a5"/><w:tabs><w:tab w:val="left" w:pos="916"/><w:tab w:val="left" w:pos="1832"/><w:tab w:val="left" w:pos="2748"/><w:tab w:val="left" w:pos="3664"/><w:tab w:val="left" w:pos="4580"/><w:tab w:val="left" w:pos="5496"/><w:tab w:val="left" w:pos="6412"/><w:tab w:val="left" w:pos="7328"/><w:tab w:val="left" w:pos="8244"/><w:tab w:val="left" w:pos="9160"/><w:tab w:val="left" w:pos="10076"/><w:tab w:val="left" w:pos="10992"/><w:tab w:val="left" w:pos="11908"/><w:tab w:val="left" w:pos="12824"/><w:tab w:val="left" w:pos="13740"/><w:tab w:val="left" w:pos="14656"/></w:tabs><w:spacing w:before="0" w:beforeAutospacing="0" w:after="0" w:afterAutospacing="0"/><w:rPr><w:rFonts w:ascii="Times New Roman" w:hAnsi="Times New Roman" w:cs="Times New Roman"/><w:sz w:val="24"/><w:szCs w:val="24"/></w:rPr></w:pPr><w:r w:rsidRPr="00373AC0"><w:rPr><w:rFonts w:ascii="Times New Roman" w:hAnsi="Times New Roman" w:cs="Times New Roman"/><w:sz w:val="24"/><w:szCs w:val="24"/></w:rPr><w:t xml:space="preserve">         </w:t></w:r></w:p><w:p w:rsidR="00FF4BD4" w:rsidRPr="00373AC0" w:rsidRDefault="008D31DB" w:rsidP="006B7ECB"><w:pPr><w:pStyle w:val="a5"/><w:tabs><w:tab w:val="left" w:pos="916"/><w:tab w:val="left" w:pos="1832"/><w:tab w:val="left" w:pos="2748"/><w:tab w:val="left" w:pos="3664"/><w:tab w:val="left" w:pos="4580"/><w:tab w:val="left" w:pos="5496"/><w:tab w:val="left" w:pos="6412"/><w:tab w:val="left" w:pos="7328"/><w:tab w:val="left" w:pos="8244"/><w:tab w:val="left" w:pos="9160"/><w:tab w:val="left" w:pos="10076"/><w:tab w:val="left" w:pos="10992"/><w:tab w:val="left" w:pos="11908"/><w:tab w:val="left" w:pos="12824"/><w:tab w:val="left" w:pos="13740"/><w:tab w:val="left" w:pos="14656"/></w:tabs><w:spacing w:before="0" w:beforeAutospacing="0" w:after="0" w:afterAutospacing="0"/><w:rPr><w:rFonts w:ascii="Times New Roman" w:hAnsi="Times New Roman" w:cs="Times New Roman"/><w:sz w:val="24"/><w:szCs w:val="24"/></w:rPr></w:pPr><w:r w:rsidRPr="00373AC0"><w:rPr><w:rFonts w:ascii="Times New Roman" w:hAnsi="Times New Roman" w:cs="Times New Roman"/><w:sz w:val="24"/><w:szCs w:val="24"/></w:rPr><w:t> </w:t></w:r></w:p><w:tbl><w:tblPr><w:tblW w:w="9165" w:type="dxa"/><w:tblCellMar><w:top w:w="15" w:type="dxa"/><w:left w:w="15" w:type="dxa"/><w:bottom w:w="15" w:type="dxa"/><w:right w:w="15" w:type="dxa"/></w:tblCellMar><w:tblLook w:val="04A0"/></w:tblPr><w:tblGrid><w:gridCol w:w="3749"/><w:gridCol w:w="1840"/><w:gridCol w:w="3576"/></w:tblGrid><w:tr w:rsidR="00FF4BD4" w:rsidRPr="00373AC0" w:rsidTr="004A47C6"><w:tc><w:tcPr><w:tcW w:w="0" w:type="auto"/><w:tcMar><w:top w:w="60" w:type="dxa"/><w:left w:w="60" w:type="dxa"/><w:bottom w:w="60" w:type="dxa"/><w:right w:w="60" w:type="dxa"/></w:tcMar><w:hideMark/></w:tcPr><w:p w:rsidR="00FF4BD4" w:rsidRPr="00373AC0" w:rsidRDefault="00DE7715" w:rsidP="00373AC0"><w:pPr><w:rPr><w:rFonts w:ascii="Times New Roman" w:hAnsi="Times New Roman" w:cs="Times New Roman"/></w:rPr></w:pPr><w:r w:rsidRPr="00373AC0"><w:rPr><w:rStyle w:val="fill"/><w:rFonts w:ascii="Times New Roman" w:hAnsi="Times New Roman" w:cs="Times New Roman"/><w:b w:val="0"/><w:i w:val="0"/><w:color w:val="auto"/></w:rPr><w:t>17.03</w:t></w:r><w:r w:rsidR="008D31DB" w:rsidRPr="00373AC0"><w:rPr><w:rStyle w:val="fill"/><w:rFonts w:ascii="Times New Roman" w:hAnsi="Times New Roman" w:cs="Times New Roman"/><w:b w:val="0"/><w:i w:val="0"/><w:color w:val="auto"/></w:rPr><w:t>.20</w:t></w:r><w:r w:rsidR="00373AC0"><w:rPr><w:rStyle w:val="fill"/><w:rFonts w:ascii="Times New Roman" w:hAnsi="Times New Roman" w:cs="Times New Roman"/><w:b w:val="0"/><w:i w:val="0"/><w:color w:val="auto"/></w:rPr><w:t>21</w:t></w:r></w:p></w:tc><w:tc><w:tcPr><w:tcW w:w="1840" w:type="dxa"/><w:tcBorders><w:bottom w:val="single" w:sz="8" w:space="0" w:color="000000"/></w:tcBorders><w:tcMar><w:top w:w="60" w:type="dxa"/><w:left w:w="60" w:type="dxa"/><w:bottom w:w="60" w:type="dxa"/><w:right w:w="60" w:type="dxa"/></w:tcMar><w:hideMark/></w:tcPr><w:p w:rsidR="00FF4BD4" w:rsidRPr="00373AC0" w:rsidRDefault="00373AC0" w:rsidP="00373AC0"><w:pPr><w:jc w:val="center"/><w:rPr><w:rFonts w:ascii="Times New Roman" w:hAnsi="Times New Roman" w:cs="Times New Roman"/><w:i/></w:rPr></w:pPr><w:r w:rsidRPr="00373AC0"><w:rPr><w:rFonts w:ascii="Times New Roman" w:hAnsi="Times New Roman" w:cs="Times New Roman"/><w:i/></w:rPr><w:t>Дежнева</w:t></w:r></w:p></w:tc><w:tc><w:tcPr><w:tcW w:w="3576" w:type="dxa"/><w:tcMar><w:top w:w="60" w:type="dxa"/><w:left w:w="60" w:type="dxa"/><w:bottom w:w="60" w:type="dxa"/><w:right w:w="60" w:type="dxa"/></w:tcMar><w:hideMark/></w:tcPr><w:p w:rsidR="00FF4BD4" w:rsidRPr="00373AC0" w:rsidRDefault="008D31DB" w:rsidP="006B7ECB"><w:pPr><w:jc w:val="right"/><w:rPr><w:rFonts w:ascii="Times New Roman" w:hAnsi="Times New Roman" w:cs="Times New Roman"/></w:rPr></w:pPr><w:r w:rsidRPr="00373AC0"><w:rPr><w:rStyle w:val="fill"/><w:rFonts w:ascii="Times New Roman" w:hAnsi="Times New Roman" w:cs="Times New Roman"/><w:b w:val="0"/><w:i w:val="0"/><w:color w:val="auto"/></w:rPr><w:t>А.В. Дежнева</w:t></w:r></w:p></w:tc></w:tr></w:tbl><w:p w:rsidR="00F115F4" w:rsidRPr="00373AC0" w:rsidRDefault="00F115F4" w:rsidP="006B7ECB"><w:pPr><w:pStyle w:val="a5"/><w:spacing w:before="0" w:beforeAutospacing="0" w:after="0" w:afterAutospacing="0"/><w:rPr><w:rFonts w:ascii="Times New Roman" w:hAnsi="Times New Roman" w:cs="Times New Roman"/><w:sz w:val="24"/><w:szCs w:val="24"/></w:rPr></w:pPr></w:p><w:sectPr w:rsidR="00F115F4" w:rsidRPr="00373AC0" w:rsidSect="006411F5"><w:headerReference w:type="even" r:id="rId6"/><w:headerReference w:type="default" r:id="rId7"/><w:footerReference w:type="even" r:id="rId8"/><w:footerReference w:type="default" r:id="rId9"/><w:headerReference w:type="first" r:id="rId10"/><w:footerReference w:type="first" r:id="rId11"/><w:pgSz w:w="11906" w:h="16838"/><w:pgMar w:top="1134" w:right="1464" w:bottom="1134" w:left="1464" w:header="708" w:footer="708" w:gutter="0"/><w:cols w:space="708"/><w:docGrid w:linePitch="360"/></w:sectPr></w:body></w:document>