<?xml version="1.0" encoding="UTF-8" standalone="yes"?>
<w:styles xmlns:r="http://schemas.openxmlformats.org/officeDocument/2006/relationships" xmlns:w="http://schemas.openxmlformats.org/wordprocessingml/2006/main"><w:docDefaults><w:rPrDefault><w:rPr><w:rFonts w:ascii="Times New Roman" w:eastAsia="Times New Roman" w:hAnsi="Times New Roman" w:cs="Times New Roman"/><w:lang w:val="ru-RU" w:eastAsia="ru-RU" w:bidi="ar-SA"/></w:rPr></w:rPrDefault><w:pPrDefault/></w:docDefaults><w:latentStyles w:defLockedState="0" w:defUIPriority="99" w:defSemiHidden="1" w:defUnhideWhenUsed="1" w:defQFormat="0" w:count="267"><w:lsdException w:name="Normal" w:semiHidden="0" w:uiPriority="0" w:unhideWhenUsed="0" w:qFormat="1"/><w:lsdException w:name="heading 1" w:semiHidden="0" w:uiPriority="9" w:unhideWhenUsed="0" w:qFormat="1"/><w:lsdException w:name="heading 2" w:semiHidden="0" w:uiPriority="9" w:unhideWhenUsed="0" w:qFormat="1"/><w:lsdException w:name="heading 3" w:semiHidden="0" w:uiPriority="9" w:unhideWhenUsed="0" w:qFormat="1"/><w:lsdException w:name="heading 4" w:uiPriority="9" w:qFormat="1"/><w:lsdException w:name="heading 5" w:uiPriority="9" w:qFormat="1"/><w:lsdException w:name="heading 6" w:uiPriority="9" w:qFormat="1"/><w:lsdException w:name="heading 7" w:uiPriority="9" w:qFormat="1"/><w:lsdException w:name="heading 8" w:uiPriority="9" w:qFormat="1"/><w:lsdException w:name="heading 9" w:uiPriority="9" w:qFormat="1"/><w:lsdException w:name="toc 1" w:uiPriority="39"/><w:lsdException w:name="toc 2" w:uiPriority="39"/><w:lsdException w:name="toc 3" w:uiPriority="39"/><w:lsdException w:name="toc 4" w:uiPriority="39"/><w:lsdException w:name="toc 5" w:uiPriority="39"/><w:lsdException w:name="toc 6" w:uiPriority="39"/><w:lsdException w:name="toc 7" w:uiPriority="39"/><w:lsdException w:name="toc 8" w:uiPriority="39"/><w:lsdException w:name="toc 9" w:uiPriority="39"/><w:lsdException w:name="caption" w:uiPriority="35" w:qFormat="1"/><w:lsdException w:name="Title" w:semiHidden="0" w:uiPriority="10" w:unhideWhenUsed="0" w:qFormat="1"/><w:lsdException w:name="Default Paragraph Font" w:uiPriority="1"/><w:lsdException w:name="Subtitle" w:semiHidden="0" w:uiPriority="11" w:unhideWhenUsed="0" w:qFormat="1"/><w:lsdException w:name="Strong" w:semiHidden="0" w:uiPriority="22" w:unhideWhenUsed="0" w:qFormat="1"/><w:lsdException w:name="Emphasis" w:semiHidden="0" w:uiPriority="20" w:unhideWhenUsed="0" w:qFormat="1"/><w:lsdException w:name="Table Grid" w:semiHidden="0" w:uiPriority="59" w:unhideWhenUsed="0"/><w:lsdException w:name="Placeholder Text" w:unhideWhenUsed="0"/><w:lsdException w:name="No Spacing" w:semiHidden="0" w:uiPriority="1" w:unhideWhenUsed="0" w:qFormat="1"/><w:lsdException w:name="Light Shading" w:semiHidden="0" w:uiPriority="60" w:unhideWhenUsed="0"/><w:lsdException w:name="Light List" w:semiHidden="0" w:uiPriority="61" w:unhideWhenUsed="0"/><w:lsdException w:name="Light Grid" w:semiHidden="0" w:uiPriority="62" w:unhideWhenUsed="0"/><w:lsdException w:name="Medium Shading 1" w:semiHidden="0" w:uiPriority="63" w:unhideWhenUsed="0"/><w:lsdException w:name="Medium Shading 2" w:semiHidden="0" w:uiPriority="64" w:unhideWhenUsed="0"/><w:lsdException w:name="Medium List 1" w:semiHidden="0" w:uiPriority="65" w:unhideWhenUsed="0"/><w:lsdException w:name="Medium List 2" w:semiHidden="0" w:uiPriority="66" w:unhideWhenUsed="0"/><w:lsdException w:name="Medium Grid 1" w:semiHidden="0" w:uiPriority="67" w:unhideWhenUsed="0"/><w:lsdException w:name="Medium Grid 2" w:semiHidden="0" w:uiPriority="68" w:unhideWhenUsed="0"/><w:lsdException w:name="Medium Grid 3" w:semiHidden="0" w:uiPriority="69" w:unhideWhenUsed="0"/><w:lsdException w:name="Dark List" w:semiHidden="0" w:uiPriority="70" w:unhideWhenUsed="0"/><w:lsdException w:name="Colorful Shading" w:semiHidden="0" w:uiPriority="71" w:unhideWhenUsed="0"/><w:lsdException w:name="Colorful List" w:semiHidden="0" w:uiPriority="72" w:unhideWhenUsed="0"/><w:lsdException w:name="Colorful Grid" w:semiHidden="0" w:uiPriority="73" w:unhideWhenUsed="0"/><w:lsdException w:name="Light Shading Accent 1" w:semiHidden="0" w:uiPriority="60" w:unhideWhenUsed="0"/><w:lsdException w:name="Light List Accent 1" w:semiHidden="0" w:uiPriority="61" w:unhideWhenUsed="0"/><w:lsdException w:name="Light Grid Accent 1" w:semiHidden="0" w:uiPriority="62" w:unhideWhenUsed="0"/><w:lsdException w:name="Medium Shading 1 Accent 1" w:semiHidden="0" w:uiPriority="63" w:unhideWhenUsed="0"/><w:lsdException w:name="Medium Shading 2 Accent 1" w:semiHidden="0" w:uiPriority="64" w:unhideWhenUsed="0"/><w:lsdException w:name="Medium List 1 Accent 1" w:semiHidden="0" w:uiPriority="65" w:unhideWhenUsed="0"/><w:lsdException w:name="Revision" w:unhideWhenUsed="0"/><w:lsdException w:name="List Paragraph" w:semiHidden="0" w:uiPriority="34" w:unhideWhenUsed="0" w:qFormat="1"/><w:lsdException w:name="Quote" w:semiHidden="0" w:uiPriority="29" w:unhideWhenUsed="0" w:qFormat="1"/><w:lsdException w:name="Intense Quote" w:semiHidden="0" w:uiPriority="30" w:unhideWhenUsed="0" w:qFormat="1"/><w:lsdException w:name="Medium List 2 Accent 1" w:semiHidden="0" w:uiPriority="66" w:unhideWhenUsed="0"/><w:lsdException w:name="Medium Grid 1 Accent 1" w:semiHidden="0" w:uiPriority="67" w:unhideWhenUsed="0"/><w:lsdException w:name="Medium Grid 2 Accent 1" w:semiHidden="0" w:uiPriority="68" w:unhideWhenUsed="0"/><w:lsdException w:name="Medium Grid 3 Accent 1" w:semiHidden="0" w:uiPriority="69" w:unhideWhenUsed="0"/><w:lsdException w:name="Dark List Accent 1" w:semiHidden="0" w:uiPriority="70" w:unhideWhenUsed="0"/><w:lsdException w:name="Colorful Shading Accent 1" w:semiHidden="0" w:uiPriority="71" w:unhideWhenUsed="0"/><w:lsdException w:name="Colorful List Accent 1" w:semiHidden="0" w:uiPriority="72" w:unhideWhenUsed="0"/><w:lsdException w:name="Colorful Grid Accent 1" w:semiHidden="0" w:uiPriority="73" w:unhideWhenUsed="0"/><w:lsdException w:name="Light Shading Accent 2" w:semiHidden="0" w:uiPriority="60" w:unhideWhenUsed="0"/><w:lsdException w:name="Light List Accent 2" w:semiHidden="0" w:uiPriority="61" w:unhideWhenUsed="0"/><w:lsdException w:name="Light Grid Accent 2" w:semiHidden="0" w:uiPriority="62" w:unhideWhenUsed="0"/><w:lsdException w:name="Medium Shading 1 Accent 2" w:semiHidden="0" w:uiPriority="63" w:unhideWhenUsed="0"/><w:lsdException w:name="Medium Shading 2 Accent 2" w:semiHidden="0" w:uiPriority="64" w:unhideWhenUsed="0"/><w:lsdException w:name="Medium List 1 Accent 2" w:semiHidden="0" w:uiPriority="65" w:unhideWhenUsed="0"/><w:lsdException w:name="Medium List 2 Accent 2" w:semiHidden="0" w:uiPriority="66" w:unhideWhenUsed="0"/><w:lsdException w:name="Medium Grid 1 Accent 2" w:semiHidden="0" w:uiPriority="67" w:unhideWhenUsed="0"/><w:lsdException w:name="Medium Grid 2 Accent 2" w:semiHidden="0" w:uiPriority="68" w:unhideWhenUsed="0"/><w:lsdException w:name="Medium Grid 3 Accent 2" w:semiHidden="0" w:uiPriority="69" w:unhideWhenUsed="0"/><w:lsdException w:name="Dark List Accent 2" w:semiHidden="0" w:uiPriority="70" w:unhideWhenUsed="0"/><w:lsdException w:name="Colorful Shading Accent 2" w:semiHidden="0" w:uiPriority="71" w:unhideWhenUsed="0"/><w:lsdException w:name="Colorful List Accent 2" w:semiHidden="0" w:uiPriority="72" w:unhideWhenUsed="0"/><w:lsdException w:name="Colorful Grid Accent 2" w:semiHidden="0" w:uiPriority="73" w:unhideWhenUsed="0"/><w:lsdException w:name="Light Shading Accent 3" w:semiHidden="0" w:uiPriority="60" w:unhideWhenUsed="0"/><w:lsdException w:name="Light List Accent 3" w:semiHidden="0" w:uiPriority="61" w:unhideWhenUsed="0"/><w:lsdException w:name="Light Grid Accent 3" w:semiHidden="0" w:uiPriority="62" w:unhideWhenUsed="0"/><w:lsdException w:name="Medium Shading 1 Accent 3" w:semiHidden="0" w:uiPriority="63" w:unhideWhenUsed="0"/><w:lsdException w:name="Medium Shading 2 Accent 3" w:semiHidden="0" w:uiPriority="64" w:unhideWhenUsed="0"/><w:lsdException w:name="Medium List 1 Accent 3" w:semiHidden="0" w:uiPriority="65" w:unhideWhenUsed="0"/><w:lsdException w:name="Medium List 2 Accent 3" w:semiHidden="0" w:uiPriority="66" w:unhideWhenUsed="0"/><w:lsdException w:name="Medium Grid 1 Accent 3" w:semiHidden="0" w:uiPriority="67" w:unhideWhenUsed="0"/><w:lsdException w:name="Medium Grid 2 Accent 3" w:semiHidden="0" w:uiPriority="68" w:unhideWhenUsed="0"/><w:lsdException w:name="Medium Grid 3 Accent 3" w:semiHidden="0" w:uiPriority="69" w:unhideWhenUsed="0"/><w:lsdException w:name="Dark List Accent 3" w:semiHidden="0" w:uiPriority="70" w:unhideWhenUsed="0"/><w:lsdException w:name="Colorful Shading Accent 3" w:semiHidden="0" w:uiPriority="71" w:unhideWhenUsed="0"/><w:lsdException w:name="Colorful List Accent 3" w:semiHidden="0" w:uiPriority="72" w:unhideWhenUsed="0"/><w:lsdException w:name="Colorful Grid Accent 3" w:semiHidden="0" w:uiPriority="73" w:unhideWhenUsed="0"/><w:lsdException w:name="Light Shading Accent 4" w:semiHidden="0" w:uiPriority="60" w:unhideWhenUsed="0"/><w:lsdException w:name="Light List Accent 4" w:semiHidden="0" w:uiPriority="61" w:unhideWhenUsed="0"/><w:lsdException w:name="Light Grid Accent 4" w:semiHidden="0" w:uiPriority="62" w:unhideWhenUsed="0"/><w:lsdException w:name="Medium Shading 1 Accent 4" w:semiHidden="0" w:uiPriority="63" w:unhideWhenUsed="0"/><w:lsdException w:name="Medium Shading 2 Accent 4" w:semiHidden="0" w:uiPriority="64" w:unhideWhenUsed="0"/><w:lsdException w:name="Medium List 1 Accent 4" w:semiHidden="0" w:uiPriority="65" w:unhideWhenUsed="0"/><w:lsdException w:name="Medium List 2 Accent 4" w:semiHidden="0" w:uiPriority="66" w:unhideWhenUsed="0"/><w:lsdException w:name="Medium Grid 1 Accent 4" w:semiHidden="0" w:uiPriority="67" w:unhideWhenUsed="0"/><w:lsdException w:name="Medium Grid 2 Accent 4" w:semiHidden="0" w:uiPriority="68" w:unhideWhenUsed="0"/><w:lsdException w:name="Medium Grid 3 Accent 4" w:semiHidden="0" w:uiPriority="69" w:unhideWhenUsed="0"/><w:lsdException w:name="Dark List Accent 4" w:semiHidden="0" w:uiPriority="70" w:unhideWhenUsed="0"/><w:lsdException w:name="Colorful Shading Accent 4" w:semiHidden="0" w:uiPriority="71" w:unhideWhenUsed="0"/><w:lsdException w:name="Colorful List Accent 4" w:semiHidden="0" w:uiPriority="72" w:unhideWhenUsed="0"/><w:lsdException w:name="Colorful Grid Accent 4" w:semiHidden="0" w:uiPriority="73" w:unhideWhenUsed="0"/><w:lsdException w:name="Light Shading Accent 5" w:semiHidden="0" w:uiPriority="60" w:unhideWhenUsed="0"/><w:lsdException w:name="Light List Accent 5" w:semiHidden="0" w:uiPriority="61" w:unhideWhenUsed="0"/><w:lsdException w:name="Light Grid Accent 5" w:semiHidden="0" w:uiPriority="62" w:unhideWhenUsed="0"/><w:lsdException w:name="Medium Shading 1 Accent 5" w:semiHidden="0" w:uiPriority="63" w:unhideWhenUsed="0"/><w:lsdException w:name="Medium Shading 2 Accent 5" w:semiHidden="0" w:uiPriority="64" w:unhideWhenUsed="0"/><w:lsdException w:name="Medium List 1 Accent 5" w:semiHidden="0" w:uiPriority="65" w:unhideWhenUsed="0"/><w:lsdException w:name="Medium List 2 Accent 5" w:semiHidden="0" w:uiPriority="66" w:unhideWhenUsed="0"/><w:lsdException w:name="Medium Grid 1 Accent 5" w:semiHidden="0" w:uiPriority="67" w:unhideWhenUsed="0"/><w:lsdException w:name="Medium Grid 2 Accent 5" w:semiHidden="0" w:uiPriority="68" w:unhideWhenUsed="0"/><w:lsdException w:name="Medium Grid 3 Accent 5" w:semiHidden="0" w:uiPriority="69" w:unhideWhenUsed="0"/><w:lsdException w:name="Dark List Accent 5" w:semiHidden="0" w:uiPriority="70" w:unhideWhenUsed="0"/><w:lsdException w:name="Colorful Shading Accent 5" w:semiHidden="0" w:uiPriority="71" w:unhideWhenUsed="0"/><w:lsdException w:name="Colorful List Accent 5" w:semiHidden="0" w:uiPriority="72" w:unhideWhenUsed="0"/><w:lsdException w:name="Colorful Grid Accent 5" w:semiHidden="0" w:uiPriority="73" w:unhideWhenUsed="0"/><w:lsdException w:name="Light Shading Accent 6" w:semiHidden="0" w:uiPriority="60" w:unhideWhenUsed="0"/><w:lsdException w:name="Light List Accent 6" w:semiHidden="0" w:uiPriority="61" w:unhideWhenUsed="0"/><w:lsdException w:name="Light Grid Accent 6" w:semiHidden="0" w:uiPriority="62" w:unhideWhenUsed="0"/><w:lsdException w:name="Medium Shading 1 Accent 6" w:semiHidden="0" w:uiPriority="63" w:unhideWhenUsed="0"/><w:lsdException w:name="Medium Shading 2 Accent 6" w:semiHidden="0" w:uiPriority="64" w:unhideWhenUsed="0"/><w:lsdException w:name="Medium List 1 Accent 6" w:semiHidden="0" w:uiPriority="65" w:unhideWhenUsed="0"/><w:lsdException w:name="Medium List 2 Accent 6" w:semiHidden="0" w:uiPriority="66" w:unhideWhenUsed="0"/><w:lsdException w:name="Medium Grid 1 Accent 6" w:semiHidden="0" w:uiPriority="67" w:unhideWhenUsed="0"/><w:lsdException w:name="Medium Grid 2 Accent 6" w:semiHidden="0" w:uiPriority="68" w:unhideWhenUsed="0"/><w:lsdException w:name="Medium Grid 3 Accent 6" w:semiHidden="0" w:uiPriority="69" w:unhideWhenUsed="0"/><w:lsdException w:name="Dark List Accent 6" w:semiHidden="0" w:uiPriority="70" w:unhideWhenUsed="0"/><w:lsdException w:name="Colorful Shading Accent 6" w:semiHidden="0" w:uiPriority="71" w:unhideWhenUsed="0"/><w:lsdException w:name="Colorful List Accent 6" w:semiHidden="0" w:uiPriority="72" w:unhideWhenUsed="0"/><w:lsdException w:name="Colorful Grid Accent 6" w:semiHidden="0" w:uiPriority="73" w:unhideWhenUsed="0"/><w:lsdException w:name="Subtle Emphasis" w:semiHidden="0" w:uiPriority="19" w:unhideWhenUsed="0" w:qFormat="1"/><w:lsdException w:name="Intense Emphasis" w:semiHidden="0" w:uiPriority="21" w:unhideWhenUsed="0" w:qFormat="1"/><w:lsdException w:name="Subtle Reference" w:semiHidden="0" w:uiPriority="31" w:unhideWhenUsed="0" w:qFormat="1"/><w:lsdException w:name="Intense Reference" w:semiHidden="0" w:uiPriority="32" w:unhideWhenUsed="0" w:qFormat="1"/><w:lsdException w:name="Book Title" w:semiHidden="0" w:uiPriority="33" w:unhideWhenUsed="0" w:qFormat="1"/><w:lsdException w:name="Bibliography" w:uiPriority="37"/><w:lsdException w:name="TOC Heading" w:uiPriority="39" w:qFormat="1"/></w:latentStyles><w:style w:type="paragraph" w:default="1" w:styleId="a"><w:name w:val="Normal"/><w:qFormat/><w:rsid w:val="00FF4BD4"/><w:rPr><w:rFonts w:ascii="Arial" w:hAnsi="Arial" w:cs="Arial"/><w:sz w:val="24"/><w:szCs w:val="24"/></w:rPr></w:style><w:style w:type="paragraph" w:styleId="1"><w:name w:val="heading 1"/><w:basedOn w:val="a"/><w:link w:val="10"/><w:uiPriority w:val="9"/><w:qFormat/><w:rsid w:val="00FF4BD4"/><w:pPr><w:spacing w:before="100" w:beforeAutospacing="1" w:after="100" w:afterAutospacing="1"/><w:outlineLvl w:val="0"/></w:pPr><w:rPr><w:b/><w:bCs/><w:kern w:val="36"/><w:sz w:val="20"/><w:szCs w:val="20"/></w:rPr></w:style><w:style w:type="paragraph" w:styleId="2"><w:name w:val="heading 2"/><w:basedOn w:val="a"/><w:link w:val="20"/><w:uiPriority w:val="9"/><w:qFormat/><w:rsid w:val="00FF4BD4"/><w:pPr><w:spacing w:before="100" w:beforeAutospacing="1" w:after="100" w:afterAutospacing="1"/><w:outlineLvl w:val="1"/></w:pPr><w:rPr><w:b/><w:bCs/><w:sz w:val="36"/><w:szCs w:val="36"/></w:rPr></w:style><w:style w:type="paragraph" w:styleId="3"><w:name w:val="heading 3"/><w:basedOn w:val="a"/><w:link w:val="30"/><w:uiPriority w:val="9"/><w:qFormat/><w:rsid w:val="00FF4BD4"/><w:pPr><w:spacing w:before="100" w:beforeAutospacing="1" w:after="100" w:afterAutospacing="1"/><w:outlineLvl w:val="2"/></w:pPr><w:rPr><w:b/><w:bCs/><w:sz w:val="33"/><w:szCs w:val="33"/></w:rPr></w:style><w:style w:type="character" w:default="1" w:styleId="a0"><w:name w:val="Default Paragraph Font"/><w:uiPriority w:val="1"/><w:semiHidden/><w:unhideWhenUsed/></w:style><w:style w:type="table" w:default="1" w:styleId="a1"><w:name w:val="Normal Table"/><w:uiPriority w:val="99"/><w:semiHidden/><w:unhideWhenUsed/><w:qFormat/><w:tblPr><w:tblInd w:w="0" w:type="dxa"/><w:tblCellMar><w:top w:w="0" w:type="dxa"/><w:left w:w="108" w:type="dxa"/><w:bottom w:w="0" w:type="dxa"/><w:right w:w="108" w:type="dxa"/></w:tblCellMar></w:tblPr></w:style><w:style w:type="numbering" w:default="1" w:styleId="a2"><w:name w:val="No List"/><w:uiPriority w:val="99"/><w:semiHidden/><w:unhideWhenUsed/></w:style><w:style w:type="character" w:styleId="a3"><w:name w:val="Hyperlink"/><w:basedOn w:val="a0"/><w:uiPriority w:val="99"/><w:semiHidden/><w:unhideWhenUsed/><w:rsid w:val="00FF4BD4"/><w:rPr><w:color w:val="0000FF"/><w:u w:val="single"/></w:rPr></w:style><w:style w:type="character" w:styleId="a4"><w:name w:val="FollowedHyperlink"/><w:basedOn w:val="a0"/><w:uiPriority w:val="99"/><w:semiHidden/><w:unhideWhenUsed/><w:rsid w:val="00FF4BD4"/><w:rPr><w:color w:val="800080"/><w:u w:val="single"/></w:rPr></w:style><w:style w:type="character" w:customStyle="1" w:styleId="10"><w:name w:val="Заголовок 1 Знак"/><w:basedOn w:val="a0"/><w:link w:val="1"/><w:uiPriority w:val="9"/><w:rsid w:val="00FF4BD4"/><w:rPr><w:rFonts w:ascii="Cambria" w:eastAsia="Times New Roman" w:hAnsi="Cambria" w:cs="Times New Roman"/><w:b/><w:bCs/><w:color w:val="365F91"/><w:sz w:val="28"/><w:szCs w:val="28"/></w:rPr></w:style><w:style w:type="character" w:customStyle="1" w:styleId="20"><w:name w:val="Заголовок 2 Знак"/><w:basedOn w:val="a0"/><w:link w:val="2"/><w:uiPriority w:val="9"/><w:semiHidden/><w:rsid w:val="00FF4BD4"/><w:rPr><w:rFonts w:ascii="Cambria" w:eastAsia="Times New Roman" w:hAnsi="Cambria" w:cs="Times New Roman"/><w:b/><w:bCs/><w:color w:val="4F81BD"/><w:sz w:val="26"/><w:szCs w:val="26"/></w:rPr></w:style><w:style w:type="character" w:customStyle="1" w:styleId="30"><w:name w:val="Заголовок 3 Знак"/><w:basedOn w:val="a0"/><w:link w:val="3"/><w:uiPriority w:val="9"/><w:semiHidden/><w:rsid w:val="00FF4BD4"/><w:rPr><w:rFonts w:ascii="Cambria" w:eastAsia="Times New Roman" w:hAnsi="Cambria" w:cs="Times New Roman"/><w:b/><w:bCs/><w:color w:val="4F81BD"/><w:sz w:val="24"/><w:szCs w:val="24"/></w:rPr></w:style><w:style w:type="paragraph" w:styleId="HTML"><w:name w:val="HTML Preformatted"/><w:basedOn w:val="a"/><w:link w:val="HTML0"/><w:uiPriority w:val="99"/><w:semiHidden/><w:unhideWhenUsed/><w:rsid w:val="00FF4BD4"/><w:pPr><w:tabs><w:tab w:val="left" w:pos="916"/><w:tab w:val="left" w:pos="1832"/><w:tab w:val="left" w:pos="2748"/><w:tab w:val="left" w:pos="3664"/><w:tab w:val="left" w:pos="4580"/><w:tab w:val="left" w:pos="5496"/><w:tab w:val="left" w:pos="6412"/><w:tab w:val="left" w:pos="7328"/><w:tab w:val="left" w:pos="8244"/><w:tab w:val="left" w:pos="9160"/><w:tab w:val="left" w:pos="10076"/><w:tab w:val="left" w:pos="10992"/><w:tab w:val="left" w:pos="11908"/><w:tab w:val="left" w:pos="12824"/><w:tab w:val="left" w:pos="13740"/><w:tab w:val="left" w:pos="14656"/></w:tabs></w:pPr><w:rPr><w:sz w:val="20"/><w:szCs w:val="20"/></w:rPr></w:style><w:style w:type="character" w:customStyle="1" w:styleId="HTML0"><w:name w:val="Стандартный HTML Знак"/><w:basedOn w:val="a0"/><w:link w:val="HTML"/><w:uiPriority w:val="99"/><w:semiHidden/><w:rsid w:val="00FF4BD4"/><w:rPr><w:rFonts w:ascii="Consolas" w:eastAsia="Times New Roman" w:hAnsi="Consolas"/></w:rPr></w:style><w:style w:type="paragraph" w:styleId="a5"><w:name w:val="Normal (Web)"/><w:basedOn w:val="a"/><w:uiPriority w:val="99"/><w:unhideWhenUsed/><w:rsid w:val="00FF4BD4"/><w:pPr><w:spacing w:before="100" w:beforeAutospacing="1" w:after="100" w:afterAutospacing="1"/></w:pPr><w:rPr><w:sz w:val="20"/><w:szCs w:val="20"/></w:rPr></w:style><w:style w:type="paragraph" w:customStyle="1" w:styleId="yrsh"><w:name w:val="yrsh"/><w:basedOn w:val="a"/><w:rsid w:val="00FF4BD4"/><w:pPr><w:shd w:val="clear" w:color="auto" w:fill="92D050"/><w:spacing w:before="100" w:beforeAutospacing="1" w:after="100" w:afterAutospacing="1"/></w:pPr><w:rPr><w:sz w:val="20"/><w:szCs w:val="20"/></w:rPr></w:style><w:style w:type="paragraph" w:customStyle="1" w:styleId="tabtitle"><w:name w:val="tabtitle"/><w:basedOn w:val="a"/><w:rsid w:val="00FF4BD4"/><w:pPr><w:shd w:val="clear" w:color="auto" w:fill="28A0C8"/><w:spacing w:before="100" w:beforeAutospacing="1" w:after="100" w:afterAutospacing="1"/></w:pPr><w:rPr><w:sz w:val="20"/><w:szCs w:val="20"/></w:rPr></w:style><w:style w:type="paragraph" w:customStyle="1" w:styleId="header-listtarget"><w:name w:val="header-listtarget"/><w:basedOn w:val="a"/><w:rsid w:val="00FF4BD4"/><w:pPr><w:shd w:val="clear" w:color="auto" w:fill="E66E5A"/><w:spacing w:before="100" w:beforeAutospacing="1" w:after="100" w:afterAutospacing="1"/></w:pPr><w:rPr><w:sz w:val="20"/><w:szCs w:val="20"/></w:rPr></w:style><w:style w:type="paragraph" w:customStyle="1" w:styleId="bdall"><w:name w:val="bdall"/><w:basedOn w:val="a"/><w:rsid w:val="00FF4BD4"/><w:pPr><w:pBdr><w:top w:val="single" w:sz="8" w:space="0" w:color="000000"/><w:left w:val="single" w:sz="8" w:space="0" w:color="000000"/><w:bottom w:val="single" w:sz="8" w:space="0" w:color="000000"/><w:right w:val="single" w:sz="8" w:space="0" w:color="000000"/></w:pBdr><w:spacing w:before="100" w:beforeAutospacing="1" w:after="100" w:afterAutospacing="1"/></w:pPr><w:rPr><w:sz w:val="20"/><w:szCs w:val="20"/></w:rPr></w:style><w:style w:type="paragraph" w:customStyle="1" w:styleId="bdtop"><w:name w:val="bdtop"/><w:basedOn w:val="a"/><w:rsid w:val="00FF4BD4"/><w:pPr><w:pBdr><w:top w:val="single" w:sz="8" w:space="0" w:color="000000"/></w:pBdr><w:spacing w:before="100" w:beforeAutospacing="1" w:after="100" w:afterAutospacing="1"/></w:pPr><w:rPr><w:sz w:val="20"/><w:szCs w:val="20"/></w:rPr></w:style><w:style w:type="paragraph" w:customStyle="1" w:styleId="bdleft"><w:name w:val="bdleft"/><w:basedOn w:val="a"/><w:rsid w:val="00FF4BD4"/><w:pPr><w:pBdr><w:left w:val="single" w:sz="8" w:space="0" w:color="000000"/></w:pBdr><w:spacing w:before="100" w:beforeAutospacing="1" w:after="100" w:afterAutospacing="1"/></w:pPr><w:rPr><w:sz w:val="20"/><w:szCs w:val="20"/></w:rPr></w:style><w:style w:type="paragraph" w:customStyle="1" w:styleId="bdright"><w:name w:val="bdright"/><w:basedOn w:val="a"/><w:rsid w:val="00FF4BD4"/><w:pPr><w:pBdr><w:right w:val="single" w:sz="8" w:space="0" w:color="000000"/></w:pBdr><w:spacing w:before="100" w:beforeAutospacing="1" w:after="100" w:afterAutospacing="1"/></w:pPr><w:rPr><w:sz w:val="20"/><w:szCs w:val="20"/></w:rPr></w:style><w:style w:type="paragraph" w:customStyle="1" w:styleId="bdbottom"><w:name w:val="bdbottom"/><w:basedOn w:val="a"/><w:rsid w:val="00FF4BD4"/><w:pPr><w:pBdr><w:bottom w:val="single" w:sz="8" w:space="0" w:color="000000"/></w:pBdr><w:spacing w:before="100" w:beforeAutospacing="1" w:after="100" w:afterAutospacing="1"/></w:pPr><w:rPr><w:sz w:val="20"/><w:szCs w:val="20"/></w:rPr></w:style><w:style w:type="paragraph" w:customStyle="1" w:styleId="headercell"><w:name w:val="headercell"/><w:basedOn w:val="a"/><w:rsid w:val="00FF4BD4"/><w:pPr><w:pBdr><w:bottom w:val="double" w:sz="6" w:space="0" w:color="000000"/></w:pBdr><w:spacing w:before="100" w:beforeAutospacing="1" w:after="100" w:afterAutospacing="1"/></w:pPr><w:rPr><w:sz w:val="20"/><w:szCs w:val="20"/></w:rPr></w:style><w:style w:type="character" w:customStyle="1" w:styleId="lspace"><w:name w:val="lspace"/><w:basedOn w:val="a0"/><w:rsid w:val="00FF4BD4"/><w:rPr><w:color w:val="FF9900"/></w:rPr></w:style><w:style w:type="character" w:customStyle="1" w:styleId="small"><w:name w:val="small"/><w:basedOn w:val="a0"/><w:rsid w:val="00FF4BD4"/><w:rPr><w:sz w:val="15"/><w:szCs w:val="15"/></w:rPr></w:style><w:style w:type="character" w:customStyle="1" w:styleId="fill"><w:name w:val="fill"/><w:basedOn w:val="a0"/><w:rsid w:val="00FF4BD4"/><w:rPr><w:b/><w:bCs/><w:i/><w:iCs/><w:color w:val="FF0000"/></w:rPr></w:style><w:style w:type="character" w:customStyle="1" w:styleId="maggd"><w:name w:val="maggd"/><w:basedOn w:val="a0"/><w:rsid w:val="00FF4BD4"/><w:rPr><w:color w:val="006400"/></w:rPr></w:style><w:style w:type="character" w:customStyle="1" w:styleId="magusn"><w:name w:val="magusn"/><w:basedOn w:val="a0"/><w:rsid w:val="00FF4BD4"/><w:rPr><w:color w:val="006666"/></w:rPr></w:style><w:style w:type="character" w:customStyle="1" w:styleId="enp"><w:name w:val="enp"/><w:basedOn w:val="a0"/><w:rsid w:val="00FF4BD4"/><w:rPr><w:color w:val="3C7828"/></w:rPr></w:style><w:style w:type="character" w:customStyle="1" w:styleId="kdkss"><w:name w:val="kdkss"/><w:basedOn w:val="a0"/><w:rsid w:val="00FF4BD4"/><w:rPr><w:color w:val="BE780A"/></w:rPr></w:style><w:style w:type="character" w:customStyle="1" w:styleId="actel"><w:name w:val="actel"/><w:basedOn w:val="a0"/><w:rsid w:val="00FF4BD4"/><w:rPr><w:color w:val="E36C0A"/></w:rPr></w:style><w:style w:type="paragraph" w:styleId="a6"><w:name w:val="header"/><w:basedOn w:val="a"/><w:link w:val="a7"/><w:uiPriority w:val="99"/><w:semiHidden/><w:unhideWhenUsed/><w:rsid w:val="006411F5"/><w:pPr><w:tabs><w:tab w:val="center" w:pos="4677"/><w:tab w:val="right" w:pos="9355"/></w:tabs></w:pPr></w:style><w:style w:type="character" w:customStyle="1" w:styleId="a7"><w:name w:val="Верхний колонтитул Знак"/><w:basedOn w:val="a0"/><w:link w:val="a6"/><w:uiPriority w:val="99"/><w:semiHidden/><w:rsid w:val="006411F5"/><w:rPr><w:rFonts w:eastAsia="Times New Roman"/><w:sz w:val="24"/><w:szCs w:val="24"/></w:rPr></w:style><w:style w:type="paragraph" w:styleId="a8"><w:name w:val="footer"/><w:basedOn w:val="a"/><w:link w:val="a9"/><w:uiPriority w:val="99"/><w:semiHidden/><w:unhideWhenUsed/><w:rsid w:val="006411F5"/><w:pPr><w:tabs><w:tab w:val="center" w:pos="4677"/><w:tab w:val="right" w:pos="9355"/></w:tabs></w:pPr></w:style><w:style w:type="character" w:customStyle="1" w:styleId="a9"><w:name w:val="Нижний колонтитул Знак"/><w:basedOn w:val="a0"/><w:link w:val="a8"/><w:uiPriority w:val="99"/><w:semiHidden/><w:rsid w:val="006411F5"/><w:rPr><w:rFonts w:eastAsia="Times New Roman"/><w:sz w:val="24"/><w:szCs w:val="24"/></w:rPr></w:style><w:style w:type="character" w:styleId="aa"><w:name w:val="annotation reference"/><w:basedOn w:val="a0"/><w:uiPriority w:val="99"/><w:semiHidden/><w:unhideWhenUsed/><w:rsid w:val="006411F5"/><w:rPr><w:sz w:val="16"/><w:szCs w:val="16"/></w:rPr></w:style><w:style w:type="paragraph" w:styleId="ab"><w:name w:val="annotation text"/><w:basedOn w:val="a"/><w:link w:val="ac"/><w:uiPriority w:val="99"/><w:semiHidden/><w:unhideWhenUsed/><w:rsid w:val="006411F5"/><w:rPr><w:sz w:val="20"/><w:szCs w:val="20"/></w:rPr></w:style><w:style w:type="character" w:customStyle="1" w:styleId="ac"><w:name w:val="Текст примечания Знак"/><w:basedOn w:val="a0"/><w:link w:val="ab"/><w:uiPriority w:val="99"/><w:semiHidden/><w:rsid w:val="006411F5"/><w:rPr><w:rFonts w:eastAsia="Times New Roman"/></w:rPr></w:style><w:style w:type="paragraph" w:styleId="ad"><w:name w:val="annotation subject"/><w:basedOn w:val="ab"/><w:next w:val="ab"/><w:link w:val="ae"/><w:uiPriority w:val="99"/><w:semiHidden/><w:unhideWhenUsed/><w:rsid w:val="006411F5"/><w:rPr><w:b/><w:bCs/></w:rPr></w:style><w:style w:type="character" w:customStyle="1" w:styleId="ae"><w:name w:val="Тема примечания Знак"/><w:basedOn w:val="ac"/><w:link w:val="ad"/><w:uiPriority w:val="99"/><w:semiHidden/><w:rsid w:val="006411F5"/><w:rPr><w:b/><w:bCs/></w:rPr></w:style><w:style w:type="paragraph" w:styleId="af"><w:name w:val="Balloon Text"/><w:basedOn w:val="a"/><w:link w:val="af0"/><w:uiPriority w:val="99"/><w:semiHidden/><w:unhideWhenUsed/><w:rsid w:val="006411F5"/><w:rPr><w:rFonts w:ascii="Tahoma" w:hAnsi="Tahoma" w:cs="Tahoma"/><w:sz w:val="16"/><w:szCs w:val="16"/></w:rPr></w:style><w:style w:type="character" w:customStyle="1" w:styleId="af0"><w:name w:val="Текст выноски Знак"/><w:basedOn w:val="a0"/><w:link w:val="af"/><w:uiPriority w:val="99"/><w:semiHidden/><w:rsid w:val="006411F5"/><w:rPr><w:rFonts w:ascii="Tahoma" w:eastAsia="Times New Roman" w:hAnsi="Tahoma" w:cs="Tahoma"/><w:sz w:val="16"/><w:szCs w:val="16"/></w:rPr></w:style><w:style w:type="character" w:styleId="af1"><w:name w:val="Placeholder Text"/><w:basedOn w:val="a0"/><w:uiPriority w:val="99"/><w:semiHidden/><w:rsid w:val="008D31DB"/><w:rPr><w:color w:val="808080"/></w:rPr></w:style></w:styles>