<?xml version="1.0" encoding="UTF-8" standalone="yes"?>
<p:notesMaster xmlns:a="http://schemas.openxmlformats.org/drawingml/2006/main" xmlns:r="http://schemas.openxmlformats.org/officeDocument/2006/relationships" xmlns:p="http://schemas.openxmlformats.org/presentationml/2006/main"><p:cSld><p:bg><p:bgRef idx="1001"><a:schemeClr val="bg1"/></p:bgRef></p:bg><p:spTree><p:nvGrpSpPr><p:cNvPr id="1" name=""/><p:cNvGrpSpPr/><p:nvPr/></p:nvGrpSpPr><p:grpSpPr><a:xfrm><a:off x="0" y="0"/><a:ext cx="0" cy="0"/><a:chOff x="0" y="0"/><a:chExt cx="0" cy="0"/></a:xfrm></p:grpSpPr><p:sp><p:nvSpPr><p:cNvPr id="26" name="Shape 26"/><p:cNvSpPr><a:spLocks noGrp="1" noRot="1" noChangeAspect="1"/></p:cNvSpPr><p:nvPr><p:ph type="sldImg"/></p:nvPr></p:nvSpPr><p:spPr><a:xfrm><a:off x="1143000" y="685800"/><a:ext cx="4572000" cy="3429000"/></a:xfrm><a:prstGeom prst="rect"><a:avLst/></a:prstGeom></p:spPr><p:txBody><a:bodyPr/><a:lstStyle/><a:p><a:endParaRPr/></a:p></p:txBody></p:sp><p:sp><p:nvSpPr><p:cNvPr id="27" name="Shape 27"/><p:cNvSpPr><a:spLocks noGrp="1"/></p:cNvSpPr><p:nvPr><p:ph type="body" sz="quarter" idx="1"/></p:nvPr></p:nvSpPr><p:spPr><a:xfrm><a:off x="914400" y="4343400"/><a:ext cx="5029200" cy="4114800"/></a:xfrm><a:prstGeom prst="rect"><a:avLst/></a:prstGeom></p:spPr><p:txBody><a:bodyPr/><a:lstStyle/><a:p><a:endParaRPr/></a:p></p:txBody></p:sp></p:spTree></p:cSld><p:clrMap bg1="lt1" tx1="dk1" bg2="lt2" tx2="dk2" accent1="accent1" accent2="accent2" accent3="accent3" accent4="accent4" accent5="accent5" accent6="accent6" hlink="hlink" folHlink="folHlink"/><p:notesStyle><a:lvl1pPr defTabSz="457200" latinLnBrk="0"><a:lnSpc><a:spcPct val="117999"/></a:lnSpc><a:defRPr sz="2200"><a:latin typeface="Helvetica Neue"/><a:ea typeface="Helvetica Neue"/><a:cs typeface="Helvetica Neue"/><a:sym typeface="Helvetica Neue"/></a:defRPr></a:lvl1pPr><a:lvl2pPr indent="228600" defTabSz="457200" latinLnBrk="0"><a:lnSpc><a:spcPct val="117999"/></a:lnSpc><a:defRPr sz="2200"><a:latin typeface="Helvetica Neue"/><a:ea typeface="Helvetica Neue"/><a:cs typeface="Helvetica Neue"/><a:sym typeface="Helvetica Neue"/></a:defRPr></a:lvl2pPr><a:lvl3pPr indent="457200" defTabSz="457200" latinLnBrk="0"><a:lnSpc><a:spcPct val="117999"/></a:lnSpc><a:defRPr sz="2200"><a:latin typeface="Helvetica Neue"/><a:ea typeface="Helvetica Neue"/><a:cs typeface="Helvetica Neue"/><a:sym typeface="Helvetica Neue"/></a:defRPr></a:lvl3pPr><a:lvl4pPr indent="685800" defTabSz="457200" latinLnBrk="0"><a:lnSpc><a:spcPct val="117999"/></a:lnSpc><a:defRPr sz="2200"><a:latin typeface="Helvetica Neue"/><a:ea typeface="Helvetica Neue"/><a:cs typeface="Helvetica Neue"/><a:sym typeface="Helvetica Neue"/></a:defRPr></a:lvl4pPr><a:lvl5pPr indent="914400" defTabSz="457200" latinLnBrk="0"><a:lnSpc><a:spcPct val="117999"/></a:lnSpc><a:defRPr sz="2200"><a:latin typeface="Helvetica Neue"/><a:ea typeface="Helvetica Neue"/><a:cs typeface="Helvetica Neue"/><a:sym typeface="Helvetica Neue"/></a:defRPr></a:lvl5pPr><a:lvl6pPr indent="1143000" defTabSz="457200" latinLnBrk="0"><a:lnSpc><a:spcPct val="117999"/></a:lnSpc><a:defRPr sz="2200"><a:latin typeface="Helvetica Neue"/><a:ea typeface="Helvetica Neue"/><a:cs typeface="Helvetica Neue"/><a:sym typeface="Helvetica Neue"/></a:defRPr></a:lvl6pPr><a:lvl7pPr indent="1371600" defTabSz="457200" latinLnBrk="0"><a:lnSpc><a:spcPct val="117999"/></a:lnSpc><a:defRPr sz="2200"><a:latin typeface="Helvetica Neue"/><a:ea typeface="Helvetica Neue"/><a:cs typeface="Helvetica Neue"/><a:sym typeface="Helvetica Neue"/></a:defRPr></a:lvl7pPr><a:lvl8pPr indent="1600200" defTabSz="457200" latinLnBrk="0"><a:lnSpc><a:spcPct val="117999"/></a:lnSpc><a:defRPr sz="2200"><a:latin typeface="Helvetica Neue"/><a:ea typeface="Helvetica Neue"/><a:cs typeface="Helvetica Neue"/><a:sym typeface="Helvetica Neue"/></a:defRPr></a:lvl8pPr><a:lvl9pPr indent="1828800" defTabSz="457200" latinLnBrk="0"><a:lnSpc><a:spcPct val="117999"/></a:lnSpc><a:defRPr sz="2200"><a:latin typeface="Helvetica Neue"/><a:ea typeface="Helvetica Neue"/><a:cs typeface="Helvetica Neue"/><a:sym typeface="Helvetica Neue"/></a:defRPr></a:lvl9pPr></p:notesStyle></p:notesMaster>