<?xml version="1.0" encoding="UTF-8" standalone="yes"?>
<Properties xmlns="http://schemas.openxmlformats.org/officeDocument/2006/extended-properties" xmlns:vt="http://schemas.openxmlformats.org/officeDocument/2006/docPropsVTypes"><Template>Normal</Template><TotalTime>13</TotalTime><Pages>10</Pages><Words>1622</Words><Characters>9252</Characters><Application>Microsoft Office Word</Application><DocSecurity>0</DocSecurity><Lines>77</Lines><Paragraphs>21</Paragraphs><ScaleCrop>false</ScaleCrop><Company></Company><LinksUpToDate>false</LinksUpToDate><CharactersWithSpaces>10853</CharactersWithSpaces><SharedDoc>false</SharedDoc><HyperlinksChanged>false</HyperlinksChanged><AppVersion>14.0000</AppVersion></Properties>