<?xml version="1.0" encoding="UTF-8" standalone="yes"?>
<Properties xmlns="http://schemas.openxmlformats.org/officeDocument/2006/extended-properties" xmlns:vt="http://schemas.openxmlformats.org/officeDocument/2006/docPropsVTypes"><TotalTime>82</TotalTime><Words>265</Words><Application>Microsoft Office PowerPoint</Application><PresentationFormat>Произвольный</PresentationFormat><Paragraphs>60</Paragraphs><Slides>6</Slides><Notes>0</Notes><HiddenSlides>0</HiddenSlides><MMClips>0</MMClips><ScaleCrop>false</ScaleCrop><HeadingPairs><vt:vector size="6" baseType="variant"><vt:variant><vt:lpstr>Использованные шрифты</vt:lpstr></vt:variant><vt:variant><vt:i4>9</vt:i4></vt:variant><vt:variant><vt:lpstr>Тема</vt:lpstr></vt:variant><vt:variant><vt:i4>1</vt:i4></vt:variant><vt:variant><vt:lpstr>Заголовки слайдов</vt:lpstr></vt:variant><vt:variant><vt:i4>6</vt:i4></vt:variant></vt:vector></HeadingPairs><TitlesOfParts><vt:vector size="16" baseType="lpstr"><vt:lpstr>Arial</vt:lpstr><vt:lpstr>Helvetica Neue</vt:lpstr><vt:lpstr>Helvetica Neue Light</vt:lpstr><vt:lpstr>Helvetica Neue Medium</vt:lpstr><vt:lpstr>Montserrat</vt:lpstr><vt:lpstr>Montserrat ExtraBold</vt:lpstr><vt:lpstr>Montserrat Medium</vt:lpstr><vt:lpstr>Open Sans</vt:lpstr><vt:lpstr>Roboto</vt:lpstr><vt:lpstr>White</vt:lpstr><vt:lpstr>Презентация PowerPoint</vt:lpstr><vt:lpstr>Презентация PowerPoint</vt:lpstr><vt:lpstr>Презентация PowerPoint</vt:lpstr><vt:lpstr>Презентация PowerPoint</vt:lpstr><vt:lpstr>Презентация PowerPoint</vt:lpstr><vt:lpstr>Презентация PowerPoint</vt:lpstr></vt:vector></TitlesOfParts><LinksUpToDate>false</LinksUpToDate><SharedDoc>false</SharedDoc><HyperlinksChanged>false</HyperlinksChanged><AppVersion>16.0000</AppVersion></Properties>