<?xml version="1.0" encoding="UTF-8" standalone="yes"?>
<cp:coreProperties xmlns:cp="http://schemas.openxmlformats.org/package/2006/metadata/core-properties" xmlns:dc="http://purl.org/dc/elements/1.1/" xmlns:dcterms="http://purl.org/dc/terms/" xmlns:dcmitype="http://purl.org/dc/dcmitype/" xmlns:xsi="http://www.w3.org/2001/XMLSchema-instance"><dc:title>Презентация PowerPoint</dc:title><dc:creator>Kim</dc:creator><cp:lastModifiedBy>Ким Воронин</cp:lastModifiedBy><cp:revision>9</cp:revision><dcterms:modified xsi:type="dcterms:W3CDTF">2021-12-29T14:55:53Z</dcterms:modified></cp:coreProperties>