<?xml version="1.0" encoding="UTF-8" standalone="yes"?>
<w:document xmlns:ve="http://schemas.openxmlformats.org/markup-compatibility/2006" xmlns:o="urn:schemas-microsoft-com:office:office" xmlns:r="http://schemas.openxmlformats.org/officeDocument/2006/relationships" xmlns:m="http://schemas.openxmlformats.org/officeDocument/2006/math" xmlns:v="urn:schemas-microsoft-com:vml" xmlns:wp="http://schemas.openxmlformats.org/drawingml/2006/wordprocessingDrawing" xmlns:w10="urn:schemas-microsoft-com:office:word" xmlns:w="http://schemas.openxmlformats.org/wordprocessingml/2006/main" xmlns:wne="http://schemas.microsoft.com/office/word/2006/wordml" xmlns:a="http://schemas.openxmlformats.org/drawingml/2006/main" xmlns:pic="http://schemas.openxmlformats.org/drawingml/2006/picture" xml:space="preserve"><w:body><w:p><w:pPr><w:pStyle w:val="BodyText"/><w:spacing w:before="5"/><w:rPr><w:rFonts w:ascii="Times New Roman"/><w:sz w:val="8"/></w:rPr></w:pPr><w:r><w:rPr/><w:drawing><wp:anchor distT="0" distB="0" distL="0" distR="0" allowOverlap="1" layoutInCell="1" locked="0" behindDoc="0" simplePos="0" relativeHeight="15731200"><wp:simplePos x="0" y="0"/><wp:positionH relativeFrom="page"><wp:posOffset>2482571</wp:posOffset></wp:positionH><wp:positionV relativeFrom="page"><wp:posOffset>1292097</wp:posOffset></wp:positionV><wp:extent cx="3285714" cy="114286"/><wp:effectExtent l="0" t="0" r="0" b="0"/><wp:wrapNone/><wp:docPr id="1" name="image1.jpeg"/><wp:cNvGraphicFramePr><a:graphicFrameLocks noChangeAspect="1"/></wp:cNvGraphicFramePr><a:graphic><a:graphicData uri="http://schemas.openxmlformats.org/drawingml/2006/picture"><pic:pic><pic:nvPicPr><pic:cNvPr id="2" name="image1.jpeg"/><pic:cNvPicPr/></pic:nvPicPr><pic:blipFill><a:blip r:embed="rId5" cstate="print"/><a:stretch><a:fillRect/></a:stretch></pic:blipFill><pic:spPr><a:xfrm><a:off x="0" y="0"/><a:ext cx="3285714" cy="114286"/></a:xfrm><a:prstGeom prst="rect"><a:avLst/></a:prstGeom></pic:spPr></pic:pic></a:graphicData></a:graphic></wp:anchor></w:drawing></w:r></w:p><w:p><w:pPr><w:pStyle w:val="BodyText"/><w:spacing w:line="20" w:lineRule="exact"/><w:ind w:left="103" w:right="-15"/><w:rPr><w:rFonts w:ascii="Times New Roman"/><w:sz w:val="2"/></w:rPr></w:pPr><w:r><w:rPr><w:rFonts w:ascii="Times New Roman"/><w:sz w:val="2"/></w:rPr><w:pict><v:group style="width:424.55pt;height:1.7pt;mso-position-horizontal-relative:char;mso-position-vertical-relative:line" id="docshapegroup1" coordorigin="0,0" coordsize="8491,34"><v:line style="position:absolute" from="0,17" to="8490,17" stroked="true" strokeweight="1.679795pt" strokecolor="#806093"><v:stroke dashstyle="solid"/></v:line></v:group></w:pict></w:r><w:r><w:rPr><w:rFonts w:ascii="Times New Roman"/><w:sz w:val="2"/></w:rPr></w:r></w:p><w:p><w:pPr><w:pStyle w:val="BodyText"/><w:spacing w:before="6"/><w:rPr><w:rFonts w:ascii="Times New Roman"/><w:sz w:val="19"/></w:rPr></w:pPr><w:r><w:rPr/><w:pict><v:shape style="position:absolute;margin-left:34.158230pt;margin-top:12.449888pt;width:424.55pt;height:.1pt;mso-position-horizontal-relative:page;mso-position-vertical-relative:paragraph;z-index:-15728128;mso-wrap-distance-left:0;mso-wrap-distance-right:0" id="docshape2" coordorigin="683,249" coordsize="8491,0" path="m683,249l9173,249e" filled="false" stroked="true" strokeweight="1.679795pt" strokecolor="#000000"><v:path arrowok="t"/><v:stroke dashstyle="solid"/><w10:wrap type="topAndBottom"/></v:shape></w:pict></w:r></w:p><w:p><w:pPr><w:pStyle w:val="Title"/><w:tabs><w:tab w:pos="674" w:val="left" w:leader="none"/><w:tab w:pos="3329" w:val="left" w:leader="none"/></w:tabs></w:pPr><w:r><w:rPr><w:color w:val="4D4D4D"/><w:spacing w:val="-10"/><w:w w:val="95"/></w:rPr><w:t>1</w:t></w:r><w:r><w:rPr><w:color w:val="4D4D4D"/></w:rPr><w:tab/></w:r><w:r><w:rPr><w:color w:val="2F2F2F"/><w:spacing w:val="-2"/><w:w w:val="95"/></w:rPr><w:t>Приеи</w:t></w:r><w:r><w:rPr><w:color w:val="2F2F2F"/></w:rPr><w:tab/></w:r><w:r><w:rPr><w:color w:val="2F2F2F"/><w:position w:val="-3"/></w:rPr><w:drawing><wp:inline distT="0" distB="0" distL="0" distR="0"><wp:extent cx="1142857" cy="104762"/><wp:effectExtent l="0" t="0" r="0" b="0"/><wp:docPr id="3" name="image2.png"/><wp:cNvGraphicFramePr><a:graphicFrameLocks noChangeAspect="1"/></wp:cNvGraphicFramePr><a:graphic><a:graphicData uri="http://schemas.openxmlformats.org/drawingml/2006/picture"><pic:pic><pic:nvPicPr><pic:cNvPr id="4" name="image2.png"/><pic:cNvPicPr/></pic:nvPicPr><pic:blipFill><a:blip r:embed="rId6" cstate="print"/><a:stretch><a:fillRect/></a:stretch></pic:blipFill><pic:spPr><a:xfrm><a:off x="0" y="0"/><a:ext cx="1142857" cy="104762"/></a:xfrm><a:prstGeom prst="rect"><a:avLst/></a:prstGeom></pic:spPr></pic:pic></a:graphicData></a:graphic></wp:inline></w:drawing></w:r><w:r><w:rPr><w:color w:val="2F2F2F"/><w:position w:val="-3"/></w:rPr></w:r></w:p><w:p><w:pPr><w:pStyle w:val="BodyText"/><w:rPr><w:sz w:val="20"/></w:rPr></w:pPr></w:p><w:p><w:pPr><w:pStyle w:val="BodyText"/><w:rPr><w:sz w:val="20"/></w:rPr></w:pPr></w:p><w:p><w:pPr><w:pStyle w:val="BodyText"/><w:spacing w:before="6"/></w:pPr><w:r><w:rPr/><w:drawing><wp:anchor distT="0" distB="0" distL="0" distR="0" allowOverlap="1" layoutInCell="1" locked="0" behindDoc="0" simplePos="0" relativeHeight="2"><wp:simplePos x="0" y="0"/><wp:positionH relativeFrom="page"><wp:posOffset>463523</wp:posOffset></wp:positionH><wp:positionV relativeFrom="paragraph"><wp:posOffset>143220</wp:posOffset></wp:positionV><wp:extent cx="1114422" cy="95250"/><wp:effectExtent l="0" t="0" r="0" b="0"/><wp:wrapTopAndBottom/><wp:docPr id="5" name="image3.png"/><wp:cNvGraphicFramePr><a:graphicFrameLocks noChangeAspect="1"/></wp:cNvGraphicFramePr><a:graphic><a:graphicData uri="http://schemas.openxmlformats.org/drawingml/2006/picture"><pic:pic><pic:nvPicPr><pic:cNvPr id="6" name="image3.png"/><pic:cNvPicPr/></pic:nvPicPr><pic:blipFill><a:blip r:embed="rId7" cstate="print"/><a:stretch><a:fillRect/></a:stretch></pic:blipFill><pic:spPr><a:xfrm><a:off x="0" y="0"/><a:ext cx="1114422" cy="95250"/></a:xfrm><a:prstGeom prst="rect"><a:avLst/></a:prstGeom></pic:spPr></pic:pic></a:graphicData></a:graphic></wp:anchor></w:drawing></w:r><w:r><w:rPr/><w:drawing><wp:anchor distT="0" distB="0" distL="0" distR="0" allowOverlap="1" layoutInCell="1" locked="0" behindDoc="0" simplePos="0" relativeHeight="3"><wp:simplePos x="0" y="0"/><wp:positionH relativeFrom="page"><wp:posOffset>2482571</wp:posOffset></wp:positionH><wp:positionV relativeFrom="paragraph"><wp:posOffset>143220</wp:posOffset></wp:positionV><wp:extent cx="1809744" cy="95250"/><wp:effectExtent l="0" t="0" r="0" b="0"/><wp:wrapTopAndBottom/><wp:docPr id="7" name="image4.png"/><wp:cNvGraphicFramePr><a:graphicFrameLocks noChangeAspect="1"/></wp:cNvGraphicFramePr><a:graphic><a:graphicData uri="http://schemas.openxmlformats.org/drawingml/2006/picture"><pic:pic><pic:nvPicPr><pic:cNvPr id="8" name="image4.png"/><pic:cNvPicPr/></pic:nvPicPr><pic:blipFill><a:blip r:embed="rId8" cstate="print"/><a:stretch><a:fillRect/></a:stretch></pic:blipFill><pic:spPr><a:xfrm><a:off x="0" y="0"/><a:ext cx="1809744" cy="95250"/></a:xfrm><a:prstGeom prst="rect"><a:avLst/></a:prstGeom></pic:spPr></pic:pic></a:graphicData></a:graphic></wp:anchor></w:drawing></w:r></w:p><w:p><w:pPr><w:pStyle w:val="BodyText"/><w:tabs><w:tab w:pos="661" w:val="left" w:leader="none"/></w:tabs><w:spacing w:before="88"/><w:ind w:left="142"/></w:pPr><w:r><w:rPr><w:color w:val="878787"/><w:spacing w:val="-10"/><w:w w:val="95"/></w:rPr><w:t>S</w:t></w:r><w:r><w:rPr><w:color w:val="878787"/></w:rPr><w:tab/></w:r><w:r><w:rPr><w:color w:val="2A2A2A"/><w:spacing w:val="-2"/><w:w w:val="95"/></w:rPr><w:t>Юd&apos;учавмв</w:t></w:r></w:p><w:p><w:pPr><w:pStyle w:val="BodyText"/><w:rPr><w:sz w:val="20"/></w:rPr></w:pPr></w:p><w:p><w:pPr><w:pStyle w:val="BodyText"/><w:spacing w:before="3"/><w:rPr><w:sz w:val="26"/></w:rPr></w:pPr><w:r><w:rPr/><w:drawing><wp:anchor distT="0" distB="0" distL="0" distR="0" allowOverlap="1" layoutInCell="1" locked="0" behindDoc="0" simplePos="0" relativeHeight="4"><wp:simplePos x="0" y="0"/><wp:positionH relativeFrom="page"><wp:posOffset>2473048</wp:posOffset></wp:positionH><wp:positionV relativeFrom="paragraph"><wp:posOffset>206993</wp:posOffset></wp:positionV><wp:extent cx="3117715" cy="102679"/><wp:effectExtent l="0" t="0" r="0" b="0"/><wp:wrapTopAndBottom/><wp:docPr id="9" name="image5.jpeg"/><wp:cNvGraphicFramePr><a:graphicFrameLocks noChangeAspect="1"/></wp:cNvGraphicFramePr><a:graphic><a:graphicData uri="http://schemas.openxmlformats.org/drawingml/2006/picture"><pic:pic><pic:nvPicPr><pic:cNvPr id="10" name="image5.jpeg"/><pic:cNvPicPr/></pic:nvPicPr><pic:blipFill><a:blip r:embed="rId9" cstate="print"/><a:stretch><a:fillRect/></a:stretch></pic:blipFill><pic:spPr><a:xfrm><a:off x="0" y="0"/><a:ext cx="3117715" cy="102679"/></a:xfrm><a:prstGeom prst="rect"><a:avLst/></a:prstGeom></pic:spPr></pic:pic></a:graphicData></a:graphic></wp:anchor></w:drawing></w:r></w:p><w:sectPr><w:type w:val="continuous"/><w:pgSz w:w="9790" w:h="4400" w:orient="landscape"/><w:pgMar w:top="420" w:bottom="280" w:left="580" w:right="580"/></w:sectPr></w:body></w:document>