<?xml version="1.0" encoding="UTF-8" standalone="yes"?>
<w:document xmlns:wpc="http://schemas.microsoft.com/office/word/2010/wordprocessingCanvas" xmlns:cx="http://schemas.microsoft.com/office/drawing/2014/chartex" xmlns:cx1="http://schemas.microsoft.com/office/drawing/2015/9/8/chartex" xmlns:cx2="http://schemas.microsoft.com/office/drawing/2015/10/21/chartex" xmlns:cx3="http://schemas.microsoft.com/office/drawing/2016/5/9/chartex" xmlns:cx4="http://schemas.microsoft.com/office/drawing/2016/5/10/chartex" xmlns:cx5="http://schemas.microsoft.com/office/drawing/2016/5/11/chartex" xmlns:cx6="http://schemas.microsoft.com/office/drawing/2016/5/12/chartex" xmlns:cx7="http://schemas.microsoft.com/office/drawing/2016/5/13/chartex" xmlns:cx8="http://schemas.microsoft.com/office/drawing/2016/5/14/chartex" xmlns:mc="http://schemas.openxmlformats.org/markup-compatibility/2006" xmlns:aink="http://schemas.microsoft.com/office/drawing/2016/ink" xmlns:am3d="http://schemas.microsoft.com/office/drawing/2017/model3d" xmlns:o="urn:schemas-microsoft-com:office:office" xmlns:r="http://schemas.openxmlformats.org/officeDocument/2006/relationships" xmlns:m="http://schemas.openxmlformats.org/officeDocument/2006/math" xmlns:v="urn:schemas-microsoft-com:vml" xmlns:wp14="http://schemas.microsoft.com/office/word/2010/wordprocessingDrawing" xmlns:wp="http://schemas.openxmlformats.org/drawingml/2006/wordprocessingDrawing" xmlns:w10="urn:schemas-microsoft-com:office:word" xmlns:w="http://schemas.openxmlformats.org/wordprocessingml/2006/main" xmlns:w14="http://schemas.microsoft.com/office/word/2010/wordml" xmlns:w15="http://schemas.microsoft.com/office/word/2012/wordml" xmlns:w16cex="http://schemas.microsoft.com/office/word/2018/wordml/cex" xmlns:w16cid="http://schemas.microsoft.com/office/word/2016/wordml/cid" xmlns:w16="http://schemas.microsoft.com/office/word/2018/wordml" xmlns:w16sdtdh="http://schemas.microsoft.com/office/word/2020/wordml/sdtdatahash" xmlns:w16se="http://schemas.microsoft.com/office/word/2015/wordml/symex" xmlns:wpg="http://schemas.microsoft.com/office/word/2010/wordprocessingGroup" xmlns:wpi="http://schemas.microsoft.com/office/word/2010/wordprocessingInk" xmlns:wne="http://schemas.microsoft.com/office/word/2006/wordml" xmlns:wps="http://schemas.microsoft.com/office/word/2010/wordprocessingShape" mc:Ignorable="w14 w15 w16se w16cid w16 w16cex w16sdtdh wp14"><w:body><w:tbl><w:tblPr><w:tblW w:w="5000" w:type="pct"/><w:tblCellMar><w:top w:w="15" w:type="dxa"/><w:left w:w="15" w:type="dxa"/><w:bottom w:w="15" w:type="dxa"/><w:right w:w="15" w:type="dxa"/></w:tblCellMar><w:tblLook w:val="04A0" w:firstRow="1" w:lastRow="0" w:firstColumn="1" w:lastColumn="0" w:noHBand="0" w:noVBand="1"/></w:tblPr><w:tblGrid><w:gridCol w:w="9202"/></w:tblGrid><w:tr w:rsidR="00C57411" w:rsidRPr="00F41CDA"><w:tc><w:tcPr><w:tcW w:w="0" w:type="auto"/><w:tcBorders><w:bottom w:val="single" w:sz="8" w:space="0" w:color="000000"/></w:tcBorders><w:tcMar><w:top w:w="60" w:type="dxa"/><w:left w:w="60" w:type="dxa"/><w:bottom w:w="60" w:type="dxa"/><w:right w:w="60" w:type="dxa"/></w:tcMar><w:hideMark/></w:tcPr><w:p w:rsidR="00C57411" w:rsidRPr="00F41CDA" w:rsidRDefault="00CD6C2B" w:rsidP="00F41CDA"><w:pPr><w:jc w:val="center"/><w:rPr><w:sz w:val="20"/><w:szCs w:val="20"/></w:rPr></w:pPr><w:r w:rsidRPr="00F41CDA"><w:rPr><w:sz w:val="20"/></w:rPr><w:t>ООО «Альфа»</w:t></w:r><w:r w:rsidRPr="00F41CDA"><w:rPr><w:sz w:val="20"/><w:szCs w:val="20"/></w:rPr><w:br/></w:r><w:r w:rsidRPr="00F41CDA"><w:rPr><w:sz w:val="20"/></w:rPr><w:t>ИНН 7708123456, КПП 770801001, ОКПО 98756423</w:t></w:r></w:p></w:tc></w:tr><w:tr w:rsidR="00C57411" w:rsidRPr="00F41CDA"><w:tc><w:tcPr><w:tcW w:w="0" w:type="auto"/><w:tcBorders><w:top w:val="single" w:sz="8" w:space="0" w:color="000000"/></w:tcBorders><w:tcMar><w:top w:w="60" w:type="dxa"/><w:left w:w="60" w:type="dxa"/><w:bottom w:w="60" w:type="dxa"/><w:right w:w="60" w:type="dxa"/></w:tcMar><w:hideMark/></w:tcPr><w:p w:rsidR="00C57411" w:rsidRPr="00F41CDA" w:rsidRDefault="00CD6C2B" w:rsidP="00F41CDA"><w:pPr><w:jc w:val="center"/><w:rPr><w:sz w:val="20"/><w:szCs w:val="20"/></w:rPr></w:pPr><w:r w:rsidRPr="00F41CDA"><w:rPr><w:rStyle w:val="small"/></w:rPr><w:t>полное наименование организации</w:t></w:r></w:p></w:tc></w:tr></w:tbl><w:p w:rsidR="00A91AEB" w:rsidRPr="00F41CDA" w:rsidRDefault="00A91AEB" w:rsidP="00F41CDA"><w:pPr><w:pStyle w:val="NormalWeb"/><w:tabs><w:tab w:val="left" w:pos="916"/><w:tab w:val="left" w:pos="1832"/><w:tab w:val="left" w:pos="2748"/><w:tab w:val="left" w:pos="3664"/><w:tab w:val="left" w:pos="4580"/><w:tab w:val="left" w:pos="5496"/><w:tab w:val="left" w:pos="6412"/><w:tab w:val="left" w:pos="7328"/><w:tab w:val="left" w:pos="8244"/><w:tab w:val="left" w:pos="9160"/><w:tab w:val="left" w:pos="10076"/><w:tab w:val="left" w:pos="10992"/><w:tab w:val="left" w:pos="11908"/><w:tab w:val="left" w:pos="12824"/><w:tab w:val="left" w:pos="13740"/><w:tab w:val="left" w:pos="14656"/></w:tabs><w:spacing w:before="0" w:beforeAutospacing="0" w:after="0" w:afterAutospacing="0"/><w:jc w:val="center"/></w:pPr></w:p><w:p w:rsidR="00C57411" w:rsidRPr="00F41CDA" w:rsidRDefault="00CD6C2B" w:rsidP="00F41CDA"><w:pPr><w:pStyle w:val="NormalWeb"/><w:tabs><w:tab w:val="left" w:pos="916"/><w:tab w:val="left" w:pos="1832"/><w:tab w:val="left" w:pos="2748"/><w:tab w:val="left" w:pos="3664"/><w:tab w:val="left" w:pos="4580"/><w:tab w:val="left" w:pos="5496"/><w:tab w:val="left" w:pos="6412"/><w:tab w:val="left" w:pos="7328"/><w:tab w:val="left" w:pos="8244"/><w:tab w:val="left" w:pos="9160"/><w:tab w:val="left" w:pos="10076"/><w:tab w:val="left" w:pos="10992"/><w:tab w:val="left" w:pos="11908"/><w:tab w:val="left" w:pos="12824"/><w:tab w:val="left" w:pos="13740"/><w:tab w:val="left" w:pos="14656"/></w:tabs><w:spacing w:before="0" w:beforeAutospacing="0" w:after="0" w:afterAutospacing="0"/><w:jc w:val="center"/></w:pPr><w:r w:rsidRPr="00F41CDA"><w:t>ПРИКАЗ № </w:t></w:r><w:r w:rsidR="00A91AEB" w:rsidRPr="00F41CDA"><w:t>41</w:t></w:r><w:r w:rsidRPr="00F41CDA"><w:t>-к</w:t></w:r><w:r w:rsidRPr="00F41CDA"><w:br/><w:t>об отмене приказа о</w:t></w:r><w:r w:rsidR="00A91AEB" w:rsidRPr="00F41CDA"><w:t xml:space="preserve"> предоставлении отпуска без сохранения заработной платы</w:t></w:r></w:p><w:p w:rsidR="00C57411" w:rsidRPr="00F41CDA" w:rsidRDefault="00CD6C2B" w:rsidP="00F41CDA"><w:pPr><w:pStyle w:val="NormalWeb"/><w:tabs><w:tab w:val="left" w:pos="916"/><w:tab w:val="left" w:pos="1832"/><w:tab w:val="left" w:pos="2748"/><w:tab w:val="left" w:pos="3664"/><w:tab w:val="left" w:pos="4580"/><w:tab w:val="left" w:pos="5496"/><w:tab w:val="left" w:pos="6412"/><w:tab w:val="left" w:pos="7328"/><w:tab w:val="left" w:pos="8244"/><w:tab w:val="left" w:pos="9160"/><w:tab w:val="left" w:pos="10076"/><w:tab w:val="left" w:pos="10992"/><w:tab w:val="left" w:pos="11908"/><w:tab w:val="left" w:pos="12824"/><w:tab w:val="left" w:pos="13740"/><w:tab w:val="left" w:pos="14656"/></w:tabs><w:spacing w:before="0" w:beforeAutospacing="0" w:after="0" w:afterAutospacing="0"/><w:jc w:val="center"/></w:pPr><w:r w:rsidRPr="00F41CDA"><w:t> </w:t></w:r></w:p><w:tbl><w:tblPr><w:tblW w:w="9240" w:type="dxa"/><w:tblCellMar><w:top w:w="15" w:type="dxa"/><w:left w:w="15" w:type="dxa"/><w:bottom w:w="15" w:type="dxa"/><w:right w:w="15" w:type="dxa"/></w:tblCellMar><w:tblLook w:val="04A0" w:firstRow="1" w:lastRow="0" w:firstColumn="1" w:lastColumn="0" w:noHBand="0" w:noVBand="1"/></w:tblPr><w:tblGrid><w:gridCol w:w="3856"/><w:gridCol w:w="5384"/></w:tblGrid><w:tr w:rsidR="00C57411" w:rsidRPr="00F41CDA"><w:tc><w:tcPr><w:tcW w:w="0" w:type="auto"/><w:tcMar><w:top w:w="60" w:type="dxa"/><w:left w:w="60" w:type="dxa"/><w:bottom w:w="60" w:type="dxa"/><w:right w:w="60" w:type="dxa"/></w:tcMar><w:hideMark/></w:tcPr><w:p w:rsidR="00C57411" w:rsidRPr="00F41CDA" w:rsidRDefault="00CD6C2B" w:rsidP="00F41CDA"><w:pPr><w:rPr><w:sz w:val="20"/><w:szCs w:val="20"/></w:rPr></w:pPr><w:r w:rsidRPr="00F41CDA"><w:rPr><w:sz w:val="20"/></w:rPr><w:t>Москва</w:t></w:r></w:p></w:tc><w:tc><w:tcPr><w:tcW w:w="0" w:type="auto"/><w:tcMar><w:top w:w="60" w:type="dxa"/><w:left w:w="60" w:type="dxa"/><w:bottom w:w="60" w:type="dxa"/><w:right w:w="60" w:type="dxa"/></w:tcMar><w:hideMark/></w:tcPr><w:p w:rsidR="00C57411" w:rsidRPr="00F41CDA" w:rsidRDefault="00DC30C7" w:rsidP="00F41CDA"><w:pPr><w:jc w:val="right"/><w:rPr><w:sz w:val="20"/><w:szCs w:val="20"/></w:rPr></w:pPr><w:r w:rsidRPr="00F41CDA"><w:rPr><w:sz w:val="20"/></w:rPr><w:t>31.01</w:t></w:r><w:r w:rsidR="00CD6C2B" w:rsidRPr="00F41CDA"><w:rPr><w:sz w:val="20"/></w:rPr><w:t>.</w:t></w:r><w:r w:rsidR="00A91AEB" w:rsidRPr="00F41CDA"><w:rPr><w:sz w:val="20"/></w:rPr><w:t>2019</w:t></w:r></w:p></w:tc></w:tr></w:tbl><w:p w:rsidR="00C57411" w:rsidRPr="00F41CDA" w:rsidRDefault="00CD6C2B" w:rsidP="00F41CDA"><w:pPr><w:pStyle w:val="NormalWeb"/><w:tabs><w:tab w:val="left" w:pos="916"/><w:tab w:val="left" w:pos="1832"/><w:tab w:val="left" w:pos="2748"/><w:tab w:val="left" w:pos="3664"/><w:tab w:val="left" w:pos="4580"/><w:tab w:val="left" w:pos="5496"/><w:tab w:val="left" w:pos="6412"/><w:tab w:val="left" w:pos="7328"/><w:tab w:val="left" w:pos="8244"/><w:tab w:val="left" w:pos="9160"/><w:tab w:val="left" w:pos="10076"/><w:tab w:val="left" w:pos="10992"/><w:tab w:val="left" w:pos="11908"/><w:tab w:val="left" w:pos="12824"/><w:tab w:val="left" w:pos="13740"/><w:tab w:val="left" w:pos="14656"/></w:tabs><w:spacing w:before="0" w:beforeAutospacing="0" w:after="0" w:afterAutospacing="0"/><w:jc w:val="center"/></w:pPr><w:r w:rsidRPr="00F41CDA"><w:t> </w:t></w:r></w:p><w:p w:rsidR="00A91AEB" w:rsidRPr="00F41CDA" w:rsidRDefault="00CD6C2B" w:rsidP="00F41CDA"><w:pPr><w:pStyle w:val="NormalWeb"/><w:tabs><w:tab w:val="left" w:pos="916"/><w:tab w:val="left" w:pos="1832"/><w:tab w:val="left" w:pos="2748"/><w:tab w:val="left" w:pos="3664"/><w:tab w:val="left" w:pos="4580"/><w:tab w:val="left" w:pos="5496"/><w:tab w:val="left" w:pos="6412"/><w:tab w:val="left" w:pos="7328"/><w:tab w:val="left" w:pos="8244"/><w:tab w:val="left" w:pos="9160"/><w:tab w:val="left" w:pos="10076"/><w:tab w:val="left" w:pos="10992"/><w:tab w:val="left" w:pos="11908"/><w:tab w:val="left" w:pos="12824"/><w:tab w:val="left" w:pos="13740"/><w:tab w:val="left" w:pos="14656"/></w:tabs><w:spacing w:before="0" w:beforeAutospacing="0" w:after="0" w:afterAutospacing="0"/></w:pPr><w:r w:rsidRPr="00F41CDA"><w:t xml:space="preserve">На основании заявления А.В. Дежневой от </w:t></w:r><w:r w:rsidR="00DC30C7" w:rsidRPr="00F41CDA"><w:t>31.01</w:t></w:r><w:r w:rsidRPr="00F41CDA"><w:t>.</w:t></w:r><w:r w:rsidR="00A91AEB" w:rsidRPr="00F41CDA"><w:t>2019</w:t></w:r><w:r w:rsidRPr="00F41CDA"><w:t xml:space="preserve"> об отзыве</w:t></w:r><w:r w:rsidR="00A91AEB" w:rsidRPr="00F41CDA"><w:t xml:space="preserve"> </w:t></w:r><w:r w:rsidR="00DC30C7" w:rsidRPr="00F41CDA"><w:t xml:space="preserve">заявления о предоставлении </w:t></w:r><w:r w:rsidR="00A91AEB" w:rsidRPr="00F41CDA"><w:t xml:space="preserve">отпуска без </w:t></w:r><w:r w:rsidR="00944B11" w:rsidRPr="00F41CDA"><w:t>сохранения заработной платы</w:t></w:r></w:p><w:p w:rsidR="00C57411" w:rsidRPr="00F41CDA" w:rsidRDefault="00CD6C2B" w:rsidP="00F41CDA"><w:pPr><w:pStyle w:val="NormalWeb"/><w:tabs><w:tab w:val="left" w:pos="916"/><w:tab w:val="left" w:pos="1832"/><w:tab w:val="left" w:pos="2748"/><w:tab w:val="left" w:pos="3664"/><w:tab w:val="left" w:pos="4580"/><w:tab w:val="left" w:pos="5496"/><w:tab w:val="left" w:pos="6412"/><w:tab w:val="left" w:pos="7328"/><w:tab w:val="left" w:pos="8244"/><w:tab w:val="left" w:pos="9160"/><w:tab w:val="left" w:pos="10076"/><w:tab w:val="left" w:pos="10992"/><w:tab w:val="left" w:pos="11908"/><w:tab w:val="left" w:pos="12824"/><w:tab w:val="left" w:pos="13740"/><w:tab w:val="left" w:pos="14656"/></w:tabs><w:spacing w:before="0" w:beforeAutospacing="0" w:after="0" w:afterAutospacing="0"/></w:pPr><w:r w:rsidRPr="00F41CDA"><w:t> </w:t></w:r></w:p><w:p w:rsidR="00C57411" w:rsidRPr="00F41CDA" w:rsidRDefault="00CD6C2B" w:rsidP="00F41CDA"><w:pPr><w:pStyle w:val="NormalWeb"/><w:tabs><w:tab w:val="left" w:pos="916"/><w:tab w:val="left" w:pos="1832"/><w:tab w:val="left" w:pos="2748"/><w:tab w:val="left" w:pos="3664"/><w:tab w:val="left" w:pos="4580"/><w:tab w:val="left" w:pos="5496"/><w:tab w:val="left" w:pos="6412"/><w:tab w:val="left" w:pos="7328"/><w:tab w:val="left" w:pos="8244"/><w:tab w:val="left" w:pos="9160"/><w:tab w:val="left" w:pos="10076"/><w:tab w:val="left" w:pos="10992"/><w:tab w:val="left" w:pos="11908"/><w:tab w:val="left" w:pos="12824"/><w:tab w:val="left" w:pos="13740"/><w:tab w:val="left" w:pos="14656"/></w:tabs><w:spacing w:before="0" w:beforeAutospacing="0" w:after="0" w:afterAutospacing="0"/></w:pPr><w:r w:rsidRPr="00F41CDA"><w:t>ПРИКАЗЫВАЮ:</w:t></w:r></w:p><w:p w:rsidR="00C57411" w:rsidRPr="00F41CDA" w:rsidRDefault="00CD6C2B" w:rsidP="00F41CDA"><w:pPr><w:pStyle w:val="NormalWeb"/><w:tabs><w:tab w:val="left" w:pos="916"/><w:tab w:val="left" w:pos="1832"/><w:tab w:val="left" w:pos="2748"/><w:tab w:val="left" w:pos="3664"/><w:tab w:val="left" w:pos="4580"/><w:tab w:val="left" w:pos="5496"/><w:tab w:val="left" w:pos="6412"/><w:tab w:val="left" w:pos="7328"/><w:tab w:val="left" w:pos="8244"/><w:tab w:val="left" w:pos="9160"/><w:tab w:val="left" w:pos="10076"/><w:tab w:val="left" w:pos="10992"/><w:tab w:val="left" w:pos="11908"/><w:tab w:val="left" w:pos="12824"/><w:tab w:val="left" w:pos="13740"/><w:tab w:val="left" w:pos="14656"/></w:tabs><w:spacing w:before="0" w:beforeAutospacing="0" w:after="0" w:afterAutospacing="0"/></w:pPr><w:r w:rsidRPr="00F41CDA"><w:t xml:space="preserve">1. Отменить приказ от </w:t></w:r><w:r w:rsidR="00A91AEB" w:rsidRPr="00F41CDA"><w:t>29.01</w:t></w:r><w:r w:rsidRPr="00F41CDA"><w:t>.</w:t></w:r><w:r w:rsidR="00A91AEB" w:rsidRPr="00F41CDA"><w:t>2019</w:t></w:r><w:r w:rsidRPr="00F41CDA"><w:rPr><w:i/><w:iCs/></w:rPr><w:t xml:space="preserve"> </w:t></w:r><w:r w:rsidR="00A91AEB" w:rsidRPr="00F41CDA"><w:t>№ 39</w:t></w:r><w:r w:rsidRPr="00F41CDA"><w:t>-к</w:t></w:r><w:r w:rsidR="00A91AEB" w:rsidRPr="00F41CDA"><w:t xml:space="preserve"> о</w:t></w:r><w:r w:rsidRPr="00F41CDA"><w:t xml:space="preserve"> </w:t></w:r><w:r w:rsidR="00A91AEB" w:rsidRPr="00F41CDA"><w:t xml:space="preserve">предоставлении отпуска без сохранения заработной платы </w:t></w:r><w:r w:rsidR="00DC30C7" w:rsidRPr="00F41CDA"><w:t xml:space="preserve">секретарю А.В. Дежневой </w:t></w:r><w:r w:rsidR="00A91AEB" w:rsidRPr="00F41CDA"><w:t>с 01.</w:t></w:r><w:r w:rsidRPr="00F41CDA"><w:t>0</w:t></w:r><w:r w:rsidR="00A91AEB" w:rsidRPr="00F41CDA"><w:t>2</w:t></w:r><w:r w:rsidRPr="00F41CDA"><w:t>.</w:t></w:r><w:r w:rsidR="00A91AEB" w:rsidRPr="00F41CDA"><w:t>2019</w:t></w:r><w:r w:rsidRPr="00F41CDA"><w:t xml:space="preserve"> </w:t></w:r><w:r w:rsidR="00A91AEB" w:rsidRPr="00F41CDA"><w:t>по 14.02.2019</w:t></w:r><w:r w:rsidR="00DC30C7" w:rsidRPr="00F41CDA"><w:t xml:space="preserve"> (четырнадцать календарных дней)</w:t></w:r><w:r w:rsidR="00944B11" w:rsidRPr="00F41CDA"><w:t>.</w:t></w:r></w:p><w:p w:rsidR="00C57411" w:rsidRPr="00F41CDA" w:rsidRDefault="00CD6C2B" w:rsidP="00F41CDA"><w:pPr><w:pStyle w:val="NormalWeb"/><w:tabs><w:tab w:val="left" w:pos="916"/><w:tab w:val="left" w:pos="1832"/><w:tab w:val="left" w:pos="2748"/><w:tab w:val="left" w:pos="3664"/><w:tab w:val="left" w:pos="4580"/><w:tab w:val="left" w:pos="5496"/><w:tab w:val="left" w:pos="6412"/><w:tab w:val="left" w:pos="7328"/><w:tab w:val="left" w:pos="8244"/><w:tab w:val="left" w:pos="9160"/><w:tab w:val="left" w:pos="10076"/><w:tab w:val="left" w:pos="10992"/><w:tab w:val="left" w:pos="11908"/><w:tab w:val="left" w:pos="12824"/><w:tab w:val="left" w:pos="13740"/><w:tab w:val="left" w:pos="14656"/></w:tabs><w:spacing w:before="0" w:beforeAutospacing="0" w:after="0" w:afterAutospacing="0"/></w:pPr><w:r w:rsidRPr="00F41CDA"><w:t>2. Назначить ответственной за исполнение приказа руководителя отдела кадров</w:t></w:r><w:r w:rsidR="00DC30C7" w:rsidRPr="00F41CDA"><w:t xml:space="preserve"> </w:t></w:r><w:r w:rsidRPr="00F41CDA"><w:t>Е.Э. Громову.</w:t></w:r></w:p><w:p w:rsidR="00C57411" w:rsidRPr="00F41CDA" w:rsidRDefault="00CD6C2B" w:rsidP="00F41CDA"><w:pPr><w:pStyle w:val="NormalWeb"/><w:tabs><w:tab w:val="left" w:pos="916"/><w:tab w:val="left" w:pos="1832"/><w:tab w:val="left" w:pos="2748"/><w:tab w:val="left" w:pos="3664"/><w:tab w:val="left" w:pos="4580"/><w:tab w:val="left" w:pos="5496"/><w:tab w:val="left" w:pos="6412"/><w:tab w:val="left" w:pos="7328"/><w:tab w:val="left" w:pos="8244"/><w:tab w:val="left" w:pos="9160"/><w:tab w:val="left" w:pos="10076"/><w:tab w:val="left" w:pos="10992"/><w:tab w:val="left" w:pos="11908"/><w:tab w:val="left" w:pos="12824"/><w:tab w:val="left" w:pos="13740"/><w:tab w:val="left" w:pos="14656"/></w:tabs><w:spacing w:before="0" w:beforeAutospacing="0" w:after="0" w:afterAutospacing="0"/></w:pPr><w:r w:rsidRPr="00F41CDA"><w:t> </w:t></w:r></w:p><w:p w:rsidR="00C57411" w:rsidRPr="00F41CDA" w:rsidRDefault="00CD6C2B" w:rsidP="00F41CDA"><w:pPr><w:pStyle w:val="NormalWeb"/><w:tabs><w:tab w:val="left" w:pos="916"/><w:tab w:val="left" w:pos="1832"/><w:tab w:val="left" w:pos="2748"/><w:tab w:val="left" w:pos="3664"/><w:tab w:val="left" w:pos="4580"/><w:tab w:val="left" w:pos="5496"/><w:tab w:val="left" w:pos="6412"/><w:tab w:val="left" w:pos="7328"/><w:tab w:val="left" w:pos="8244"/><w:tab w:val="left" w:pos="9160"/><w:tab w:val="left" w:pos="10076"/><w:tab w:val="left" w:pos="10992"/><w:tab w:val="left" w:pos="11908"/><w:tab w:val="left" w:pos="12824"/><w:tab w:val="left" w:pos="13740"/><w:tab w:val="left" w:pos="14656"/></w:tabs><w:spacing w:before="0" w:beforeAutospacing="0" w:after="0" w:afterAutospacing="0"/></w:pPr><w:r w:rsidRPr="00F41CDA"><w:t xml:space="preserve">Основание: заявление А.В. Дежневой от </w:t></w:r><w:r w:rsidR="00DC30C7" w:rsidRPr="00F41CDA"><w:t>31.</w:t></w:r><w:r w:rsidRPr="00F41CDA"><w:t>0</w:t></w:r><w:r w:rsidR="00DC30C7" w:rsidRPr="00F41CDA"><w:t>1</w:t></w:r><w:r w:rsidRPr="00F41CDA"><w:t>.</w:t></w:r><w:r w:rsidR="00DC30C7" w:rsidRPr="00F41CDA"><w:t>2019 об отзыве заявления о предоставлении отпуска без сохранения заработной платы.</w:t></w:r></w:p><w:tbl><w:tblPr><w:tblW w:w="8856" w:type="dxa"/><w:tblCellMar><w:top w:w="15" w:type="dxa"/><w:left w:w="15" w:type="dxa"/><w:bottom w:w="15" w:type="dxa"/><w:right w:w="15" w:type="dxa"/></w:tblCellMar><w:tblLook w:val="04A0" w:firstRow="1" w:lastRow="0" w:firstColumn="1" w:lastColumn="0" w:noHBand="0" w:noVBand="1"/></w:tblPr><w:tblGrid><w:gridCol w:w="4738"/><w:gridCol w:w="1462"/><w:gridCol w:w="2656"/></w:tblGrid><w:tr w:rsidR="00416B68" w:rsidRPr="00F41CDA" w:rsidTr="00416B68"><w:trPr><w:trHeight w:val="264"/></w:trPr><w:tc><w:tcPr><w:tcW w:w="4738" w:type="dxa"/><w:tcMar><w:top w:w="60" w:type="dxa"/><w:left w:w="60" w:type="dxa"/><w:bottom w:w="60" w:type="dxa"/><w:right w:w="60" w:type="dxa"/></w:tcMar><w:vAlign w:val="bottom"/><w:hideMark/></w:tcPr><w:p w:rsidR="00416B68" w:rsidRPr="00F41CDA" w:rsidRDefault="00CD6C2B" w:rsidP="00F41CDA"><w:pPr><w:rPr><w:sz w:val="20"/><w:szCs w:val="20"/></w:rPr></w:pPr><w:r w:rsidRPr="00F41CDA"><w:rPr><w:sz w:val="20"/></w:rPr><w:t>Д</w:t></w:r><w:r w:rsidR="00416B68" w:rsidRPr="00F41CDA"><w:rPr><w:sz w:val="20"/></w:rPr><w:t>иректор</w:t></w:r><w:r w:rsidR="00416B68" w:rsidRPr="00F41CDA"><w:rPr><w:sz w:val="20"/><w:szCs w:val="20"/></w:rPr><w:t xml:space="preserve"> </w:t></w:r></w:p></w:tc><w:tc><w:tcPr><w:tcW w:w="1462" w:type="dxa"/><w:tcBorders><w:bottom w:val="single" w:sz="8" w:space="0" w:color="000000"/></w:tcBorders><w:tcMar><w:top w:w="60" w:type="dxa"/><w:left w:w="60" w:type="dxa"/><w:bottom w:w="60" w:type="dxa"/><w:right w:w="60" w:type="dxa"/></w:tcMar><w:hideMark/></w:tcPr><w:p w:rsidR="00416B68" w:rsidRPr="00F41CDA" w:rsidRDefault="00416B68" w:rsidP="00F41CDA"><w:pPr><w:rPr><w:sz w:val="20"/><w:szCs w:val="20"/></w:rPr></w:pPr><w:r w:rsidRPr="00F41CDA"><w:rPr><w:sz w:val="20"/><w:szCs w:val="20"/></w:rPr><w:t> </w:t></w:r></w:p></w:tc><w:tc><w:tcPr><w:tcW w:w="0" w:type="auto"/><w:tcMar><w:top w:w="60" w:type="dxa"/><w:left w:w="60" w:type="dxa"/><w:bottom w:w="60" w:type="dxa"/><w:right w:w="60" w:type="dxa"/></w:tcMar><w:vAlign w:val="bottom"/><w:hideMark/></w:tcPr><w:p w:rsidR="00416B68" w:rsidRPr="00F41CDA" w:rsidRDefault="00416B68" w:rsidP="00F41CDA"><w:pPr><w:jc w:val="right"/><w:rPr><w:sz w:val="20"/><w:szCs w:val="20"/></w:rPr></w:pPr><w:r w:rsidRPr="00F41CDA"><w:rPr><w:sz w:val="20"/></w:rPr><w:t>А.В. Львов</w:t></w:r></w:p></w:tc></w:tr><w:tr w:rsidR="00416B68" w:rsidRPr="00F41CDA" w:rsidTr="00416B68"><w:trPr><w:trHeight w:val="528"/></w:trPr><w:tc><w:tcPr><w:tcW w:w="4738" w:type="dxa"/><w:tcMar><w:top w:w="60" w:type="dxa"/><w:left w:w="60" w:type="dxa"/><w:bottom w:w="60" w:type="dxa"/><w:right w:w="60" w:type="dxa"/></w:tcMar><w:vAlign w:val="bottom"/><w:hideMark/></w:tcPr><w:p w:rsidR="00416B68" w:rsidRPr="00F41CDA" w:rsidRDefault="00416B68" w:rsidP="00F41CDA"><w:pPr><w:pStyle w:val="NormalWeb"/><w:spacing w:before="0" w:beforeAutospacing="0" w:after="0" w:afterAutospacing="0"/></w:pPr><w:r w:rsidRPr="00F41CDA"><w:t>С приказом ознакомлен(а):</w:t></w:r></w:p><w:p w:rsidR="00416B68" w:rsidRPr="00F41CDA" w:rsidRDefault="00416B68" w:rsidP="00F41CDA"><w:pPr><w:pStyle w:val="NormalWeb"/><w:spacing w:before="0" w:beforeAutospacing="0" w:after="0" w:afterAutospacing="0"/></w:pPr><w:r w:rsidRPr="00F41CDA"><w:t>Секретарь</w:t></w:r></w:p></w:tc><w:tc><w:tcPr><w:tcW w:w="1462" w:type="dxa"/><w:tcBorders><w:top w:val="single" w:sz="8" w:space="0" w:color="000000"/><w:bottom w:val="single" w:sz="8" w:space="0" w:color="000000"/></w:tcBorders><w:tcMar><w:top w:w="60" w:type="dxa"/><w:left w:w="60" w:type="dxa"/><w:bottom w:w="60" w:type="dxa"/><w:right w:w="60" w:type="dxa"/></w:tcMar><w:hideMark/></w:tcPr><w:p w:rsidR="00416B68" w:rsidRPr="00F41CDA" w:rsidRDefault="00416B68" w:rsidP="00F41CDA"><w:pPr><w:rPr><w:sz w:val="20"/><w:szCs w:val="20"/></w:rPr></w:pPr><w:r w:rsidRPr="00F41CDA"><w:rPr><w:sz w:val="20"/><w:szCs w:val="20"/></w:rPr><w:t> </w:t></w:r></w:p></w:tc><w:tc><w:tcPr><w:tcW w:w="0" w:type="auto"/><w:tcMar><w:top w:w="60" w:type="dxa"/><w:left w:w="60" w:type="dxa"/><w:bottom w:w="60" w:type="dxa"/><w:right w:w="60" w:type="dxa"/></w:tcMar><w:vAlign w:val="bottom"/><w:hideMark/></w:tcPr><w:p w:rsidR="00416B68" w:rsidRPr="00F41CDA" w:rsidRDefault="00416B68" w:rsidP="00F41CDA"><w:pPr><w:jc w:val="right"/><w:rPr><w:sz w:val="20"/><w:szCs w:val="20"/></w:rPr></w:pPr><w:r w:rsidRPr="00F41CDA"><w:rPr><w:sz w:val="20"/></w:rPr><w:t>А.В. Дежнева</w:t></w:r><w:r w:rsidRPr="00F41CDA"><w:rPr><w:sz w:val="20"/><w:szCs w:val="20"/></w:rPr><w:t xml:space="preserve"> </w:t></w:r></w:p></w:tc></w:tr><w:tr w:rsidR="00416B68" w:rsidRPr="00F41CDA" w:rsidTr="00416B68"><w:trPr><w:trHeight w:val="264"/></w:trPr><w:tc><w:tcPr><w:tcW w:w="4738" w:type="dxa"/><w:tcMar><w:top w:w="60" w:type="dxa"/><w:left w:w="60" w:type="dxa"/><w:bottom w:w="60" w:type="dxa"/><w:right w:w="60" w:type="dxa"/></w:tcMar><w:hideMark/></w:tcPr><w:p w:rsidR="00416B68" w:rsidRPr="00F41CDA" w:rsidRDefault="00416B68" w:rsidP="00F41CDA"><w:pPr><w:rPr><w:sz w:val="20"/><w:szCs w:val="20"/></w:rPr></w:pPr><w:r w:rsidRPr="00F41CDA"><w:rPr><w:sz w:val="20"/></w:rPr><w:t>31.01.2019</w:t></w:r></w:p></w:tc><w:tc><w:tcPr><w:tcW w:w="1462" w:type="dxa"/><w:tcBorders><w:top w:val="single" w:sz="8" w:space="0" w:color="000000"/></w:tcBorders><w:tcMar><w:top w:w="60" w:type="dxa"/><w:left w:w="60" w:type="dxa"/><w:bottom w:w="60" w:type="dxa"/><w:right w:w="60" w:type="dxa"/></w:tcMar><w:hideMark/></w:tcPr><w:p w:rsidR="00416B68" w:rsidRPr="00F41CDA" w:rsidRDefault="00416B68" w:rsidP="00F41CDA"><w:pPr><w:rPr><w:sz w:val="20"/><w:szCs w:val="20"/></w:rPr></w:pPr><w:r w:rsidRPr="00F41CDA"><w:rPr><w:sz w:val="20"/><w:szCs w:val="20"/></w:rPr><w:t> </w:t></w:r></w:p></w:tc><w:tc><w:tcPr><w:tcW w:w="0" w:type="auto"/><w:tcMar><w:top w:w="60" w:type="dxa"/><w:left w:w="60" w:type="dxa"/><w:bottom w:w="60" w:type="dxa"/><w:right w:w="60" w:type="dxa"/></w:tcMar><w:hideMark/></w:tcPr><w:p w:rsidR="00416B68" w:rsidRPr="00F41CDA" w:rsidRDefault="00416B68" w:rsidP="00F41CDA"><w:pPr><w:rPr><w:sz w:val="20"/><w:szCs w:val="20"/></w:rPr></w:pPr><w:r w:rsidRPr="00F41CDA"><w:rPr><w:sz w:val="20"/><w:szCs w:val="20"/></w:rPr><w:t> </w:t></w:r></w:p></w:tc></w:tr><w:tr w:rsidR="00416B68" w:rsidRPr="00F41CDA" w:rsidTr="00416B68"><w:trPr><w:trHeight w:val="264"/></w:trPr><w:tc><w:tcPr><w:tcW w:w="4738" w:type="dxa"/><w:tcMar><w:top w:w="60" w:type="dxa"/><w:left w:w="60" w:type="dxa"/><w:bottom w:w="60" w:type="dxa"/><w:right w:w="60" w:type="dxa"/></w:tcMar><w:hideMark/></w:tcPr><w:p w:rsidR="00416B68" w:rsidRPr="00F41CDA" w:rsidRDefault="00416B68" w:rsidP="00F41CDA"><w:pPr><w:rPr><w:sz w:val="20"/><w:szCs w:val="20"/></w:rPr></w:pPr><w:r w:rsidRPr="00F41CDA"><w:rPr><w:sz w:val="20"/></w:rPr><w:t>Руководитель отдела кадров</w:t></w:r></w:p></w:tc><w:tc><w:tcPr><w:tcW w:w="1462" w:type="dxa"/><w:tcBorders><w:top w:val="single" w:sz="8" w:space="0" w:color="000000"/></w:tcBorders><w:tcMar><w:top w:w="60" w:type="dxa"/><w:left w:w="60" w:type="dxa"/><w:bottom w:w="60" w:type="dxa"/><w:right w:w="60" w:type="dxa"/></w:tcMar><w:hideMark/></w:tcPr><w:p w:rsidR="00416B68" w:rsidRPr="00F41CDA" w:rsidRDefault="00416B68" w:rsidP="00F41CDA"><w:pPr><w:rPr><w:sz w:val="20"/><w:szCs w:val="20"/></w:rPr></w:pPr><w:r w:rsidRPr="00F41CDA"><w:rPr><w:sz w:val="20"/><w:szCs w:val="20"/></w:rPr><w:t> </w:t></w:r></w:p></w:tc><w:tc><w:tcPr><w:tcW w:w="0" w:type="auto"/><w:tcMar><w:top w:w="60" w:type="dxa"/><w:left w:w="60" w:type="dxa"/><w:bottom w:w="60" w:type="dxa"/><w:right w:w="60" w:type="dxa"/></w:tcMar><w:hideMark/></w:tcPr><w:p w:rsidR="00416B68" w:rsidRPr="00F41CDA" w:rsidRDefault="00416B68" w:rsidP="00F41CDA"><w:pPr><w:jc w:val="right"/><w:rPr><w:sz w:val="20"/><w:szCs w:val="20"/></w:rPr></w:pPr><w:r w:rsidRPr="00F41CDA"><w:rPr><w:sz w:val="20"/></w:rPr><w:t>Е.Э. Громова</w:t></w:r></w:p></w:tc></w:tr><w:tr w:rsidR="00416B68" w:rsidRPr="00F41CDA" w:rsidTr="00416B68"><w:trPr><w:trHeight w:val="278"/></w:trPr><w:tc><w:tcPr><w:tcW w:w="4738" w:type="dxa"/><w:tcMar><w:top w:w="60" w:type="dxa"/><w:left w:w="60" w:type="dxa"/><w:bottom w:w="60" w:type="dxa"/><w:right w:w="60" w:type="dxa"/></w:tcMar><w:hideMark/></w:tcPr><w:p w:rsidR="00416B68" w:rsidRPr="00F41CDA" w:rsidRDefault="00416B68" w:rsidP="00F41CDA"><w:pPr><w:rPr><w:sz w:val="20"/><w:szCs w:val="20"/></w:rPr></w:pPr><w:r w:rsidRPr="00F41CDA"><w:rPr><w:sz w:val="20"/></w:rPr><w:t>31.01.2019</w:t></w:r></w:p></w:tc><w:tc><w:tcPr><w:tcW w:w="1462" w:type="dxa"/><w:tcBorders><w:top w:val="single" w:sz="8" w:space="0" w:color="000000"/></w:tcBorders><w:tcMar><w:top w:w="60" w:type="dxa"/><w:left w:w="60" w:type="dxa"/><w:bottom w:w="60" w:type="dxa"/><w:right w:w="60" w:type="dxa"/></w:tcMar><w:hideMark/></w:tcPr><w:p w:rsidR="00416B68" w:rsidRPr="00F41CDA" w:rsidRDefault="00416B68" w:rsidP="00F41CDA"><w:pPr><w:rPr><w:sz w:val="20"/><w:szCs w:val="20"/></w:rPr></w:pPr><w:r w:rsidRPr="00F41CDA"><w:rPr><w:sz w:val="20"/><w:szCs w:val="20"/></w:rPr><w:t> </w:t></w:r></w:p></w:tc><w:tc><w:tcPr><w:tcW w:w="0" w:type="auto"/><w:tcMar><w:top w:w="60" w:type="dxa"/><w:left w:w="60" w:type="dxa"/><w:bottom w:w="60" w:type="dxa"/><w:right w:w="60" w:type="dxa"/></w:tcMar><w:hideMark/></w:tcPr><w:p w:rsidR="00416B68" w:rsidRPr="00F41CDA" w:rsidRDefault="00416B68" w:rsidP="00F41CDA"><w:pPr><w:rPr><w:sz w:val="20"/><w:szCs w:val="20"/></w:rPr></w:pPr><w:r w:rsidRPr="00F41CDA"><w:rPr><w:sz w:val="20"/><w:szCs w:val="20"/></w:rPr><w:t> </w:t></w:r></w:p></w:tc></w:tr></w:tbl><w:p w:rsidR="00C57411" w:rsidRPr="00F41CDA" w:rsidRDefault="00CD6C2B" w:rsidP="00F41CDA"><w:pPr><w:pStyle w:val="NormalWeb"/><w:tabs><w:tab w:val="left" w:pos="916"/><w:tab w:val="left" w:pos="1832"/><w:tab w:val="left" w:pos="2748"/><w:tab w:val="left" w:pos="3664"/><w:tab w:val="left" w:pos="4580"/><w:tab w:val="left" w:pos="5496"/><w:tab w:val="left" w:pos="6412"/><w:tab w:val="left" w:pos="7328"/><w:tab w:val="left" w:pos="8244"/><w:tab w:val="left" w:pos="9160"/><w:tab w:val="left" w:pos="10076"/><w:tab w:val="left" w:pos="10992"/><w:tab w:val="left" w:pos="11908"/><w:tab w:val="left" w:pos="12824"/><w:tab w:val="left" w:pos="13740"/><w:tab w:val="left" w:pos="14656"/></w:tabs><w:spacing w:before="0" w:beforeAutospacing="0" w:after="0" w:afterAutospacing="0"/></w:pPr><w:r w:rsidRPr="00F41CDA"><w:t> </w:t></w:r></w:p><w:p w:rsidR="00C57411" w:rsidRPr="00F41CDA" w:rsidRDefault="00C57411" w:rsidP="00F41CDA"><w:pPr><w:pStyle w:val="NormalWeb"/><w:spacing w:before="0" w:beforeAutospacing="0" w:after="0" w:afterAutospacing="0"/></w:pPr></w:p><w:sectPr w:rsidR="00C57411" w:rsidRPr="00F41CDA" w:rsidSect="00CD6C2B"><w:headerReference w:type="even" r:id="rId6"/><w:headerReference w:type="default" r:id="rId7"/><w:footerReference w:type="even" r:id="rId8"/><w:footerReference w:type="default" r:id="rId9"/><w:headerReference w:type="first" r:id="rId10"/><w:footerReference w:type="first" r:id="rId11"/><w:pgSz w:w="11906" w:h="16838"/><w:pgMar w:top="1134" w:right="1412" w:bottom="1134" w:left="1412" w:header="708" w:footer="708" w:gutter="0"/><w:cols w:space="708"/><w:docGrid w:linePitch="360"/></w:sectPr></w:body></w:document>