<?xml version="1.0" encoding="UTF-8" standalone="yes"?>
<sst xmlns="http://schemas.openxmlformats.org/spreadsheetml/2006/main" count="100" uniqueCount="86"><si><t xml:space="preserve">Формат 210х297 мм </t></si><si><t xml:space="preserve">Форма N 10 </t></si><si><t xml:space="preserve">Лицевая сторона </t></si><si><t xml:space="preserve">К А Р Т О Ч К А
гражданина, подлежащего воинскому учету в </t></si><si><t>(наименование организации)</t></si><si><t xml:space="preserve">Сверка 
с документами 
воинского учета </t></si><si><t xml:space="preserve">Сверка 
с военным 
комиссариатом </t></si><si><t>(дата, подпись, инициал имени, фамилия лица, проводившего сверку)</t></si><si><t>(дата, подпись, инициал имени, фамилия лица, проводившего сверку или номер исходящего письма со списком для сверки)</t></si><si><t xml:space="preserve">I. Общие сведения </t></si><si><t xml:space="preserve">1. Фамилия </t></si><si><t xml:space="preserve">Имя </t></si><si><t>Отчество (при наличии)</t></si><si><t xml:space="preserve">2. Дата рождения </t></si><si><t xml:space="preserve">3. Место рождения </t></si><si><t xml:space="preserve">4. Образование </t></si><si><t>(уровень образования)</t></si><si><t>(наименование образовательной организации)</t></si><si><t>(квалификация)</t></si><si><t>(специальность, направление подготовки)</t></si><si><t>(серия и номер диплома, свидетельства)</t></si><si><t xml:space="preserve">5. Профессия </t></si><si><t>(основная)</t></si><si><t>(дополнительная)</t></si><si><t xml:space="preserve">6. Семейное положение </t></si><si><t>(холост, женат, разведен)</t></si><si><t xml:space="preserve">7. Состав семьи </t></si><si><t>(степень родства)</t></si><si><t>(фамилия, имя, отчество (при наличии), год рождения)</t></si><si><t xml:space="preserve">8. Знание иностранных 
языков </t></si><si><t>(наименование)</t></si><si><t>(степень знания)</t></si><si><t>(серия)</t></si><si><t>(номер)</t></si><si><t>(дата выдачи)</t></si><si><t>(кем выдан)</t></si><si><t xml:space="preserve">9. Паспорт </t></si><si><t xml:space="preserve">10. Водительское 
удостоверение </t></si><si><t>11. Адрес места жительства (места пребывания)</t></si><si><t>(дата регистрации)</t></si><si><t>(в соответствии с регистрацией)</t></si><si><t>(фактический)</t></si><si><t>(дата начала проживания)</t></si><si><t xml:space="preserve">12. Номера телефонов </t></si><si><t>(рабочий)</t></si><si><t>(сотовый)</t></si><si><t>Приложение N 22
к Инструкции об организации работы по 
обеспечению функционирования системы воинского учета (пп.31-34), 
утвержденную приказом Министра обороны Российской Федерации
от 22.11.2021 N 700</t></si><si><t>Оборотная сторона</t></si><si><t xml:space="preserve">II. Сведения о воинском учете </t></si><si><t xml:space="preserve">1. Категория запаса </t></si><si><t xml:space="preserve">6. Наименование военного 
комиссариата по месту 
воинского учета </t></si><si><t xml:space="preserve">2. Воинское звание </t></si><si><t>3. Состав (профиль)</t></si><si><t>7. Состоит на воинском учете:</t></si><si><t xml:space="preserve">1) общем </t></si><si><t>(номер команды, партии)</t></si><si><t xml:space="preserve">4. Полное кодовое 
обозначение ВУС </t></si><si><t xml:space="preserve">2) специальном </t></si><si><t>(номер удостоверения об отсрочке или именного списка о зачислении на спецучет)</t></si><si><t xml:space="preserve">8. Документ
воинского учета </t></si><si><t>(наименование, серия и номер документа, кем и когда выдан)</t></si><si><t>5. Категория годности 
к военной службе</t></si><si><t xml:space="preserve">III. Дополнительные сведения </t></si><si><t>IV. Сведения о приеме и увольнении (переводе)</t></si><si><t>Дата и номер приказа (распоряжения)</t></si><si><t xml:space="preserve">Наименование должности, на которую
принят (переведен) или с которой уволен </t></si><si><t xml:space="preserve">В какой военный комиссариат направлены сведения </t></si><si><t>Дата и исходящий номер сведений гражданина</t></si><si><t>1</t></si><si><t>2</t></si><si><t>3</t></si><si><t>4</t></si><si><t xml:space="preserve">Работник, осуществляющий воинский учет </t></si><si><t>(должность)</t></si><si><t>(подпись)</t></si><si><t>(расшифровка подписи)</t></si><si><t xml:space="preserve">Гражданин, подлежащий воинскому учету </t></si><si><t>"</t></si><si><t>20</t></si><si><t>г.</t></si><si><t xml:space="preserve">Отметка о снятии 
с воинского учета </t></si><si><t>(дата)</t></si><si><t>(причина)</t></si><si><t>(подпись работника, осуществляющего воинский учет)</t></si><si><t>(год окончания)</t></si><si><t>(категории ТС)</t></si></sst>