<?xml version="1.0" encoding="UTF-8" standalone="yes"?>
<styleSheet xmlns="http://schemas.openxmlformats.org/spreadsheetml/2006/main" xmlns:mc="http://schemas.openxmlformats.org/markup-compatibility/2006" mc:Ignorable="x14ac x16r2" xmlns:x14ac="http://schemas.microsoft.com/office/spreadsheetml/2009/9/ac" xmlns:x16r2="http://schemas.microsoft.com/office/spreadsheetml/2015/02/main"><fonts count="7" x14ac:knownFonts="1"><font><sz val="11"/><name val="Times New Roman"/><charset val="204"/></font><font><sz val="11"/><name val="Times New Roman"/><charset val="204"/></font><font><sz val="8"/><name val="Times New Roman"/><charset val="204"/></font><font><b/><sz val="12"/><name val="Times New Roman"/><family val="1"/><charset val="204"/></font><font><sz val="10"/><name val="Times New Roman"/><charset val="204"/></font><font><sz val="7"/><name val="Times New Roman"/><charset val="204"/></font><font><sz val="6"/><name val="Times New Roman"/><charset val="204"/></font></fonts><fills count="2"><fill><patternFill patternType="none"/></fill><fill><patternFill patternType="gray125"/></fill></fills><borders count="14"><border><left/><right/><top/><bottom/><diagonal/></border><border><left style="thin"><color indexed="64"/></left><right/><top/><bottom/><diagonal/></border><border><left/><right style="thin"><color indexed="64"/></right><top/><bottom/><diagonal/></border><border><left style="thin"><color indexed="64"/></left><right style="thin"><color indexed="64"/></right><top/><bottom/><diagonal/></border><border><left style="thin"><color indexed="64"/></left><right/><top style="thin"><color indexed="64"/></top><bottom style="thin"><color indexed="64"/></bottom><diagonal/></border><border><left/><right/><top style="thin"><color indexed="64"/></top><bottom style="thin"><color indexed="64"/></bottom><diagonal/></border><border><left/><right style="thin"><color indexed="64"/></right><top style="thin"><color indexed="64"/></top><bottom style="thin"><color indexed="64"/></bottom><diagonal/></border><border><left/><right/><top style="thin"><color indexed="64"/></top><bottom/><diagonal/></border><border><left style="thin"><color indexed="64"/></left><right style="thin"><color indexed="64"/></right><top style="thin"><color indexed="64"/></top><bottom style="thin"><color indexed="64"/></bottom><diagonal/></border><border><left/><right/><top/><bottom style="thin"><color indexed="64"/></bottom><diagonal/></border><border><left style="thin"><color indexed="64"/></left><right/><top style="thin"><color indexed="64"/></top><bottom/><diagonal/></border><border><left/><right style="thin"><color indexed="64"/></right><top style="thin"><color indexed="64"/></top><bottom/><diagonal/></border><border><left style="thin"><color indexed="64"/></left><right/><top/><bottom style="thin"><color indexed="64"/></bottom><diagonal/></border><border><left/><right style="thin"><color indexed="64"/></right><top/><bottom style="thin"><color indexed="64"/></bottom><diagonal/></border></borders><cellStyleXfs count="1"><xf numFmtId="0" fontId="0" fillId="0" borderId="0"/></cellStyleXfs><cellXfs count="76"><xf numFmtId="0" fontId="0" fillId="0" borderId="0" xfId="0"/><xf numFmtId="49" fontId="0" fillId="0" borderId="0" xfId="0" applyNumberFormat="1"/><xf numFmtId="49" fontId="0" fillId="0" borderId="0" xfId="0" applyNumberFormat="1" applyAlignment="1"><alignment horizontal="right"/></xf><xf numFmtId="49" fontId="2" fillId="0" borderId="0" xfId="0" applyNumberFormat="1" applyFont="1" applyBorder="1" applyAlignment="1"><alignment horizontal="center" vertical="top" wrapText="1"/></xf><xf numFmtId="49" fontId="5" fillId="0" borderId="0" xfId="0" applyNumberFormat="1" applyFont="1" applyBorder="1" applyAlignment="1"><alignment horizontal="center" vertical="top" wrapText="1"/></xf><xf numFmtId="49" fontId="0" fillId="0" borderId="0" xfId="0" applyNumberFormat="1" applyAlignment="1"><alignment vertical="center"/></xf><xf numFmtId="49" fontId="0" fillId="0" borderId="0" xfId="0" applyNumberFormat="1" applyBorder="1" applyAlignment="1"><alignment horizontal="center" vertical="center" wrapText="1"/></xf><xf numFmtId="49" fontId="0" fillId="0" borderId="1" xfId="0" applyNumberFormat="1" applyBorder="1" applyAlignment="1"><alignment horizontal="center" vertical="center" wrapText="1"/></xf><xf numFmtId="49" fontId="0" fillId="0" borderId="2" xfId="0" applyNumberFormat="1" applyBorder="1" applyAlignment="1"><alignment horizontal="center" vertical="center" wrapText="1"/></xf><xf numFmtId="49" fontId="5" fillId="0" borderId="0" xfId="0" applyNumberFormat="1" applyFont="1"/><xf numFmtId="49" fontId="6" fillId="0" borderId="0" xfId="0" applyNumberFormat="1" applyFont="1" applyBorder="1" applyAlignment="1"><alignment horizontal="center" vertical="top" wrapText="1"/></xf><xf numFmtId="49" fontId="6" fillId="0" borderId="0" xfId="0" applyNumberFormat="1" applyFont="1" applyAlignment="1"><alignment horizontal="center" vertical="top"/></xf><xf numFmtId="49" fontId="0" fillId="0" borderId="0" xfId="0" applyNumberFormat="1" applyAlignment="1"><alignment vertical="top" wrapText="1"/></xf><xf numFmtId="49" fontId="0" fillId="0" borderId="3" xfId="0" applyNumberFormat="1" applyBorder="1" applyAlignment="1"><alignment horizontal="center" vertical="center" wrapText="1"/></xf><xf numFmtId="49" fontId="0" fillId="0" borderId="0" xfId="0" applyNumberFormat="1" applyBorder="1"/><xf numFmtId="49" fontId="0" fillId="0" borderId="0" xfId="0" applyNumberFormat="1" applyBorder="1" applyAlignment="1"><alignment vertical="center"/></xf><xf numFmtId="49" fontId="0" fillId="0" borderId="0" xfId="0" applyNumberFormat="1" applyBorder="1" applyAlignment="1"><alignment horizontal="left" vertical="top"/></xf><xf numFmtId="49" fontId="1" fillId="0" borderId="0" xfId="0" applyNumberFormat="1" applyFont="1" applyBorder="1" applyAlignment="1"><alignment horizontal="center" vertical="top" wrapText="1"/></xf><xf numFmtId="49" fontId="1" fillId="0" borderId="0" xfId="0" applyNumberFormat="1" applyFont="1" applyBorder="1" applyAlignment="1"><alignment horizontal="left" vertical="top"/></xf><xf numFmtId="49" fontId="0" fillId="0" borderId="0" xfId="0" applyNumberFormat="1" applyAlignment="1"><alignment horizontal="right" wrapText="1"/></xf><xf numFmtId="49" fontId="0" fillId="0" borderId="0" xfId="0" applyNumberFormat="1" applyAlignment="1"><alignment wrapText="1"/></xf><xf numFmtId="49" fontId="0" fillId="0" borderId="0" xfId="0" applyNumberFormat="1" applyAlignment="1"/><xf numFmtId="49" fontId="0" fillId="0" borderId="1" xfId="0" applyNumberFormat="1" applyBorder="1"/><xf numFmtId="49" fontId="0" fillId="0" borderId="1" xfId="0" applyNumberFormat="1" applyBorder="1" applyAlignment="1"><alignment horizontal="left" vertical="center"/></xf><xf numFmtId="49" fontId="6" fillId="0" borderId="0" xfId="0" applyNumberFormat="1" applyFont="1" applyBorder="1" applyAlignment="1"><alignment horizontal="center" vertical="top" wrapText="1"/></xf><xf numFmtId="49" fontId="6" fillId="0" borderId="7" xfId="0" applyNumberFormat="1" applyFont="1" applyBorder="1" applyAlignment="1"><alignment horizontal="center" vertical="top"/></xf><xf numFmtId="49" fontId="4" fillId="0" borderId="0" xfId="0" applyNumberFormat="1" applyFont="1" applyAlignment="1"><alignment horizontal="center" vertical="top" wrapText="1"/></xf><xf numFmtId="49" fontId="0" fillId="0" borderId="0" xfId="0" applyNumberFormat="1" applyAlignment="1"><alignment vertical="center" wrapText="1"/></xf><xf numFmtId="49" fontId="0" fillId="0" borderId="4" xfId="0" applyNumberFormat="1" applyBorder="1" applyAlignment="1"><alignment horizontal="center" vertical="center" wrapText="1"/></xf><xf numFmtId="49" fontId="0" fillId="0" borderId="5" xfId="0" applyNumberFormat="1" applyBorder="1" applyAlignment="1"><alignment horizontal="center" vertical="center" wrapText="1"/></xf><xf numFmtId="49" fontId="0" fillId="0" borderId="6" xfId="0" applyNumberFormat="1" applyBorder="1" applyAlignment="1"><alignment horizontal="center" vertical="center" wrapText="1"/></xf><xf numFmtId="49" fontId="6" fillId="0" borderId="0" xfId="0" applyNumberFormat="1" applyFont="1" applyBorder="1" applyAlignment="1"><alignment horizontal="center" vertical="top"/></xf><xf numFmtId="49" fontId="6" fillId="0" borderId="9" xfId="0" applyNumberFormat="1" applyFont="1" applyBorder="1" applyAlignment="1"><alignment horizontal="center" vertical="top" wrapText="1"/></xf><xf numFmtId="49" fontId="6" fillId="0" borderId="9" xfId="0" applyNumberFormat="1" applyFont="1" applyBorder="1" applyAlignment="1"><alignment horizontal="center" vertical="top"/></xf><xf numFmtId="49" fontId="6" fillId="0" borderId="7" xfId="0" applyNumberFormat="1" applyFont="1" applyBorder="1" applyAlignment="1"><alignment horizontal="center" vertical="top" wrapText="1"/></xf><xf numFmtId="49" fontId="0" fillId="0" borderId="10" xfId="0" applyNumberFormat="1" applyBorder="1" applyAlignment="1"><alignment horizontal="center" vertical="center" wrapText="1"/></xf><xf numFmtId="49" fontId="0" fillId="0" borderId="7" xfId="0" applyNumberFormat="1" applyBorder="1" applyAlignment="1"><alignment horizontal="center" vertical="center" wrapText="1"/></xf><xf numFmtId="49" fontId="0" fillId="0" borderId="11" xfId="0" applyNumberFormat="1" applyBorder="1" applyAlignment="1"><alignment horizontal="center" vertical="center" wrapText="1"/></xf><xf numFmtId="49" fontId="0" fillId="0" borderId="1" xfId="0" applyNumberFormat="1" applyBorder="1" applyAlignment="1"><alignment horizontal="center" vertical="center" wrapText="1"/></xf><xf numFmtId="49" fontId="0" fillId="0" borderId="0" xfId="0" applyNumberFormat="1" applyBorder="1" applyAlignment="1"><alignment horizontal="center" vertical="center" wrapText="1"/></xf><xf numFmtId="49" fontId="0" fillId="0" borderId="2" xfId="0" applyNumberFormat="1" applyBorder="1" applyAlignment="1"><alignment horizontal="center" vertical="center" wrapText="1"/></xf><xf numFmtId="49" fontId="0" fillId="0" borderId="12" xfId="0" applyNumberFormat="1" applyBorder="1" applyAlignment="1"><alignment horizontal="center" vertical="center" wrapText="1"/></xf><xf numFmtId="49" fontId="0" fillId="0" borderId="9" xfId="0" applyNumberFormat="1" applyBorder="1" applyAlignment="1"><alignment horizontal="center" vertical="center" wrapText="1"/></xf><xf numFmtId="49" fontId="0" fillId="0" borderId="13" xfId="0" applyNumberFormat="1" applyBorder="1" applyAlignment="1"><alignment horizontal="center" vertical="center" wrapText="1"/></xf><xf numFmtId="49" fontId="6" fillId="0" borderId="5" xfId="0" applyNumberFormat="1" applyFont="1" applyBorder="1" applyAlignment="1"><alignment horizontal="center" vertical="top" wrapText="1"/></xf><xf numFmtId="49" fontId="6" fillId="0" borderId="5" xfId="0" applyNumberFormat="1" applyFont="1" applyBorder="1" applyAlignment="1"><alignment horizontal="center" vertical="top"/></xf><xf numFmtId="49" fontId="5" fillId="0" borderId="7" xfId="0" applyNumberFormat="1" applyFont="1" applyBorder="1" applyAlignment="1"><alignment horizontal="center" vertical="top" wrapText="1"/></xf><xf numFmtId="49" fontId="4" fillId="0" borderId="8" xfId="0" applyNumberFormat="1" applyFont="1" applyBorder="1" applyAlignment="1"><alignment horizontal="center" vertical="center" wrapText="1"/></xf><xf numFmtId="49" fontId="3" fillId="0" borderId="0" xfId="0" applyNumberFormat="1" applyFont="1" applyAlignment="1"><alignment horizontal="center" wrapText="1"/></xf><xf numFmtId="49" fontId="3" fillId="0" borderId="0" xfId="0" applyNumberFormat="1" applyFont="1" applyAlignment="1"><alignment horizontal="center"/></xf><xf numFmtId="49" fontId="0" fillId="0" borderId="0" xfId="0" applyNumberFormat="1" applyAlignment="1"><alignment vertical="top" wrapText="1"/></xf><xf numFmtId="49" fontId="2" fillId="0" borderId="0" xfId="0" applyNumberFormat="1" applyFont="1" applyAlignment="1"><alignment horizontal="right" vertical="top" wrapText="1"/></xf><xf numFmtId="49" fontId="2" fillId="0" borderId="0" xfId="0" applyNumberFormat="1" applyFont="1" applyAlignment="1"><alignment horizontal="right" vertical="top"/></xf><xf numFmtId="49" fontId="0" fillId="0" borderId="0" xfId="0" applyNumberFormat="1" applyAlignment="1"><alignment horizontal="center" vertical="center"/></xf><xf numFmtId="49" fontId="0" fillId="0" borderId="4" xfId="0" applyNumberFormat="1" applyBorder="1" applyAlignment="1"><alignment horizontal="center" vertical="center" shrinkToFit="1"/></xf><xf numFmtId="49" fontId="0" fillId="0" borderId="5" xfId="0" applyNumberFormat="1" applyBorder="1" applyAlignment="1"><alignment horizontal="center" vertical="center" shrinkToFit="1"/></xf><xf numFmtId="49" fontId="0" fillId="0" borderId="6" xfId="0" applyNumberFormat="1" applyBorder="1" applyAlignment="1"><alignment horizontal="center" vertical="center" shrinkToFit="1"/></xf><xf numFmtId="49" fontId="5" fillId="0" borderId="7" xfId="0" applyNumberFormat="1" applyFont="1" applyBorder="1" applyAlignment="1"><alignment horizontal="center" vertical="top"/></xf><xf numFmtId="49" fontId="4" fillId="0" borderId="8" xfId="0" applyNumberFormat="1" applyFont="1" applyBorder="1" applyAlignment="1"><alignment horizontal="center" vertical="center" shrinkToFit="1"/></xf><xf numFmtId="49" fontId="5" fillId="0" borderId="0" xfId="0" applyNumberFormat="1" applyFont="1" applyBorder="1" applyAlignment="1"><alignment horizontal="center" vertical="top" wrapText="1"/></xf><xf numFmtId="49" fontId="0" fillId="0" borderId="8" xfId="0" applyNumberFormat="1" applyBorder="1" applyAlignment="1"><alignment horizontal="center" vertical="center" wrapText="1"/></xf><xf numFmtId="49" fontId="1" fillId="0" borderId="0" xfId="0" applyNumberFormat="1" applyFont="1" applyAlignment="1"><alignment vertical="top" wrapText="1"/></xf><xf numFmtId="49" fontId="1" fillId="0" borderId="9" xfId="0" applyNumberFormat="1" applyFont="1" applyBorder="1" applyAlignment="1"><alignment horizontal="center" vertical="top" wrapText="1"/></xf><xf numFmtId="49" fontId="1" fillId="0" borderId="9" xfId="0" applyNumberFormat="1" applyFont="1" applyBorder="1" applyAlignment="1"><alignment horizontal="center" vertical="top"/></xf><xf numFmtId="49" fontId="3" fillId="0" borderId="0" xfId="0" applyNumberFormat="1" applyFont="1" applyAlignment="1"><alignment horizontal="center" vertical="center" wrapText="1"/></xf><xf numFmtId="49" fontId="3" fillId="0" borderId="0" xfId="0" applyNumberFormat="1" applyFont="1" applyAlignment="1"><alignment horizontal="center" vertical="center"/></xf><xf numFmtId="49" fontId="0" fillId="0" borderId="9" xfId="0" applyNumberFormat="1" applyBorder="1" applyAlignment="1"><alignment wrapText="1"/></xf><xf numFmtId="49" fontId="0" fillId="0" borderId="1" xfId="0" applyNumberFormat="1" applyBorder="1" applyAlignment="1"><alignment horizontal="left" vertical="center" wrapText="1"/></xf><xf numFmtId="49" fontId="0" fillId="0" borderId="0" xfId="0" applyNumberFormat="1" applyBorder="1" applyAlignment="1"><alignment horizontal="left" vertical="center" wrapText="1"/></xf><xf numFmtId="49" fontId="0" fillId="0" borderId="1" xfId="0" applyNumberFormat="1" applyBorder="1" applyAlignment="1"><alignment horizontal="left" vertical="top" wrapText="1"/></xf><xf numFmtId="49" fontId="0" fillId="0" borderId="0" xfId="0" applyNumberFormat="1" applyBorder="1" applyAlignment="1"><alignment horizontal="left" vertical="top"/></xf><xf numFmtId="49" fontId="0" fillId="0" borderId="1" xfId="0" applyNumberFormat="1" applyBorder="1" applyAlignment="1"><alignment horizontal="left" vertical="top"/></xf><xf numFmtId="49" fontId="0" fillId="0" borderId="0" xfId="0" applyNumberFormat="1" applyAlignment="1"><alignment horizontal="justify" vertical="top" wrapText="1"/></xf><xf numFmtId="49" fontId="0" fillId="0" borderId="9" xfId="0" applyNumberFormat="1" applyBorder="1" applyAlignment="1"><alignment horizontal="center" wrapText="1"/></xf><xf numFmtId="49" fontId="0" fillId="0" borderId="0" xfId="0" applyNumberFormat="1" applyAlignment="1"><alignment horizontal="right" wrapText="1"/></xf><xf numFmtId="49" fontId="0" fillId="0" borderId="9" xfId="0" applyNumberFormat="1" applyBorder="1" applyAlignment="1"><alignment horizontal="left" wrapText="1"/></xf></cellXfs><cellStyles count="1"><cellStyle name="Normal" xfId="0" builtinId="0"/></cellStyles><dxfs count="0"/><tableStyles count="0" defaultTableStyle="TableStyleMedium9" defaultPivotStyle="PivotStyleLight16"/><extLst><ext uri="{EB79DEF2-80B8-43e5-95BD-54CBDDF9020C}" xmlns:x14="http://schemas.microsoft.com/office/spreadsheetml/2009/9/main"><x14:slicerStyles defaultSlicerStyle="SlicerStyleLight1"/></ext><ext uri="{9260A510-F301-46a8-8635-F512D64BE5F5}" xmlns:x15="http://schemas.microsoft.com/office/spreadsheetml/2010/11/main"><x15:timelineStyles defaultTimelineStyle="TimeSlicerStyleLight1"/></ext></extLst></styleSheet>