﻿<?xml version="1.0" encoding="utf-8" standalone="yes"?>
<Properties xmlns="http://schemas.openxmlformats.org/officeDocument/2006/extended-properties" xmlns:vt="http://schemas.openxmlformats.org/officeDocument/2006/docPropsVTypes">
  <Template>Normal</Template>
  <TotalTime>0</TotalTime>
  <Pages>2</Pages>
  <Words>368</Words>
  <Characters>2101</Characters>
  <Application>Microsoft Office Word</Application>
  <DocSecurity>0</DocSecurity>
  <Lines>17</Lines>
  <Paragraphs>4</Paragraphs>
  <ScaleCrop>false</ScaleCrop>
  <Company></Company>
  <LinksUpToDate>false</LinksUpToDate>
  <CharactersWithSpaces>2465</CharactersWithSpaces>
  <SharedDoc>false</SharedDoc>
  <HyperlinksChanged>false</HyperlinksChanged>
  <AppVersion>16.0000</AppVersion>
</Properties>