<?xml version="1.0" encoding="UTF-8" standalone="yes"?>
<w:hdr xmlns:wpc="http://schemas.microsoft.com/office/word/2010/wordprocessingCanvas" xmlns:mc="http://schemas.openxmlformats.org/markup-compatibility/2006" xmlns:o="urn:schemas-microsoft-com:office:office" xmlns:r="http://schemas.openxmlformats.org/officeDocument/2006/relationships" xmlns:m="http://schemas.openxmlformats.org/officeDocument/2006/math" xmlns:v="urn:schemas-microsoft-com:vml" xmlns:wp14="http://schemas.microsoft.com/office/word/2010/wordprocessingDrawing" xmlns:wp="http://schemas.openxmlformats.org/drawingml/2006/wordprocessingDrawing" xmlns:w10="urn:schemas-microsoft-com:office:word" xmlns:w="http://schemas.openxmlformats.org/wordprocessingml/2006/main" xmlns:w14="http://schemas.microsoft.com/office/word/2010/wordml" xmlns:wpg="http://schemas.microsoft.com/office/word/2010/wordprocessingGroup" xmlns:wpi="http://schemas.microsoft.com/office/word/2010/wordprocessingInk" xmlns:wne="http://schemas.microsoft.com/office/word/2006/wordml" xmlns:wps="http://schemas.microsoft.com/office/word/2010/wordprocessingShape" mc:Ignorable="w14 wp14"><w:sdt><w:sdtPr><w:id w:val="-487168143"/><w:docPartObj><w:docPartGallery w:val="Page Numbers (Top of Page)"/><w:docPartUnique/></w:docPartObj></w:sdtPr><w:sdtEndPr><w:rPr><w:sz w:val="28"/><w:szCs w:val="28"/></w:rPr></w:sdtEndPr><w:sdtContent><w:p w14:paraId="1422DD46" w14:textId="77777777" w:rsidR="00305FC1" w:rsidRPr="00F402CF" w:rsidRDefault="00305FC1"><w:pPr><w:pStyle w:val="a6"/><w:jc w:val="center"/><w:rPr><w:sz w:val="28"/><w:szCs w:val="28"/></w:rPr></w:pPr><w:r w:rsidRPr="00F402CF"><w:rPr><w:sz w:val="28"/><w:szCs w:val="28"/></w:rPr><w:fldChar w:fldCharType="begin"/></w:r><w:r w:rsidRPr="00F402CF"><w:rPr><w:sz w:val="28"/><w:szCs w:val="28"/></w:rPr><w:instrText>PAGE   \* MERGEFORMAT</w:instrText></w:r><w:r w:rsidRPr="00F402CF"><w:rPr><w:sz w:val="28"/><w:szCs w:val="28"/></w:rPr><w:fldChar w:fldCharType="separate"/></w:r><w:r w:rsidR="004B4FE6"><w:rPr><w:noProof/><w:sz w:val="28"/><w:szCs w:val="28"/></w:rPr><w:t>8</w:t></w:r><w:r w:rsidRPr="00F402CF"><w:rPr><w:sz w:val="28"/><w:szCs w:val="28"/></w:rPr><w:fldChar w:fldCharType="end"/></w:r></w:p></w:sdtContent></w:sdt><w:p w14:paraId="188F756A" w14:textId="77777777" w:rsidR="00305FC1" w:rsidRDefault="00305FC1"><w:pPr><w:pStyle w:val="a6"/></w:pPr></w:p></w:hdr>