﻿<?xml version="1.0" encoding="utf-8" standalone="yes"?>
<Properties xmlns="http://schemas.openxmlformats.org/officeDocument/2006/extended-properties" xmlns:vt="http://schemas.openxmlformats.org/officeDocument/2006/docPropsVTypes">
  <Template>Normal</Template>
  <TotalTime>1</TotalTime>
  <Pages>1</Pages>
  <Words>42</Words>
  <Characters>241</Characters>
  <Application>Microsoft Office Word</Application>
  <DocSecurity>0</DocSecurity>
  <PresentationFormat>gdmk_g</PresentationFormat>
  <Lines>2</Lines>
  <Paragraphs>1</Paragraphs>
  <ScaleCrop>false</ScaleCrop>
  <HeadingPairs>
    <vt:vector size="2" baseType="variant">
      <vt:variant>
        <vt:lpstr>Название</vt:lpstr>
      </vt:variant>
      <vt:variant>
        <vt:i4>1</vt:i4>
      </vt:variant>
    </vt:vector>
  </HeadingPairs>
  <TitlesOfParts>
    <vt:vector size="1" baseType="lpstr">
      <vt:lpstr></vt:lpstr>
    </vt:vector>
  </TitlesOfParts>
  <Company></Company>
  <LinksUpToDate>false</LinksUpToDate>
  <CharactersWithSpaces>282</CharactersWithSpaces>
  <SharedDoc>false</SharedDoc>
  <HyperlinksChanged>false</HyperlinksChanged>
  <AppVersion>12.0000</AppVersion>
</Properties>