﻿<?xml version="1.0" encoding="utf-8" standalone="yes"?>
<w:fonts xmlns:mc="http://schemas.openxmlformats.org/markup-compatibility/2006" xmlns:r="http://schemas.openxmlformats.org/officeDocument/2006/relationships" xmlns:w="http://schemas.openxmlformats.org/wordprocessingml/2006/main" xmlns:w14="http://schemas.microsoft.com/office/word/2010/wordml" mc:Ignorable="w14"><w:font w:name="Calibri"><w:panose1 w:val="020F0502020204030204" /><w:charset w:val="00" /><w:family w:val="swiss" /><w:pitch w:val="variable" /><w:sig w:usb0="E10002FF" w:usb1="4000ACFF" w:usb2="00000009" w:usb3="00000000" w:csb0="0000019F" w:csb1="00000000" /></w:font><w:font w:name="Times New Roman"><w:panose1 w:val="02020603050405020304" /><w:charset w:val="00" /><w:family w:val="roman" /><w:pitch w:val="variable" /><w:sig w:usb0="E0002AFF" w:usb1="C0007841" w:usb2="00000009" w:usb3="00000000" w:csb0="000001FF" w:csb1="00000000" /></w:font><w:font w:name="Cambria"><w:panose1 w:val="02040503050406030204" /><w:charset w:val="00" /><w:family w:val="roman" /><w:pitch w:val="variable" /><w:sig w:usb0="E00002FF" w:usb1="400004FF" w:usb2="00000000" w:usb3="00000000" w:csb0="0000019F" w:csb1="00000000" /></w:font><w:font w:name="Verdana"><w:panose1 w:val="020B0604030504040204" /><w:charset w:val="00" /><w:family w:val="swiss" /><w:pitch w:val="variable" /><w:sig w:usb0="A10006FF" w:usb1="4000205B" w:usb2="00000010" w:usb3="00000000" w:csb0="0000019F" w:csb1="00000000" /></w:font></w:fonts>