<?xml version="1.0" encoding="UTF-8" standalone="yes"?>
<w:hdr xmlns:wpc="http://schemas.microsoft.com/office/word/2010/wordprocessingCanvas" xmlns:cx="http://schemas.microsoft.com/office/drawing/2014/chartex" xmlns:cx1="http://schemas.microsoft.com/office/drawing/2015/9/8/chartex" xmlns:mc="http://schemas.openxmlformats.org/markup-compatibility/2006" xmlns:o="urn:schemas-microsoft-com:office:office" xmlns:r="http://schemas.openxmlformats.org/officeDocument/2006/relationships" xmlns:m="http://schemas.openxmlformats.org/officeDocument/2006/math" xmlns:v="urn:schemas-microsoft-com:vml" xmlns:wp14="http://schemas.microsoft.com/office/word/2010/wordprocessingDrawing" xmlns:wp="http://schemas.openxmlformats.org/drawingml/2006/wordprocessingDrawing" xmlns:w10="urn:schemas-microsoft-com:office:word" xmlns:w="http://schemas.openxmlformats.org/wordprocessingml/2006/main" xmlns:w14="http://schemas.microsoft.com/office/word/2010/wordml" xmlns:w15="http://schemas.microsoft.com/office/word/2012/wordml" xmlns:w16se="http://schemas.microsoft.com/office/word/2015/wordml/symex" xmlns:wpg="http://schemas.microsoft.com/office/word/2010/wordprocessingGroup" xmlns:wpi="http://schemas.microsoft.com/office/word/2010/wordprocessingInk" xmlns:wne="http://schemas.microsoft.com/office/word/2006/wordml" xmlns:wps="http://schemas.microsoft.com/office/word/2010/wordprocessingShape" mc:Ignorable="w14 w15 w16se wp14"><w:p w:rsidR="00B96F45" w:rsidRDefault="00353AF3"><w:pPr><w:spacing w:after="0" w:line="259" w:lineRule="auto"/><w:ind w:left="-1440" w:right="3978" w:firstLine="0"/></w:pPr><w:r><w:rPr><w:noProof/><w:sz w:val="22"/></w:rPr><mc:AlternateContent><mc:Choice Requires="wpg"><w:drawing><wp:anchor distT="0" distB="0" distL="114300" distR="114300" simplePos="0" relativeHeight="251659264" behindDoc="0" locked="0" layoutInCell="1" allowOverlap="1"><wp:simplePos x="0" y="0"/><wp:positionH relativeFrom="page"><wp:posOffset>60975</wp:posOffset></wp:positionH><wp:positionV relativeFrom="page"><wp:posOffset>0</wp:posOffset></wp:positionV><wp:extent cx="4054863" cy="7615"/><wp:effectExtent l="0" t="0" r="0" b="0"/><wp:wrapSquare wrapText="bothSides"/><wp:docPr id="60321" name="Group 60321"/><wp:cNvGraphicFramePr/><a:graphic xmlns:a="http://schemas.openxmlformats.org/drawingml/2006/main"><a:graphicData uri="http://schemas.microsoft.com/office/word/2010/wordprocessingGroup"><wpg:wgp><wpg:cNvGrpSpPr/><wpg:grpSpPr><a:xfrm><a:off x="0" y="0"/><a:ext cx="4054863" cy="7615"/><a:chOff x="0" y="0"/><a:chExt cx="4054863" cy="7615"/></a:xfrm></wpg:grpSpPr><wps:wsp><wps:cNvPr id="64043" name="Shape 64043"/><wps:cNvSpPr/><wps:spPr><a:xfrm><a:off x="0" y="0"/><a:ext cx="2477125" cy="9144"/></a:xfrm><a:custGeom><a:avLst/><a:gdLst/><a:ahLst/><a:cxnLst/><a:rect l="0" t="0" r="0" b="0"/><a:pathLst><a:path w="2477125" h="9144"><a:moveTo><a:pt x="0" y="0"/></a:moveTo><a:lnTo><a:pt x="2477125" y="0"/></a:lnTo><a:lnTo><a:pt x="2477125" y="9144"/></a:lnTo><a:lnTo><a:pt x="0" y="9144"/></a:lnTo><a:lnTo><a:pt x="0" y="0"/></a:lnTo></a:path></a:pathLst></a:custGeom><a:ln w="0" cap="flat"><a:miter lim="127000"/></a:ln></wps:spPr><wps:style><a:lnRef idx="0"><a:srgbClr val="000000"><a:alpha val="0"/></a:srgbClr></a:lnRef><a:fillRef idx="1"><a:srgbClr val="000000"/></a:fillRef><a:effectRef idx="0"><a:scrgbClr r="0" g="0" b="0"/></a:effectRef><a:fontRef idx="none"/></wps:style><wps:bodyPr/></wps:wsp><wps:wsp><wps:cNvPr id="64044" name="Shape 64044"/><wps:cNvSpPr/><wps:spPr><a:xfrm><a:off x="2469503" y="0"/><a:ext cx="1585360" cy="9144"/></a:xfrm><a:custGeom><a:avLst/><a:gdLst/><a:ahLst/><a:cxnLst/><a:rect l="0" t="0" r="0" b="0"/><a:pathLst><a:path w="1585360" h="9144"><a:moveTo><a:pt x="0" y="0"/></a:moveTo><a:lnTo><a:pt x="1585360" y="0"/></a:lnTo><a:lnTo><a:pt x="1585360" y="9144"/></a:lnTo><a:lnTo><a:pt x="0" y="9144"/></a:lnTo><a:lnTo><a:pt x="0" y="0"/></a:lnTo></a:path></a:pathLst></a:custGeom><a:ln w="0" cap="flat"><a:miter lim="127000"/></a:ln></wps:spPr><wps:style><a:lnRef idx="0"><a:srgbClr val="000000"><a:alpha val="0"/></a:srgbClr></a:lnRef><a:fillRef idx="1"><a:srgbClr val="000000"/></a:fillRef><a:effectRef idx="0"><a:scrgbClr r="0" g="0" b="0"/></a:effectRef><a:fontRef idx="none"/></wps:style><wps:bodyPr/></wps:wsp></wpg:wgp></a:graphicData></a:graphic></wp:anchor></w:drawing></mc:Choice><mc:Fallback xmlns:a="http://schemas.openxmlformats.org/drawingml/2006/main">
          <w:pict>
            <v:group id="Group 60321" style="width:319.281pt;height:0.599609pt;position:absolute;mso-position-horizontal-relative:page;mso-position-horizontal:absolute;margin-left:4.80121pt;mso-position-vertical-relative:page;margin-top:0pt;" coordsize="40548,76">
              <v:shape id="Shape 64045" style="position:absolute;width:24771;height:91;left:0;top:0;" coordsize="2477125,9144" path="m0,0l2477125,0l2477125,9144l0,9144l0,0">
                <v:stroke weight="0pt" endcap="flat" joinstyle="miter" miterlimit="10" on="false" color="#000000" opacity="0"/>
                <v:fill on="true" color="#000000"/>
              </v:shape>
              <v:shape id="Shape 64046" style="position:absolute;width:15853;height:91;left:24695;top:0;" coordsize="1585360,9144" path="m0,0l1585360,0l1585360,9144l0,9144l0,0">
                <v:stroke weight="0pt" endcap="flat" joinstyle="miter" miterlimit="10" on="false" color="#000000" opacity="0"/>
                <v:fill on="true" color="#000000"/>
              </v:shape>
              <w10:wrap type="square"/>
            </v:group>
          </w:pict>
        </mc:Fallback></mc:AlternateContent></w:r></w:p></w:hdr>