<?xml version="1.0" encoding="UTF-8" standalone="yes"?>
<p:presentation xmlns:a="http://schemas.openxmlformats.org/drawingml/2006/main" xmlns:r="http://schemas.openxmlformats.org/officeDocument/2006/relationships" xmlns:p="http://schemas.openxmlformats.org/presentationml/2006/main"><p:sldMasterIdLst><p:sldMasterId id="2147483648" r:id="rId1"/></p:sldMasterIdLst><p:notesMasterIdLst><p:notesMasterId r:id="rId8"/></p:notesMasterIdLst><p:sldIdLst><p:sldId id="257" r:id="rId2"/><p:sldId id="269" r:id="rId3"/><p:sldId id="272" r:id="rId4"/><p:sldId id="273" r:id="rId5"/><p:sldId id="274" r:id="rId6"/><p:sldId id="288" r:id="rId7"/></p:sldIdLst><p:sldSz cx="24384000" cy="13716000"/><p:notesSz cx="6858000" cy="9144000"/><p:defaultTextStyle><a:defPPr marL="0" marR="0" indent="0" algn="l" defTabSz="914400" rtl="0" fontAlgn="auto" latinLnBrk="1" hangingPunct="0"><a:lnSpc><a:spcPct val="100000"/></a:lnSpc><a:spcBef><a:spcPts val="0"/></a:spcBef><a:spcAft><a:spcPts val="0"/></a:spcAft><a:buClrTx/><a:buSzTx/><a:buFontTx/><a:buNone/><a:tabLst/><a:defRPr kumimoji="0" sz="1800" b="0" i="0" u="none" strike="noStrike" cap="none" spc="0" normalizeH="0" baseline="0"><a:ln><a:noFill/></a:ln><a:solidFill><a:srgbClr val="000000"/></a:solidFill><a:effectLst/><a:uFillTx/></a:defRPr></a:defPPr><a:lvl1pPr marL="0" marR="0" indent="0" algn="ctr" defTabSz="825500" rtl="0" fontAlgn="auto" latinLnBrk="0" hangingPunct="0"><a:lnSpc><a:spcPct val="100000"/></a:lnSpc><a:spcBef><a:spcPts val="0"/></a:spcBef><a:spcAft><a:spcPts val="0"/></a:spcAft><a:buClrTx/><a:buSzTx/><a:buFontTx/><a:buNone/><a:tabLst/><a:defRPr kumimoji="0" sz="3000" b="1" i="0" u="none" strike="noStrike" cap="none" spc="0" normalizeH="0" baseline="0"><a:ln><a:noFill/></a:ln><a:solidFill><a:srgbClr val="000000"/></a:solidFill><a:effectLst/><a:uFillTx/><a:latin typeface="Helvetica Neue"/><a:ea typeface="Helvetica Neue"/><a:cs typeface="Helvetica Neue"/><a:sym typeface="Helvetica Neue"/></a:defRPr></a:lvl1pPr><a:lvl2pPr marL="0" marR="0" indent="228600" algn="ctr" defTabSz="825500" rtl="0" fontAlgn="auto" latinLnBrk="0" hangingPunct="0"><a:lnSpc><a:spcPct val="100000"/></a:lnSpc><a:spcBef><a:spcPts val="0"/></a:spcBef><a:spcAft><a:spcPts val="0"/></a:spcAft><a:buClrTx/><a:buSzTx/><a:buFontTx/><a:buNone/><a:tabLst/><a:defRPr kumimoji="0" sz="3000" b="1" i="0" u="none" strike="noStrike" cap="none" spc="0" normalizeH="0" baseline="0"><a:ln><a:noFill/></a:ln><a:solidFill><a:srgbClr val="000000"/></a:solidFill><a:effectLst/><a:uFillTx/><a:latin typeface="Helvetica Neue"/><a:ea typeface="Helvetica Neue"/><a:cs typeface="Helvetica Neue"/><a:sym typeface="Helvetica Neue"/></a:defRPr></a:lvl2pPr><a:lvl3pPr marL="0" marR="0" indent="457200" algn="ctr" defTabSz="825500" rtl="0" fontAlgn="auto" latinLnBrk="0" hangingPunct="0"><a:lnSpc><a:spcPct val="100000"/></a:lnSpc><a:spcBef><a:spcPts val="0"/></a:spcBef><a:spcAft><a:spcPts val="0"/></a:spcAft><a:buClrTx/><a:buSzTx/><a:buFontTx/><a:buNone/><a:tabLst/><a:defRPr kumimoji="0" sz="3000" b="1" i="0" u="none" strike="noStrike" cap="none" spc="0" normalizeH="0" baseline="0"><a:ln><a:noFill/></a:ln><a:solidFill><a:srgbClr val="000000"/></a:solidFill><a:effectLst/><a:uFillTx/><a:latin typeface="Helvetica Neue"/><a:ea typeface="Helvetica Neue"/><a:cs typeface="Helvetica Neue"/><a:sym typeface="Helvetica Neue"/></a:defRPr></a:lvl3pPr><a:lvl4pPr marL="0" marR="0" indent="685800" algn="ctr" defTabSz="825500" rtl="0" fontAlgn="auto" latinLnBrk="0" hangingPunct="0"><a:lnSpc><a:spcPct val="100000"/></a:lnSpc><a:spcBef><a:spcPts val="0"/></a:spcBef><a:spcAft><a:spcPts val="0"/></a:spcAft><a:buClrTx/><a:buSzTx/><a:buFontTx/><a:buNone/><a:tabLst/><a:defRPr kumimoji="0" sz="3000" b="1" i="0" u="none" strike="noStrike" cap="none" spc="0" normalizeH="0" baseline="0"><a:ln><a:noFill/></a:ln><a:solidFill><a:srgbClr val="000000"/></a:solidFill><a:effectLst/><a:uFillTx/><a:latin typeface="Helvetica Neue"/><a:ea typeface="Helvetica Neue"/><a:cs typeface="Helvetica Neue"/><a:sym typeface="Helvetica Neue"/></a:defRPr></a:lvl4pPr><a:lvl5pPr marL="0" marR="0" indent="914400" algn="ctr" defTabSz="825500" rtl="0" fontAlgn="auto" latinLnBrk="0" hangingPunct="0"><a:lnSpc><a:spcPct val="100000"/></a:lnSpc><a:spcBef><a:spcPts val="0"/></a:spcBef><a:spcAft><a:spcPts val="0"/></a:spcAft><a:buClrTx/><a:buSzTx/><a:buFontTx/><a:buNone/><a:tabLst/><a:defRPr kumimoji="0" sz="3000" b="1" i="0" u="none" strike="noStrike" cap="none" spc="0" normalizeH="0" baseline="0"><a:ln><a:noFill/></a:ln><a:solidFill><a:srgbClr val="000000"/></a:solidFill><a:effectLst/><a:uFillTx/><a:latin typeface="Helvetica Neue"/><a:ea typeface="Helvetica Neue"/><a:cs typeface="Helvetica Neue"/><a:sym typeface="Helvetica Neue"/></a:defRPr></a:lvl5pPr><a:lvl6pPr marL="0" marR="0" indent="1143000" algn="ctr" defTabSz="825500" rtl="0" fontAlgn="auto" latinLnBrk="0" hangingPunct="0"><a:lnSpc><a:spcPct val="100000"/></a:lnSpc><a:spcBef><a:spcPts val="0"/></a:spcBef><a:spcAft><a:spcPts val="0"/></a:spcAft><a:buClrTx/><a:buSzTx/><a:buFontTx/><a:buNone/><a:tabLst/><a:defRPr kumimoji="0" sz="3000" b="1" i="0" u="none" strike="noStrike" cap="none" spc="0" normalizeH="0" baseline="0"><a:ln><a:noFill/></a:ln><a:solidFill><a:srgbClr val="000000"/></a:solidFill><a:effectLst/><a:uFillTx/><a:latin typeface="Helvetica Neue"/><a:ea typeface="Helvetica Neue"/><a:cs typeface="Helvetica Neue"/><a:sym typeface="Helvetica Neue"/></a:defRPr></a:lvl6pPr><a:lvl7pPr marL="0" marR="0" indent="1371600" algn="ctr" defTabSz="825500" rtl="0" fontAlgn="auto" latinLnBrk="0" hangingPunct="0"><a:lnSpc><a:spcPct val="100000"/></a:lnSpc><a:spcBef><a:spcPts val="0"/></a:spcBef><a:spcAft><a:spcPts val="0"/></a:spcAft><a:buClrTx/><a:buSzTx/><a:buFontTx/><a:buNone/><a:tabLst/><a:defRPr kumimoji="0" sz="3000" b="1" i="0" u="none" strike="noStrike" cap="none" spc="0" normalizeH="0" baseline="0"><a:ln><a:noFill/></a:ln><a:solidFill><a:srgbClr val="000000"/></a:solidFill><a:effectLst/><a:uFillTx/><a:latin typeface="Helvetica Neue"/><a:ea typeface="Helvetica Neue"/><a:cs typeface="Helvetica Neue"/><a:sym typeface="Helvetica Neue"/></a:defRPr></a:lvl7pPr><a:lvl8pPr marL="0" marR="0" indent="1600200" algn="ctr" defTabSz="825500" rtl="0" fontAlgn="auto" latinLnBrk="0" hangingPunct="0"><a:lnSpc><a:spcPct val="100000"/></a:lnSpc><a:spcBef><a:spcPts val="0"/></a:spcBef><a:spcAft><a:spcPts val="0"/></a:spcAft><a:buClrTx/><a:buSzTx/><a:buFontTx/><a:buNone/><a:tabLst/><a:defRPr kumimoji="0" sz="3000" b="1" i="0" u="none" strike="noStrike" cap="none" spc="0" normalizeH="0" baseline="0"><a:ln><a:noFill/></a:ln><a:solidFill><a:srgbClr val="000000"/></a:solidFill><a:effectLst/><a:uFillTx/><a:latin typeface="Helvetica Neue"/><a:ea typeface="Helvetica Neue"/><a:cs typeface="Helvetica Neue"/><a:sym typeface="Helvetica Neue"/></a:defRPr></a:lvl8pPr><a:lvl9pPr marL="0" marR="0" indent="1828800" algn="ctr" defTabSz="825500" rtl="0" fontAlgn="auto" latinLnBrk="0" hangingPunct="0"><a:lnSpc><a:spcPct val="100000"/></a:lnSpc><a:spcBef><a:spcPts val="0"/></a:spcBef><a:spcAft><a:spcPts val="0"/></a:spcAft><a:buClrTx/><a:buSzTx/><a:buFontTx/><a:buNone/><a:tabLst/><a:defRPr kumimoji="0" sz="3000" b="1" i="0" u="none" strike="noStrike" cap="none" spc="0" normalizeH="0" baseline="0"><a:ln><a:noFill/></a:ln><a:solidFill><a:srgbClr val="000000"/></a:solidFill><a:effectLst/><a:uFillTx/><a:latin typeface="Helvetica Neue"/><a:ea typeface="Helvetica Neue"/><a:cs typeface="Helvetica Neue"/><a:sym typeface="Helvetica Neue"/></a:defRPr></a:lvl9pPr></p:defaultTextStyle><p:extLst><p:ext uri="{EFAFB233-063F-42B5-8137-9DF3F51BA10A}"><p15:sldGuideLst xmlns:p15="http://schemas.microsoft.com/office/powerpoint/2012/main"/></p:ext></p:extLst></p:presentation>