<?xml version="1.0" encoding="UTF-8" standalone="yes"?>
<a:tblStyleLst xmlns:a="http://schemas.openxmlformats.org/drawingml/2006/main" def="{5940675A-B579-460E-94D1-54222C63F5DA}"><a:tblStyle styleId="{4C3C2611-4C71-4FC5-86AE-919BDF0F9419}" styleName=""><a:tblBg/><a:wholeTbl><a:tcTxStyle b="off" i="off"><a:font><a:latin typeface="Helvetica Neue"/><a:ea typeface="Helvetica Neue"/><a:cs typeface="Helvetica Neue"/></a:font><a:srgbClr val="000000"/></a:tcTxStyle><a:tcStyle><a:tcBdr><a:left><a:ln w="12700" cap="flat"><a:noFill/><a:miter lim="400000"/></a:ln></a:left><a:right><a:ln w="12700" cap="flat"><a:noFill/><a:miter lim="400000"/></a:ln></a:right><a:top><a:ln w="12700" cap="flat"><a:noFill/><a:miter lim="400000"/></a:ln></a:top><a:bottom><a:ln w="12700" cap="flat"><a:noFill/><a:miter lim="400000"/></a:ln></a:bottom><a:insideH><a:ln w="12700" cap="flat"><a:noFill/><a:miter lim="400000"/></a:ln></a:insideH><a:insideV><a:ln w="12700" cap="flat"><a:noFill/><a:miter lim="400000"/></a:ln></a:insideV></a:tcBdr><a:fill><a:solidFill><a:srgbClr val="FFFFFF"/></a:solidFill></a:fill></a:tcStyle></a:wholeTbl><a:band2H><a:tcTxStyle/><a:tcStyle><a:tcBdr/><a:fill><a:solidFill><a:srgbClr val="E3E5E8"/></a:solidFill></a:fill></a:tcStyle></a:band2H><a:firstCol><a:tcTxStyle b="on" i="off"><a:font><a:latin typeface="Helvetica Neue"/><a:ea typeface="Helvetica Neue"/><a:cs typeface="Helvetica Neue"/></a:font><a:srgbClr val="FFFFFF"/></a:tcTxStyle><a:tcStyle><a:tcBdr><a:left><a:ln w="12700" cap="flat"><a:noFill/><a:miter lim="400000"/></a:ln></a:left><a:right><a:ln w="12700" cap="flat"><a:noFill/><a:miter lim="400000"/></a:ln></a:right><a:top><a:ln w="12700" cap="flat"><a:noFill/><a:miter lim="400000"/></a:ln></a:top><a:bottom><a:ln w="12700" cap="flat"><a:noFill/><a:miter lim="400000"/></a:ln></a:bottom><a:insideH><a:ln w="12700" cap="flat"><a:noFill/><a:miter lim="400000"/></a:ln></a:insideH><a:insideV><a:ln w="12700" cap="flat"><a:noFill/><a:miter lim="400000"/></a:ln></a:insideV></a:tcBdr><a:fill><a:solidFill><a:schemeClr val="accent1"><a:lumOff val="-13575"/></a:schemeClr></a:solidFill></a:fill></a:tcStyle></a:firstCol><a:lastRow><a:tcTxStyle b="off" i="off"><a:font><a:latin typeface="Helvetica Neue"/><a:ea typeface="Helvetica Neue"/><a:cs typeface="Helvetica Neue"/></a:font><a:srgbClr val="000000"/></a:tcTxStyle><a:tcStyle><a:tcBdr><a:left><a:ln w="12700" cap="flat"><a:noFill/><a:miter lim="400000"/></a:ln></a:left><a:right><a:ln w="12700" cap="flat"><a:noFill/><a:miter lim="400000"/></a:ln></a:right><a:top><a:ln w="12700" cap="flat"><a:solidFill><a:srgbClr val="3797C6"/></a:solidFill><a:prstDash val="solid"/><a:miter lim="400000"/></a:ln></a:top><a:bottom><a:ln w="12700" cap="flat"><a:noFill/><a:miter lim="400000"/></a:ln></a:bottom><a:insideH><a:ln w="12700" cap="flat"><a:noFill/><a:miter lim="400000"/></a:ln></a:insideH><a:insideV><a:ln w="12700" cap="flat"><a:noFill/><a:miter lim="400000"/></a:ln></a:insideV></a:tcBdr><a:fill><a:solidFill><a:srgbClr val="FFFFFF"/></a:solidFill></a:fill></a:tcStyle></a:lastRow><a:firstRow><a:tcTxStyle b="on" i="off"><a:font><a:latin typeface="Helvetica Neue"/><a:ea typeface="Helvetica Neue"/><a:cs typeface="Helvetica Neue"/></a:font><a:srgbClr val="FFFFFF"/></a:tcTxStyle><a:tcStyle><a:tcBdr><a:left><a:ln w="12700" cap="flat"><a:noFill/><a:miter lim="400000"/></a:ln></a:left><a:right><a:ln w="12700" cap="flat"><a:noFill/><a:miter lim="400000"/></a:ln></a:right><a:top><a:ln w="12700" cap="flat"><a:noFill/><a:miter lim="400000"/></a:ln></a:top><a:bottom><a:ln w="12700" cap="flat"><a:noFill/><a:miter lim="400000"/></a:ln></a:bottom><a:insideH><a:ln w="12700" cap="flat"><a:noFill/><a:miter lim="400000"/></a:ln></a:insideH><a:insideV><a:ln w="12700" cap="flat"><a:noFill/><a:miter lim="400000"/></a:ln></a:insideV></a:tcBdr><a:fill><a:solidFill><a:schemeClr val="accent1"><a:hueOff val="114395"/><a:lumOff val="-24975"/></a:schemeClr></a:solidFill></a:fill></a:tcStyle></a:firstRow></a:tblStyle><a:tblStyle styleId="{C7B018BB-80A7-4F77-B60F-C8B233D01FF8}" styleName=""><a:tblBg/><a:wholeTbl><a:tcTxStyle b="off" i="off"><a:font><a:latin typeface="Helvetica Neue"/><a:ea typeface="Helvetica Neue"/><a:cs typeface="Helvetica Neue"/></a:font><a:srgbClr val="000000"/></a:tcTxStyle><a:tcStyle><a:tcBdr><a:left><a:ln w="12700" cap="flat"><a:solidFill><a:srgbClr val="B8B8B8"/></a:solidFill><a:prstDash val="solid"/><a:miter lim="400000"/></a:ln></a:left><a:right><a:ln w="12700" cap="flat"><a:solidFill><a:srgbClr val="B8B8B8"/></a:solidFill><a:prstDash val="solid"/><a:miter lim="400000"/></a:ln></a:right><a:top><a:ln w="12700" cap="flat"><a:solidFill><a:srgbClr val="B8B8B8"/></a:solidFill><a:prstDash val="solid"/><a:miter lim="400000"/></a:ln></a:top><a:bottom><a:ln w="12700" cap="flat"><a:solidFill><a:srgbClr val="B8B8B8"/></a:solidFill><a:prstDash val="solid"/><a:miter lim="400000"/></a:ln></a:bottom><a:insideH><a:ln w="12700" cap="flat"><a:solidFill><a:srgbClr val="B8B8B8"/></a:solidFill><a:prstDash val="solid"/><a:miter lim="400000"/></a:ln></a:insideH><a:insideV><a:ln w="12700" cap="flat"><a:solidFill><a:srgbClr val="B8B8B8"/></a:solidFill><a:prstDash val="solid"/><a:miter lim="400000"/></a:ln></a:insideV></a:tcBdr><a:fill><a:solidFill><a:srgbClr val="EBEBEB"/></a:solidFill></a:fill></a:tcStyle></a:wholeTbl><a:band2H><a:tcTxStyle/><a:tcStyle><a:tcBdr/><a:fill><a:solidFill><a:srgbClr val="E1E0DA"/></a:solidFill></a:fill></a:tcStyle></a:band2H><a:firstCol><a:tcTxStyle b="off" i="off"><a:fontRef idx="minor"><a:srgbClr val="FFFFFF"/></a:fontRef><a:srgbClr val="FFFFFF"/></a:tcTxStyle><a:tcStyle><a:tcBdr><a:left><a:ln w="12700" cap="flat"><a:solidFill><a:srgbClr val="606060"/></a:solidFill><a:prstDash val="solid"/><a:miter lim="400000"/></a:ln></a:left><a:right><a:ln w="12700" cap="flat"><a:solidFill><a:srgbClr val="606060"/></a:solidFill><a:prstDash val="solid"/><a:miter lim="400000"/></a:ln></a:right><a:top><a:ln w="12700" cap="flat"><a:solidFill><a:srgbClr val="606060"/></a:solidFill><a:prstDash val="solid"/><a:miter lim="400000"/></a:ln></a:top><a:bottom><a:ln w="12700" cap="flat"><a:solidFill><a:srgbClr val="606060"/></a:solidFill><a:prstDash val="solid"/><a:miter lim="400000"/></a:ln></a:bottom><a:insideH><a:ln w="12700" cap="flat"><a:solidFill><a:srgbClr val="606060"/></a:solidFill><a:prstDash val="solid"/><a:miter lim="400000"/></a:ln></a:insideH><a:insideV><a:ln w="12700" cap="flat"><a:solidFill><a:srgbClr val="606060"/></a:solidFill><a:prstDash val="solid"/><a:miter lim="400000"/></a:ln></a:insideV></a:tcBdr><a:fill><a:solidFill><a:schemeClr val="accent3"><a:hueOff val="362282"/><a:satOff val="31803"/><a:lumOff val="-18242"/></a:schemeClr></a:solidFill></a:fill></a:tcStyle></a:firstCol><a:lastRow><a:tcTxStyle b="off" i="off"><a:font><a:latin typeface="Helvetica Neue"/><a:ea typeface="Helvetica Neue"/><a:cs typeface="Helvetica Neue"/></a:font><a:srgbClr val="000000"/></a:tcTxStyle><a:tcStyle><a:tcBdr><a:left><a:ln w="12700" cap="flat"><a:solidFill><a:srgbClr val="606060"/></a:solidFill><a:prstDash val="solid"/><a:miter lim="400000"/></a:ln></a:left><a:right><a:ln w="12700" cap="flat"><a:solidFill><a:srgbClr val="606060"/></a:solidFill><a:prstDash val="solid"/><a:miter lim="400000"/></a:ln></a:right><a:top><a:ln w="25400" cap="flat"><a:solidFill><a:srgbClr val="606060"/></a:solidFill><a:prstDash val="solid"/><a:miter lim="400000"/></a:ln></a:top><a:bottom><a:ln w="12700" cap="flat"><a:solidFill><a:srgbClr val="606060"/></a:solidFill><a:prstDash val="solid"/><a:miter lim="400000"/></a:ln></a:bottom><a:insideH><a:ln w="12700" cap="flat"><a:solidFill><a:srgbClr val="606060"/></a:solidFill><a:prstDash val="solid"/><a:miter lim="400000"/></a:ln></a:insideH><a:insideV><a:ln w="12700" cap="flat"><a:solidFill><a:srgbClr val="606060"/></a:solidFill><a:prstDash val="solid"/><a:miter lim="400000"/></a:ln></a:insideV></a:tcBdr><a:fill><a:solidFill><a:srgbClr val="EBEBEB"/></a:solidFill></a:fill></a:tcStyle></a:lastRow><a:firstRow><a:tcTxStyle b="off" i="off"><a:fontRef idx="minor"><a:srgbClr val="FFFFFF"/></a:fontRef><a:srgbClr val="FFFFFF"/></a:tcTxStyle><a:tcStyle><a:tcBdr><a:left><a:ln w="12700" cap="flat"><a:solidFill><a:srgbClr val="929292"/></a:solidFill><a:prstDash val="solid"/><a:miter lim="400000"/></a:ln></a:left><a:right><a:ln w="12700" cap="flat"><a:solidFill><a:srgbClr val="929292"/></a:solidFill><a:prstDash val="solid"/><a:miter lim="400000"/></a:ln></a:right><a:top><a:ln w="12700" cap="flat"><a:solidFill><a:srgbClr val="606060"/></a:solidFill><a:prstDash val="solid"/><a:miter lim="400000"/></a:ln></a:top><a:bottom><a:ln w="12700" cap="flat"><a:solidFill><a:srgbClr val="606060"/></a:solidFill><a:prstDash val="solid"/><a:miter lim="400000"/></a:ln></a:bottom><a:insideH><a:ln w="12700" cap="flat"><a:solidFill><a:srgbClr val="929292"/></a:solidFill><a:prstDash val="solid"/><a:miter lim="400000"/></a:ln></a:insideH><a:insideV><a:ln w="12700" cap="flat"><a:solidFill><a:srgbClr val="929292"/></a:solidFill><a:prstDash val="solid"/><a:miter lim="400000"/></a:ln></a:insideV></a:tcBdr><a:fill><a:solidFill><a:srgbClr val="017101"/></a:solidFill></a:fill></a:tcStyle></a:firstRow></a:tblStyle><a:tblStyle styleId="{EEE7283C-3CF3-47DC-8721-378D4A62B228}" styleName=""><a:tblBg/><a:wholeTbl><a:tcTxStyle b="off" i="off"><a:font><a:latin typeface="Helvetica Neue Light"/><a:ea typeface="Helvetica Neue Light"/><a:cs typeface="Helvetica Neue Light"/></a:font><a:srgbClr val="000000"/></a:tcTxStyle><a:tcStyle><a:tcBdr><a:left><a:ln w="12700" cap="flat"><a:solidFill><a:srgbClr val="5D5D5D"/></a:solidFill><a:custDash><a:ds d="200000" sp="200000"/></a:custDash><a:miter lim="400000"/></a:ln></a:left><a:right><a:ln w="12700" cap="flat"><a:solidFill><a:srgbClr val="5D5D5D"/></a:solidFill><a:custDash><a:ds d="200000" sp="200000"/></a:custDash><a:miter lim="400000"/></a:ln></a:right><a:top><a:ln w="12700" cap="flat"><a:solidFill><a:srgbClr val="5D5D5D"/></a:solidFill><a:custDash><a:ds d="200000" sp="200000"/></a:custDash><a:miter lim="400000"/></a:ln></a:top><a:bottom><a:ln w="12700" cap="flat"><a:solidFill><a:srgbClr val="5D5D5D"/></a:solidFill><a:custDash><a:ds d="200000" sp="200000"/></a:custDash><a:miter lim="400000"/></a:ln></a:bottom><a:insideH><a:ln w="12700" cap="flat"><a:solidFill><a:srgbClr val="5D5D5D"/></a:solidFill><a:custDash><a:ds d="200000" sp="200000"/></a:custDash><a:miter lim="400000"/></a:ln></a:insideH><a:insideV><a:ln w="12700" cap="flat"><a:solidFill><a:srgbClr val="5D5D5D"/></a:solidFill><a:custDash><a:ds d="200000" sp="200000"/></a:custDash><a:miter lim="400000"/></a:ln></a:insideV></a:tcBdr><a:fill><a:solidFill><a:srgbClr val="FAF7E9"/></a:solidFill></a:fill></a:tcStyle></a:wholeTbl><a:band2H><a:tcTxStyle/><a:tcStyle><a:tcBdr/><a:fill><a:solidFill><a:srgbClr val="EDEADD"/></a:solidFill></a:fill></a:tcStyle></a:band2H><a:firstCol><a:tcTxStyle b="off" i="off"><a:fontRef idx="minor"><a:srgbClr val="FFFFFF"/></a:fontRef><a:srgbClr val="FFFFFF"/></a:tcTxStyle><a:tcStyle><a:tcBdr><a:left><a:ln w="12700" cap="flat"><a:solidFill><a:srgbClr val="5D5D5D"/></a:solidFill><a:prstDash val="solid"/><a:miter lim="400000"/></a:ln></a:left><a:right><a:ln w="12700" cap="flat"><a:solidFill><a:srgbClr val="5D5D5D"/></a:solidFill><a:prstDash val="solid"/><a:miter lim="400000"/></a:ln></a:right><a:top><a:ln w="12700" cap="flat"><a:solidFill><a:srgbClr val="5D5D5D"/></a:solidFill><a:prstDash val="solid"/><a:miter lim="400000"/></a:ln></a:top><a:bottom><a:ln w="12700" cap="flat"><a:solidFill><a:srgbClr val="5D5D5D"/></a:solidFill><a:prstDash val="solid"/><a:miter lim="400000"/></a:ln></a:bottom><a:insideH><a:ln w="12700" cap="flat"><a:solidFill><a:srgbClr val="5D5D5D"/></a:solidFill><a:prstDash val="solid"/><a:miter lim="400000"/></a:ln></a:insideH><a:insideV><a:ln w="12700" cap="flat"><a:solidFill><a:srgbClr val="5D5D5D"/></a:solidFill><a:prstDash val="solid"/><a:miter lim="400000"/></a:ln></a:insideV></a:tcBdr><a:fill><a:solidFill><a:srgbClr val="F9BA00"/></a:solidFill></a:fill></a:tcStyle></a:firstCol><a:lastRow><a:tcTxStyle b="off" i="off"><a:fontRef idx="minor"><a:srgbClr val="FFFFFF"/></a:fontRef><a:srgbClr val="FFFFFF"/></a:tcTxStyle><a:tcStyle><a:tcBdr><a:left><a:ln w="12700" cap="flat"><a:solidFill><a:srgbClr val="5D5D5D"/></a:solidFill><a:prstDash val="solid"/><a:miter lim="400000"/></a:ln></a:left><a:right><a:ln w="12700" cap="flat"><a:solidFill><a:srgbClr val="5D5D5D"/></a:solidFill><a:prstDash val="solid"/><a:miter lim="400000"/></a:ln></a:right><a:top><a:ln w="12700" cap="flat"><a:solidFill><a:srgbClr val="5D5D5D"/></a:solidFill><a:prstDash val="solid"/><a:miter lim="400000"/></a:ln></a:top><a:bottom><a:ln w="12700" cap="flat"><a:solidFill><a:srgbClr val="5D5D5D"/></a:solidFill><a:prstDash val="solid"/><a:miter lim="400000"/></a:ln></a:bottom><a:insideH><a:ln w="12700" cap="flat"><a:solidFill><a:srgbClr val="5D5D5D"/></a:solidFill><a:prstDash val="solid"/><a:miter lim="400000"/></a:ln></a:insideH><a:insideV><a:ln w="12700" cap="flat"><a:solidFill><a:srgbClr val="5D5D5D"/></a:solidFill><a:prstDash val="solid"/><a:miter lim="400000"/></a:ln></a:insideV></a:tcBdr><a:fill><a:solidFill><a:srgbClr val="FF9400"/></a:solidFill></a:fill></a:tcStyle></a:lastRow><a:firstRow><a:tcTxStyle b="off" i="off"><a:fontRef idx="minor"><a:srgbClr val="FFFFFF"/></a:fontRef><a:srgbClr val="FFFFFF"/></a:tcTxStyle><a:tcStyle><a:tcBdr><a:left><a:ln w="12700" cap="flat"><a:solidFill><a:srgbClr val="5D5D5D"/></a:solidFill><a:prstDash val="solid"/><a:miter lim="400000"/></a:ln></a:left><a:right><a:ln w="12700" cap="flat"><a:solidFill><a:srgbClr val="5D5D5D"/></a:solidFill><a:prstDash val="solid"/><a:miter lim="400000"/></a:ln></a:right><a:top><a:ln w="12700" cap="flat"><a:solidFill><a:srgbClr val="5D5D5D"/></a:solidFill><a:prstDash val="solid"/><a:miter lim="400000"/></a:ln></a:top><a:bottom><a:ln w="12700" cap="flat"><a:solidFill><a:srgbClr val="5D5D5D"/></a:solidFill><a:prstDash val="solid"/><a:miter lim="400000"/></a:ln></a:bottom><a:insideH><a:ln w="12700" cap="flat"><a:solidFill><a:srgbClr val="5D5D5D"/></a:solidFill><a:prstDash val="solid"/><a:miter lim="400000"/></a:ln></a:insideH><a:insideV><a:ln w="12700" cap="flat"><a:solidFill><a:srgbClr val="5D5D5D"/></a:solidFill><a:prstDash val="solid"/><a:miter lim="400000"/></a:ln></a:insideV></a:tcBdr><a:fill><a:solidFill><a:srgbClr val="FF9400"/></a:solidFill></a:fill></a:tcStyle></a:firstRow></a:tblStyle><a:tblStyle styleId="{CF821DB8-F4EB-4A41-A1BA-3FCAFE7338EE}" styleName=""><a:tblBg/><a:wholeTbl><a:tcTxStyle b="off" i="off"><a:font><a:latin typeface="Helvetica Neue"/><a:ea typeface="Helvetica Neue"/><a:cs typeface="Helvetica Neue"/></a:font><a:srgbClr val="000000"/></a:tcTxStyle><a:tcStyle><a:tcBdr><a:left><a:ln w="12700" cap="flat"><a:solidFill><a:srgbClr val="A6AAA9"/></a:solidFill><a:prstDash val="solid"/><a:miter lim="400000"/></a:ln></a:left><a:right><a:ln w="12700" cap="flat"><a:solidFill><a:srgbClr val="A6AAA9"/></a:solidFill><a:prstDash val="solid"/><a:miter lim="400000"/></a:ln></a:right><a:top><a:ln w="12700" cap="flat"><a:solidFill><a:srgbClr val="A6AAA9"/></a:solidFill><a:prstDash val="solid"/><a:miter lim="400000"/></a:ln></a:top><a:bottom><a:ln w="12700" cap="flat"><a:solidFill><a:srgbClr val="A6AAA9"/></a:solidFill><a:prstDash val="solid"/><a:miter lim="400000"/></a:ln></a:bottom><a:insideH><a:ln w="12700" cap="flat"><a:solidFill><a:srgbClr val="A6AAA9"/></a:solidFill><a:prstDash val="solid"/><a:miter lim="400000"/></a:ln></a:insideH><a:insideV><a:ln w="12700" cap="flat"><a:solidFill><a:srgbClr val="A6AAA9"/></a:solidFill><a:prstDash val="solid"/><a:miter lim="400000"/></a:ln></a:insideV></a:tcBdr><a:fill><a:solidFill><a:srgbClr val="EBEBEB"/></a:solidFill></a:fill></a:tcStyle></a:wholeTbl><a:band2H><a:tcTxStyle/><a:tcStyle><a:tcBdr/><a:fill><a:solidFill><a:srgbClr val="DADBDA"/></a:solidFill></a:fill></a:tcStyle></a:band2H><a:firstCol><a:tcTxStyle b="on" i="off"><a:font><a:latin typeface="Helvetica Neue"/><a:ea typeface="Helvetica Neue"/><a:cs typeface="Helvetica Neue"/></a:font><a:srgbClr val="FFFFFF"/></a:tcTxStyle><a:tcStyle><a:tcBdr><a:left><a:ln w="12700" cap="flat"><a:solidFill><a:srgbClr val="A6AAA9"/></a:solidFill><a:prstDash val="solid"/><a:miter lim="400000"/></a:ln></a:left><a:right><a:ln w="12700" cap="flat"><a:solidFill><a:srgbClr val="A6AAA9"/></a:solidFill><a:prstDash val="solid"/><a:miter lim="400000"/></a:ln></a:right><a:top><a:ln w="12700" cap="flat"><a:solidFill><a:srgbClr val="A6AAA9"/></a:solidFill><a:prstDash val="solid"/><a:miter lim="400000"/></a:ln></a:top><a:bottom><a:ln w="12700" cap="flat"><a:solidFill><a:srgbClr val="A6AAA9"/></a:solidFill><a:prstDash val="solid"/><a:miter lim="400000"/></a:ln></a:bottom><a:insideH><a:ln w="12700" cap="flat"><a:solidFill><a:srgbClr val="A6AAA9"/></a:solidFill><a:prstDash val="solid"/><a:miter lim="400000"/></a:ln></a:insideH><a:insideV><a:ln w="12700" cap="flat"><a:solidFill><a:srgbClr val="A6AAA9"/></a:solidFill><a:prstDash val="solid"/><a:miter lim="400000"/></a:ln></a:insideV></a:tcBdr><a:fill><a:solidFill><a:schemeClr val="accent6"><a:hueOff val="-146070"/><a:satOff val="-10048"/><a:lumOff val="-30626"/></a:schemeClr></a:solidFill></a:fill></a:tcStyle></a:firstCol><a:lastRow><a:tcTxStyle b="on" i="off"><a:font><a:latin typeface="Helvetica Neue"/><a:ea typeface="Helvetica Neue"/><a:cs typeface="Helvetica Neue"/></a:font><a:srgbClr val="FFFFFF"/></a:tcTxStyle><a:tcStyle><a:tcBdr><a:left><a:ln w="12700" cap="flat"><a:solidFill><a:srgbClr val="A6AAA9"/></a:solidFill><a:prstDash val="solid"/><a:miter lim="400000"/></a:ln></a:left><a:right><a:ln w="12700" cap="flat"><a:solidFill><a:srgbClr val="A6AAA9"/></a:solidFill><a:prstDash val="solid"/><a:miter lim="400000"/></a:ln></a:right><a:top><a:ln w="12700" cap="flat"><a:solidFill><a:srgbClr val="A6AAA9"/></a:solidFill><a:prstDash val="solid"/><a:miter lim="400000"/></a:ln></a:top><a:bottom><a:ln w="12700" cap="flat"><a:solidFill><a:srgbClr val="A6AAA9"/></a:solidFill><a:prstDash val="solid"/><a:miter lim="400000"/></a:ln></a:bottom><a:insideH><a:ln w="12700" cap="flat"><a:solidFill><a:srgbClr val="A6AAA9"/></a:solidFill><a:prstDash val="solid"/><a:miter lim="400000"/></a:ln></a:insideH><a:insideV><a:ln w="12700" cap="flat"><a:solidFill><a:srgbClr val="A6AAA9"/></a:solidFill><a:prstDash val="solid"/><a:miter lim="400000"/></a:ln></a:insideV></a:tcBdr><a:fill><a:solidFill><a:srgbClr val="C24785"/></a:solidFill></a:fill></a:tcStyle></a:lastRow><a:firstRow><a:tcTxStyle b="on" i="off"><a:font><a:latin typeface="Helvetica Neue"/><a:ea typeface="Helvetica Neue"/><a:cs typeface="Helvetica Neue"/></a:font><a:srgbClr val="FFFFFF"/></a:tcTxStyle><a:tcStyle><a:tcBdr><a:left><a:ln w="12700" cap="flat"><a:solidFill><a:srgbClr val="A6AAA9"/></a:solidFill><a:prstDash val="solid"/><a:miter lim="400000"/></a:ln></a:left><a:right><a:ln w="12700" cap="flat"><a:solidFill><a:srgbClr val="A6AAA9"/></a:solidFill><a:prstDash val="solid"/><a:miter lim="400000"/></a:ln></a:right><a:top><a:ln w="12700" cap="flat"><a:solidFill><a:srgbClr val="A6AAA9"/></a:solidFill><a:prstDash val="solid"/><a:miter lim="400000"/></a:ln></a:top><a:bottom><a:ln w="12700" cap="flat"><a:solidFill><a:srgbClr val="A6AAA9"/></a:solidFill><a:prstDash val="solid"/><a:miter lim="400000"/></a:ln></a:bottom><a:insideH><a:ln w="12700" cap="flat"><a:solidFill><a:srgbClr val="A6AAA9"/></a:solidFill><a:prstDash val="solid"/><a:miter lim="400000"/></a:ln></a:insideH><a:insideV><a:ln w="12700" cap="flat"><a:solidFill><a:srgbClr val="A6AAA9"/></a:solidFill><a:prstDash val="solid"/><a:miter lim="400000"/></a:ln></a:insideV></a:tcBdr><a:fill><a:solidFill><a:srgbClr val="C24785"/></a:solidFill></a:fill></a:tcStyle></a:firstRow></a:tblStyle><a:tblStyle styleId="{33BA23B1-9221-436E-865A-0063620EA4FD}" styleName=""><a:tblBg/><a:wholeTbl><a:tcTxStyle b="off" i="off"><a:font><a:latin typeface="Helvetica Neue"/><a:ea typeface="Helvetica Neue"/><a:cs typeface="Helvetica Neue"/></a:font><a:srgbClr val="000000"/></a:tcTxStyle><a:tcStyle><a:tcBdr><a:left><a:ln w="12700" cap="flat"><a:solidFill><a:srgbClr val="FFFFFF"/></a:solidFill><a:prstDash val="solid"/><a:miter lim="400000"/></a:ln></a:left><a:right><a:ln w="12700" cap="flat"><a:solidFill><a:srgbClr val="FFFFFF"/></a:solidFill><a:prstDash val="solid"/><a:miter lim="400000"/></a:ln></a:right><a:top><a:ln w="12700" cap="flat"><a:solidFill><a:srgbClr val="FFFFFF"/></a:solidFill><a:prstDash val="solid"/><a:miter lim="400000"/></a:ln></a:top><a:bottom><a:ln w="12700" cap="flat"><a:solidFill><a:srgbClr val="FFFFFF"/></a:solidFill><a:prstDash val="solid"/><a:miter lim="400000"/></a:ln></a:bottom><a:insideH><a:ln w="12700" cap="flat"><a:solidFill><a:srgbClr val="FFFFFF"/></a:solidFill><a:prstDash val="solid"/><a:miter lim="400000"/></a:ln></a:insideH><a:insideV><a:ln w="12700" cap="flat"><a:solidFill><a:srgbClr val="FFFFFF"/></a:solidFill><a:prstDash val="solid"/><a:miter lim="400000"/></a:ln></a:insideV></a:tcBdr><a:fill><a:solidFill><a:srgbClr val="B5B5C1"/></a:solidFill></a:fill></a:tcStyle></a:wholeTbl><a:band2H><a:tcTxStyle/><a:tcStyle><a:tcBdr/><a:fill><a:solidFill><a:srgbClr val="9A9AA5"/></a:solidFill></a:fill></a:tcStyle></a:band2H><a:firstCol><a:tcTxStyle b="on" i="off"><a:font><a:latin typeface="Helvetica Neue"/><a:ea typeface="Helvetica Neue"/><a:cs typeface="Helvetica Neue"/></a:font><a:srgbClr val="FFFFFF"/></a:tcTxStyle><a:tcStyle><a:tcBdr><a:left><a:ln w="12700" cap="flat"><a:solidFill><a:srgbClr val="FFFFFF"/></a:solidFill><a:prstDash val="solid"/><a:miter lim="400000"/></a:ln></a:left><a:right><a:ln w="12700" cap="flat"><a:solidFill><a:srgbClr val="FFFFFF"/></a:solidFill><a:prstDash val="solid"/><a:miter lim="400000"/></a:ln></a:right><a:top><a:ln w="12700" cap="flat"><a:solidFill><a:srgbClr val="FFFFFF"/></a:solidFill><a:prstDash val="solid"/><a:miter lim="400000"/></a:ln></a:top><a:bottom><a:ln w="12700" cap="flat"><a:solidFill><a:srgbClr val="FFFFFF"/></a:solidFill><a:prstDash val="solid"/><a:miter lim="400000"/></a:ln></a:bottom><a:insideH><a:ln w="12700" cap="flat"><a:solidFill><a:srgbClr val="FFFFFF"/></a:solidFill><a:prstDash val="solid"/><a:miter lim="400000"/></a:ln></a:insideH><a:insideV><a:ln w="12700" cap="flat"><a:solidFill><a:srgbClr val="FFFFFF"/></a:solidFill><a:prstDash val="solid"/><a:miter lim="400000"/></a:ln></a:insideV></a:tcBdr><a:fill><a:solidFill><a:srgbClr val="53585F"/></a:solidFill></a:fill></a:tcStyle></a:firstCol><a:lastRow><a:tcTxStyle b="on" i="off"><a:font><a:latin typeface="Helvetica Neue"/><a:ea typeface="Helvetica Neue"/><a:cs typeface="Helvetica Neue"/></a:font><a:srgbClr val="FFFFFF"/></a:tcTxStyle><a:tcStyle><a:tcBdr><a:left><a:ln w="12700" cap="flat"><a:solidFill><a:srgbClr val="FFFFFF"/></a:solidFill><a:prstDash val="solid"/><a:miter lim="400000"/></a:ln></a:left><a:right><a:ln w="12700" cap="flat"><a:solidFill><a:srgbClr val="FFFFFF"/></a:solidFill><a:prstDash val="solid"/><a:miter lim="400000"/></a:ln></a:right><a:top><a:ln w="12700" cap="flat"><a:solidFill><a:srgbClr val="FFFFFF"/></a:solidFill><a:prstDash val="solid"/><a:miter lim="400000"/></a:ln></a:top><a:bottom><a:ln w="12700" cap="flat"><a:solidFill><a:srgbClr val="FFFFFF"/></a:solidFill><a:prstDash val="solid"/><a:miter lim="400000"/></a:ln></a:bottom><a:insideH><a:ln w="12700" cap="flat"><a:solidFill><a:srgbClr val="FFFFFF"/></a:solidFill><a:prstDash val="solid"/><a:miter lim="400000"/></a:ln></a:insideH><a:insideV><a:ln w="12700" cap="flat"><a:solidFill><a:srgbClr val="FFFFFF"/></a:solidFill><a:prstDash val="solid"/><a:miter lim="400000"/></a:ln></a:insideV></a:tcBdr><a:fill><a:solidFill><a:srgbClr val="798089"/></a:solidFill></a:fill></a:tcStyle></a:lastRow><a:firstRow><a:tcTxStyle b="on" i="off"><a:font><a:latin typeface="Helvetica Neue"/><a:ea typeface="Helvetica Neue"/><a:cs typeface="Helvetica Neue"/></a:font><a:srgbClr val="FFFFFF"/></a:tcTxStyle><a:tcStyle><a:tcBdr><a:left><a:ln w="12700" cap="flat"><a:solidFill><a:srgbClr val="FFFFFF"/></a:solidFill><a:prstDash val="solid"/><a:miter lim="400000"/></a:ln></a:left><a:right><a:ln w="12700" cap="flat"><a:solidFill><a:srgbClr val="FFFFFF"/></a:solidFill><a:prstDash val="solid"/><a:miter lim="400000"/></a:ln></a:right><a:top><a:ln w="12700" cap="flat"><a:solidFill><a:srgbClr val="FFFFFF"/></a:solidFill><a:prstDash val="solid"/><a:miter lim="400000"/></a:ln></a:top><a:bottom><a:ln w="12700" cap="flat"><a:solidFill><a:srgbClr val="FFFFFF"/></a:solidFill><a:prstDash val="solid"/><a:miter lim="400000"/></a:ln></a:bottom><a:insideH><a:ln w="12700" cap="flat"><a:solidFill><a:srgbClr val="FFFFFF"/></a:solidFill><a:prstDash val="solid"/><a:miter lim="400000"/></a:ln></a:insideH><a:insideV><a:ln w="12700" cap="flat"><a:solidFill><a:srgbClr val="FFFFFF"/></a:solidFill><a:prstDash val="solid"/><a:miter lim="400000"/></a:ln></a:insideV></a:tcBdr><a:fill><a:solidFill><a:srgbClr val="798089"/></a:solidFill></a:fill></a:tcStyle></a:firstRow></a:tblStyle><a:tblStyle styleId="{2708684C-4D16-4618-839F-0558EEFCDFE6}" styleName=""><a:tblBg/><a:wholeTbl><a:tcTxStyle b="off" i="off"><a:font><a:latin typeface="Helvetica Neue"/><a:ea typeface="Helvetica Neue"/><a:cs typeface="Helvetica Neue"/></a:font><a:srgbClr val="000000"/></a:tcTxStyle><a:tcStyle><a:tcBdr><a:left><a:ln w="12700" cap="flat"><a:solidFill><a:srgbClr val="000000"/></a:solidFill><a:custDash><a:ds d="200000" sp="200000"/></a:custDash><a:miter lim="400000"/></a:ln></a:left><a:right><a:ln w="12700" cap="flat"><a:solidFill><a:srgbClr val="000000"/></a:solidFill><a:custDash><a:ds d="200000" sp="200000"/></a:custDash><a:miter lim="400000"/></a:ln></a:right><a:top><a:ln w="12700" cap="flat"><a:solidFill><a:srgbClr val="000000"/></a:solidFill><a:custDash><a:ds d="200000" sp="200000"/></a:custDash><a:miter lim="400000"/></a:ln></a:top><a:bottom><a:ln w="12700" cap="flat"><a:solidFill><a:srgbClr val="000000"/></a:solidFill><a:custDash><a:ds d="200000" sp="200000"/></a:custDash><a:miter lim="400000"/></a:ln></a:bottom><a:insideH><a:ln w="12700" cap="flat"><a:solidFill><a:srgbClr val="000000"/></a:solidFill><a:custDash><a:ds d="200000" sp="200000"/></a:custDash><a:miter lim="400000"/></a:ln></a:insideH><a:insideV><a:ln w="12700" cap="flat"><a:solidFill><a:srgbClr val="000000"/></a:solidFill><a:custDash><a:ds d="200000" sp="200000"/></a:custDash><a:miter lim="400000"/></a:ln></a:insideV></a:tcBdr><a:fill><a:noFill/></a:fill></a:tcStyle></a:wholeTbl><a:band2H><a:tcTxStyle/><a:tcStyle><a:tcBdr/><a:fill><a:solidFill><a:srgbClr val="EDEEEE"/></a:solidFill></a:fill></a:tcStyle></a:band2H><a:firstCol><a:tcTxStyle b="on" i="off"><a:font><a:latin typeface="Helvetica Neue"/><a:ea typeface="Helvetica Neue"/><a:cs typeface="Helvetica Neue"/></a:font><a:srgbClr val="000000"/></a:tcTxStyle><a:tcStyle><a:tcBdr><a:left><a:ln w="12700" cap="flat"><a:noFill/><a:miter lim="400000"/></a:ln></a:left><a:right><a:ln w="12700" cap="flat"><a:solidFill><a:srgbClr val="000000"/></a:solidFill><a:prstDash val="solid"/><a:miter lim="400000"/></a:ln></a:right><a:top><a:ln w="12700" cap="flat"><a:solidFill><a:srgbClr val="000000"/></a:solidFill><a:custDash><a:ds d="200000" sp="200000"/></a:custDash><a:miter lim="400000"/></a:ln></a:top><a:bottom><a:ln w="12700" cap="flat"><a:solidFill><a:srgbClr val="000000"/></a:solidFill><a:custDash><a:ds d="200000" sp="200000"/></a:custDash><a:miter lim="400000"/></a:ln></a:bottom><a:insideH><a:ln w="12700" cap="flat"><a:solidFill><a:srgbClr val="000000"/></a:solidFill><a:custDash><a:ds d="200000" sp="200000"/></a:custDash><a:miter lim="400000"/></a:ln></a:insideH><a:insideV><a:ln w="12700" cap="flat"><a:solidFill><a:srgbClr val="000000"/></a:solidFill><a:custDash><a:ds d="200000" sp="200000"/></a:custDash><a:miter lim="400000"/></a:ln></a:insideV></a:tcBdr><a:fill><a:noFill/></a:fill></a:tcStyle></a:firstCol><a:lastRow><a:tcTxStyle b="on" i="off"><a:font><a:latin typeface="Helvetica Neue"/><a:ea typeface="Helvetica Neue"/><a:cs typeface="Helvetica Neue"/></a:font><a:srgbClr val="000000"/></a:tcTxStyle><a:tcStyle><a:tcBdr><a:left><a:ln w="12700" cap="flat"><a:solidFill><a:srgbClr val="000000"/></a:solidFill><a:custDash><a:ds d="200000" sp="200000"/></a:custDash><a:miter lim="400000"/></a:ln></a:left><a:right><a:ln w="12700" cap="flat"><a:solidFill><a:srgbClr val="000000"/></a:solidFill><a:custDash><a:ds d="200000" sp="200000"/></a:custDash><a:miter lim="400000"/></a:ln></a:right><a:top><a:ln w="12700" cap="flat"><a:solidFill><a:srgbClr val="000000"/></a:solidFill><a:prstDash val="solid"/><a:miter lim="400000"/></a:ln></a:top><a:bottom><a:ln w="12700" cap="flat"><a:noFill/><a:miter lim="400000"/></a:ln></a:bottom><a:insideH><a:ln w="12700" cap="flat"><a:solidFill><a:srgbClr val="000000"/></a:solidFill><a:custDash><a:ds d="200000" sp="200000"/></a:custDash><a:miter lim="400000"/></a:ln></a:insideH><a:insideV><a:ln w="12700" cap="flat"><a:solidFill><a:srgbClr val="000000"/></a:solidFill><a:custDash><a:ds d="200000" sp="200000"/></a:custDash><a:miter lim="400000"/></a:ln></a:insideV></a:tcBdr><a:fill><a:noFill/></a:fill></a:tcStyle></a:lastRow><a:firstRow><a:tcTxStyle b="on" i="off"><a:font><a:latin typeface="Helvetica Neue"/><a:ea typeface="Helvetica Neue"/><a:cs typeface="Helvetica Neue"/></a:font><a:srgbClr val="000000"/></a:tcTxStyle><a:tcStyle><a:tcBdr><a:left><a:ln w="12700" cap="flat"><a:solidFill><a:srgbClr val="000000"/></a:solidFill><a:custDash><a:ds d="200000" sp="200000"/></a:custDash><a:miter lim="400000"/></a:ln></a:left><a:right><a:ln w="12700" cap="flat"><a:solidFill><a:srgbClr val="000000"/></a:solidFill><a:custDash><a:ds d="200000" sp="200000"/></a:custDash><a:miter lim="400000"/></a:ln></a:right><a:top><a:ln w="12700" cap="flat"><a:noFill/><a:miter lim="400000"/></a:ln></a:top><a:bottom><a:ln w="12700" cap="flat"><a:solidFill><a:srgbClr val="000000"/></a:solidFill><a:prstDash val="solid"/><a:miter lim="400000"/></a:ln></a:bottom><a:insideH><a:ln w="12700" cap="flat"><a:solidFill><a:srgbClr val="000000"/></a:solidFill><a:custDash><a:ds d="200000" sp="200000"/></a:custDash><a:miter lim="400000"/></a:ln></a:insideH><a:insideV><a:ln w="12700" cap="flat"><a:solidFill><a:srgbClr val="000000"/></a:solidFill><a:custDash><a:ds d="200000" sp="200000"/></a:custDash><a:miter lim="400000"/></a:ln></a:insideV></a:tcBdr><a:fill><a:noFill/></a:fill></a:tcStyle></a:firstRow></a:tblStyle></a:tblStyleLst>