<?xml version="1.0" encoding="UTF-8" standalone="yes"?>
<p:viewPr xmlns:a="http://schemas.openxmlformats.org/drawingml/2006/main" xmlns:r="http://schemas.openxmlformats.org/officeDocument/2006/relationships" xmlns:p="http://schemas.openxmlformats.org/presentationml/2006/main" lastView="sldThumbnailView"><p:normalViewPr><p:restoredLeft sz="19243"/><p:restoredTop sz="94653"/></p:normalViewPr><p:slideViewPr><p:cSldViewPr snapToGrid="0" snapToObjects="1"><p:cViewPr><p:scale><a:sx n="50" d="100"/><a:sy n="50" d="100"/></p:scale><p:origin x="36" y="36"/></p:cViewPr><p:guideLst/></p:cSldViewPr></p:slideViewPr><p:notesTextViewPr><p:cViewPr><p:scale><a:sx n="1" d="1"/><a:sy n="1" d="1"/></p:scale><p:origin x="0" y="0"/></p:cViewPr></p:notesTextViewPr><p:sorterViewPr><p:cViewPr><p:scale><a:sx n="125" d="100"/><a:sy n="125" d="100"/></p:scale><p:origin x="0" y="-5946"/></p:cViewPr></p:sorterViewPr><p:gridSpacing cx="72008" cy="72008"/></p:viewPr>