<?xml version="1.0" encoding="UTF-8" standalone="yes"?>
<p:sld xmlns:a="http://schemas.openxmlformats.org/drawingml/2006/main" xmlns:r="http://schemas.openxmlformats.org/officeDocument/2006/relationships" xmlns:p="http://schemas.openxmlformats.org/presentationml/2006/main"><p:cSld><p:spTree><p:nvGrpSpPr><p:cNvPr id="1" name=""/><p:cNvGrpSpPr/><p:nvPr/></p:nvGrpSpPr><p:grpSpPr><a:xfrm><a:off x="0" y="0"/><a:ext cx="0" cy="0"/><a:chOff x="0" y="0"/><a:chExt cx="0" cy="0"/></a:xfrm></p:grpSpPr><p:sp><p:nvSpPr><p:cNvPr id="304" name="Numbered list"/><p:cNvSpPr txBox="1"/><p:nvPr/></p:nvSpPr><p:spPr><a:xfrm><a:off x="2394564" y="1242277"/><a:ext cx="20694036" cy="1333698"/></a:xfrm><a:prstGeom prst="rect"><a:avLst/></a:prstGeom><a:ln w="12700"><a:miter lim="400000"/></a:ln><a:extLst><a:ext uri="{C572A759-6A51-4108-AA02-DFA0A04FC94B}"><ma14:wrappingTextBoxFlag xmlns:ma14="http://schemas.microsoft.com/office/mac/drawingml/2011/main" xmlns:a14="http://schemas.microsoft.com/office/drawing/2010/main" xmlns:m="http://schemas.openxmlformats.org/officeDocument/2006/math" xmlns="" val="1"/></a:ext></a:extLst></p:spPr><p:txBody><a:bodyPr wrap="square" lIns="50800" tIns="50800" rIns="50800" bIns="50800" anchor="ctr"><a:spAutoFit/></a:bodyPr><a:lstStyle><a:lvl1pPr algn="l"><a:defRPr sz="8000" b="0"><a:solidFill><a:srgbClr val="31333D"/></a:solidFill><a:latin typeface="Maven Pro Medium"/><a:ea typeface="Maven Pro Medium"/><a:cs typeface="Maven Pro Medium"/><a:sym typeface="Maven Pro Medium"/></a:defRPr></a:lvl1pPr></a:lstStyle><a:p><a:r><a:rPr lang="ru-RU" dirty="0"><a:latin typeface="Montserrat ExtraBold" panose="00000900000000000000" pitchFamily="2" charset="-52"/></a:rPr><a:t>Цели проектной деятельности</a:t></a:r><a:endParaRPr lang="en-US" dirty="0"><a:latin typeface="Montserrat ExtraBold" panose="00000900000000000000" pitchFamily="2" charset="-52"/></a:endParaRPr></a:p></p:txBody></p:sp><p:sp><p:nvSpPr><p:cNvPr id="305" name="Фигура"/><p:cNvSpPr/><p:nvPr/></p:nvSpPr><p:spPr><a:xfrm><a:off x="2476369" y="3088048"/><a:ext cx="1576918" cy="560673"/></a:xfrm><a:custGeom><a:avLst/><a:gdLst/><a:ahLst/><a:cxnLst><a:cxn ang="0"><a:pos x="wd2" y="hd2"/></a:cxn><a:cxn ang="5400000"><a:pos x="wd2" y="hd2"/></a:cxn><a:cxn ang="10800000"><a:pos x="wd2" y="hd2"/></a:cxn><a:cxn ang="16200000"><a:pos x="wd2" y="hd2"/></a:cxn></a:cxnLst><a:rect l="0" t="0" r="r" b="b"/><a:pathLst><a:path w="21380" h="21310" extrusionOk="0"><a:moveTo><a:pt x="10829" y="4"/></a:moveTo><a:cubicBezTo><a:pt x="8668" y="-147"/><a:pt x="6864" y="4633"/><a:pt x="6858" y="10653"/></a:cubicBezTo><a:cubicBezTo><a:pt x="6852" y="16420"/><a:pt x="8513" y="21087"/><a:pt x="10581" y="21303"/></a:cubicBezTo><a:cubicBezTo><a:pt x="12027" y="21453"/><a:pt x="13378" y="19280"/><a:pt x="14063" y="15706"/></a:cubicBezTo><a:cubicBezTo><a:pt x="14350" y="14244"/><a:pt x="14842" y="13182"/><a:pt x="15419" y="12765"/></a:cubicBezTo><a:cubicBezTo><a:pt x="16212" y="12191"/><a:pt x="17052" y="12890"/><a:pt x="17603" y="14590"/></a:cubicBezTo><a:cubicBezTo><a:pt x="18900" y="18813"/><a:pt x="21371" y="16270"/><a:pt x="21381" y="10698"/></a:cubicBezTo><a:cubicBezTo><a:pt x="21390" y="5071"/><a:pt x="18891" y="2453"/><a:pt x="17587" y="6731"/></a:cubicBezTo><a:cubicBezTo><a:pt x="17150" y="8044"/><a:pt x="16527" y="8760"/><a:pt x="15887" y="8692"/></a:cubicBezTo><a:cubicBezTo><a:pt x="15103" y="8610"/><a:pt x="14394" y="7388"/><a:pt x="14014" y="5464"/></a:cubicBezTo><a:cubicBezTo><a:pt x="13376" y="2181"/><a:pt x="12162" y="97"/><a:pt x="10829" y="4"/></a:cubicBezTo><a:close/><a:moveTo><a:pt x="2155" y="4559"/></a:moveTo><a:cubicBezTo><a:pt x="1603" y="4559"/><a:pt x="1053" y="5159"/><a:pt x="632" y="6339"/></a:cubicBezTo><a:cubicBezTo><a:pt x="-210" y="8699"/><a:pt x="-210" y="12517"/><a:pt x="632" y="14877"/></a:cubicBezTo><a:cubicBezTo><a:pt x="1474" y="17237"/><a:pt x="2836" y="17237"/><a:pt x="3677" y="14877"/></a:cubicBezTo><a:cubicBezTo><a:pt x="4519" y="12517"/><a:pt x="4519" y="8699"/><a:pt x="3677" y="6339"/></a:cubicBezTo><a:cubicBezTo><a:pt x="3257" y="5159"/><a:pt x="2706" y="4559"/><a:pt x="2155" y="4559"/></a:cubicBezTo><a:close/></a:path></a:pathLst></a:custGeom><a:gradFill><a:gsLst><a:gs pos="0"><a:schemeClr val="accent2"/></a:gs><a:gs pos="100000"><a:schemeClr val="accent1"/></a:gs></a:gsLst><a:lin ang="2015830"/></a:gradFill><a:ln w="12700"><a:miter lim="400000"/></a:ln></p:spPr><p:txBody><a:bodyPr lIns="0" tIns="0" rIns="0" bIns="0" anchor="ctr"/><a:lstStyle/><a:p><a:pPr><a:defRPr sz="3200" b="0"><a:solidFill><a:srgbClr val="FFFFFF"/></a:solidFill><a:latin typeface="+mn-lt"/><a:ea typeface="+mn-ea"/><a:cs typeface="+mn-cs"/><a:sym typeface="Helvetica Neue Medium"/></a:defRPr></a:pPr><a:endParaRPr/></a:p></p:txBody></p:sp><p:sp><p:nvSpPr><p:cNvPr id="306" name="Lorem ipsum dolor sit amet, consectetur adipiscing elit, sed do eiusmod tempor incididunt ut labore et dolore magna aliqua. Ut enim ad minim veniam, quis nostrud"/><p:cNvSpPr txBox="1"/><p:nvPr/></p:nvSpPr><p:spPr><a:xfrm><a:off x="3314969" y="5622028"/><a:ext cx="8659337" cy="1025217"/></a:xfrm><a:prstGeom prst="rect"><a:avLst/></a:prstGeom><a:noFill/><a:ln w="12700" cap="flat"><a:noFill/><a:miter lim="400000"/></a:ln><a:effectLst/><a:extLst><a:ext uri="{C572A759-6A51-4108-AA02-DFA0A04FC94B}"><ma14:wrappingTextBoxFlag xmlns:ma14="http://schemas.microsoft.com/office/mac/drawingml/2011/main" xmlns:a14="http://schemas.microsoft.com/office/drawing/2010/main" xmlns:m="http://schemas.openxmlformats.org/officeDocument/2006/math" xmlns="" val="1"/></a:ext></a:extLst></p:spPr><p:txBody><a:bodyPr wrap="square" lIns="50800" tIns="50800" rIns="50800" bIns="50800" numCol="1" anchor="t"><a:spAutoFit/></a:bodyPr><a:lstStyle><a:lvl1pPr algn="l"><a:lnSpc><a:spcPct val="120000"/></a:lnSpc><a:spcBef><a:spcPts val="2000"/></a:spcBef><a:defRPr sz="2600" b="0"><a:solidFill><a:srgbClr val="646979"/></a:solidFill><a:latin typeface="Open Sans"/><a:ea typeface="Open Sans"/><a:cs typeface="Open Sans"/><a:sym typeface="Open Sans"/></a:defRPr></a:lvl1pPr></a:lstStyle><a:p><a:r><a:rPr lang="ru-RU" dirty="0"><a:latin typeface="Montserrat" panose="00000500000000000000" pitchFamily="2" charset="-52"/></a:rPr><a:t>творческих способностей и логического мышления; </a:t></a:r><a:endParaRPr lang="en-US" dirty="0"><a:latin typeface="Montserrat" panose="00000500000000000000" pitchFamily="2" charset="-52"/></a:endParaRPr></a:p></p:txBody></p:sp><p:sp><p:nvSpPr><p:cNvPr id="307" name="Кружок"/><p:cNvSpPr/><p:nvPr/></p:nvSpPr><p:spPr><a:xfrm><a:off x="2430164" y="4839091"/><a:ext cx="626073" cy="626074"/></a:xfrm><a:prstGeom prst="ellipse"><a:avLst/></a:prstGeom><a:gradFill flip="none" rotWithShape="1"><a:gsLst><a:gs pos="0"><a:schemeClr val="accent2"/></a:gs><a:gs pos="100000"><a:schemeClr val="accent1"/></a:gs></a:gsLst><a:lin ang="3403977" scaled="0"/></a:gradFill><a:ln w="12700" cap="flat"><a:noFill/><a:miter lim="400000"/></a:ln><a:effectLst/></p:spPr><p:txBody><a:bodyPr wrap="square" lIns="0" tIns="0" rIns="0" bIns="0" numCol="1" anchor="ctr"><a:noAutofit/></a:bodyPr><a:lstStyle/><a:p><a:pPr><a:defRPr sz="3200" b="0"><a:solidFill><a:srgbClr val="FFFFFF"/></a:solidFill><a:latin typeface="+mn-lt"/><a:ea typeface="+mn-ea"/><a:cs typeface="+mn-cs"/><a:sym typeface="Helvetica Neue Medium"/></a:defRPr></a:pPr><a:endParaRPr/></a:p></p:txBody></p:sp><p:sp><p:nvSpPr><p:cNvPr id="308" name="1"/><p:cNvSpPr txBox="1"/><p:nvPr/></p:nvSpPr><p:spPr><a:xfrm><a:off x="2421787" y="4875377"/><a:ext cx="642827" cy="502702"/></a:xfrm><a:prstGeom prst="rect"><a:avLst/></a:prstGeom><a:noFill/><a:ln w="12700" cap="flat"><a:noFill/><a:miter lim="400000"/></a:ln><a:effectLst/><a:extLst><a:ext uri="{C572A759-6A51-4108-AA02-DFA0A04FC94B}"><ma14:wrappingTextBoxFlag xmlns:ma14="http://schemas.microsoft.com/office/mac/drawingml/2011/main" xmlns:a14="http://schemas.microsoft.com/office/drawing/2010/main" xmlns:m="http://schemas.openxmlformats.org/officeDocument/2006/math" xmlns="" val="1"/></a:ext></a:extLst></p:spPr><p:txBody><a:bodyPr wrap="square" lIns="50800" tIns="50800" rIns="50800" bIns="50800" numCol="1" anchor="ctr"><a:spAutoFit/></a:bodyPr><a:lstStyle><a:lvl1pPr><a:defRPr sz="2600" b="0" cap="all"><a:solidFill><a:srgbClr val="FFFFFF"/></a:solidFill><a:latin typeface="Maven Pro Medium"/><a:ea typeface="Maven Pro Medium"/><a:cs typeface="Maven Pro Medium"/><a:sym typeface="Maven Pro Medium"/></a:defRPr></a:lvl1pPr></a:lstStyle><a:p><a:r><a:rPr dirty="0"><a:latin typeface="Montserrat ExtraBold" panose="00000900000000000000" pitchFamily="2" charset="-52"/></a:rPr><a:t>1</a:t></a:r></a:p></p:txBody></p:sp><p:sp><p:nvSpPr><p:cNvPr id="310" name="Subtitle text about project"/><p:cNvSpPr txBox="1"/><p:nvPr/></p:nvSpPr><p:spPr><a:xfrm><a:off x="3303706" y="4780354"/><a:ext cx="7591189" cy="718145"/></a:xfrm><a:prstGeom prst="rect"><a:avLst/></a:prstGeom><a:noFill/><a:ln w="12700" cap="flat"><a:noFill/><a:miter lim="400000"/></a:ln><a:effectLst/><a:extLst><a:ext uri="{C572A759-6A51-4108-AA02-DFA0A04FC94B}"><ma14:wrappingTextBoxFlag xmlns:ma14="http://schemas.microsoft.com/office/mac/drawingml/2011/main" xmlns:a14="http://schemas.microsoft.com/office/drawing/2010/main" xmlns:m="http://schemas.openxmlformats.org/officeDocument/2006/math" xmlns="" val="1"/></a:ext></a:extLst></p:spPr><p:txBody><a:bodyPr wrap="square" lIns="50800" tIns="50800" rIns="50800" bIns="50800" numCol="1" anchor="ctr"><a:spAutoFit/></a:bodyPr><a:lstStyle><a:lvl1pPr algn="l"><a:defRPr sz="4000" b="0"><a:solidFill><a:srgbClr val="31333D"/></a:solidFill><a:latin typeface="Maven Pro Medium"/><a:ea typeface="Maven Pro Medium"/><a:cs typeface="Maven Pro Medium"/><a:sym typeface="Maven Pro Medium"/></a:defRPr></a:lvl1pPr></a:lstStyle><a:p><a:r><a:rPr lang="ru-RU" dirty="0"><a:latin typeface="Montserrat ExtraBold" panose="00000900000000000000" pitchFamily="2" charset="-52"/></a:rPr><a:t>Способствует развитию </a:t></a:r><a:endParaRPr lang="en-US" dirty="0"><a:latin typeface="Montserrat ExtraBold" panose="00000900000000000000" pitchFamily="2" charset="-52"/></a:endParaRPr></a:p></p:txBody></p:sp><p:sp><p:nvSpPr><p:cNvPr id="312" name="Lorem ipsum dolor sit amet, consectetur adipiscing elit, sed do eiusmod tempor incididunt ut labore et dolore magna aliqua. Ut enim ad minim veniam, quis nostrud"/><p:cNvSpPr txBox="1"/><p:nvPr/></p:nvSpPr><p:spPr><a:xfrm><a:off x="3314969" y="8341031"/><a:ext cx="8659337" cy="545086"/></a:xfrm><a:prstGeom prst="rect"><a:avLst/></a:prstGeom><a:noFill/><a:ln w="12700" cap="flat"><a:noFill/><a:miter lim="400000"/></a:ln><a:effectLst/><a:extLst><a:ext uri="{C572A759-6A51-4108-AA02-DFA0A04FC94B}"><ma14:wrappingTextBoxFlag xmlns:ma14="http://schemas.microsoft.com/office/mac/drawingml/2011/main" xmlns:a14="http://schemas.microsoft.com/office/drawing/2010/main" xmlns:m="http://schemas.openxmlformats.org/officeDocument/2006/math" xmlns="" val="1"/></a:ext></a:extLst></p:spPr><p:txBody><a:bodyPr wrap="square" lIns="50800" tIns="50800" rIns="50800" bIns="50800" numCol="1" anchor="t"><a:spAutoFit/></a:bodyPr><a:lstStyle><a:lvl1pPr algn="l"><a:lnSpc><a:spcPct val="120000"/></a:lnSpc><a:spcBef><a:spcPts val="2000"/></a:spcBef><a:defRPr sz="2600" b="0"><a:solidFill><a:srgbClr val="646979"/></a:solidFill><a:latin typeface="Open Sans"/><a:ea typeface="Open Sans"/><a:cs typeface="Open Sans"/><a:sym typeface="Open Sans"/></a:defRPr></a:lvl1pPr></a:lstStyle><a:p><a:r><a:rPr lang="ru-RU" dirty="0"><a:latin typeface="Montserrat" panose="00000500000000000000" pitchFamily="2" charset="-52"/></a:rPr><a:t>конкретным жизненно важным проблемам; </a:t></a:r><a:endParaRPr lang="en-US" dirty="0"><a:latin typeface="Montserrat" panose="00000500000000000000" pitchFamily="2" charset="-52"/></a:endParaRPr></a:p></p:txBody></p:sp><p:sp><p:nvSpPr><p:cNvPr id="313" name="Кружок"/><p:cNvSpPr/><p:nvPr/></p:nvSpPr><p:spPr><a:xfrm><a:off x="2430164" y="7558094"/><a:ext cx="626073" cy="626074"/></a:xfrm><a:prstGeom prst="ellipse"><a:avLst/></a:prstGeom><a:gradFill flip="none" rotWithShape="1"><a:gsLst><a:gs pos="0"><a:schemeClr val="accent2"/></a:gs><a:gs pos="100000"><a:schemeClr val="accent1"/></a:gs></a:gsLst><a:lin ang="3403977" scaled="0"/></a:gradFill><a:ln w="12700" cap="flat"><a:noFill/><a:miter lim="400000"/></a:ln><a:effectLst/></p:spPr><p:txBody><a:bodyPr wrap="square" lIns="0" tIns="0" rIns="0" bIns="0" numCol="1" anchor="ctr"><a:noAutofit/></a:bodyPr><a:lstStyle/><a:p><a:pPr><a:defRPr sz="3200" b="0"><a:solidFill><a:srgbClr val="FFFFFF"/></a:solidFill><a:latin typeface="+mn-lt"/><a:ea typeface="+mn-ea"/><a:cs typeface="+mn-cs"/><a:sym typeface="Helvetica Neue Medium"/></a:defRPr></a:pPr><a:endParaRPr/></a:p></p:txBody></p:sp><p:sp><p:nvSpPr><p:cNvPr id="314" name="2"/><p:cNvSpPr txBox="1"/><p:nvPr/></p:nvSpPr><p:spPr><a:xfrm><a:off x="2421787" y="7594380"/><a:ext cx="642827" cy="502702"/></a:xfrm><a:prstGeom prst="rect"><a:avLst/></a:prstGeom><a:noFill/><a:ln w="12700" cap="flat"><a:noFill/><a:miter lim="400000"/></a:ln><a:effectLst/><a:extLst><a:ext uri="{C572A759-6A51-4108-AA02-DFA0A04FC94B}"><ma14:wrappingTextBoxFlag xmlns:ma14="http://schemas.microsoft.com/office/mac/drawingml/2011/main" xmlns:a14="http://schemas.microsoft.com/office/drawing/2010/main" xmlns:m="http://schemas.openxmlformats.org/officeDocument/2006/math" xmlns="" val="1"/></a:ext></a:extLst></p:spPr><p:txBody><a:bodyPr wrap="square" lIns="50800" tIns="50800" rIns="50800" bIns="50800" numCol="1" anchor="ctr"><a:spAutoFit/></a:bodyPr><a:lstStyle><a:lvl1pPr><a:defRPr sz="2600" b="0" cap="all"><a:solidFill><a:srgbClr val="FFFFFF"/></a:solidFill><a:latin typeface="Maven Pro Medium"/><a:ea typeface="Maven Pro Medium"/><a:cs typeface="Maven Pro Medium"/><a:sym typeface="Maven Pro Medium"/></a:defRPr></a:lvl1pPr></a:lstStyle><a:p><a:r><a:rPr dirty="0"><a:latin typeface="Montserrat ExtraBold" panose="00000900000000000000" pitchFamily="2" charset="-52"/></a:rPr><a:t>2</a:t></a:r></a:p></p:txBody></p:sp><p:sp><p:nvSpPr><p:cNvPr id="316" name="Subtitle text about project"/><p:cNvSpPr txBox="1"/><p:nvPr/></p:nvSpPr><p:spPr><a:xfrm><a:off x="3303706" y="7499357"/><a:ext cx="6879179" cy="718145"/></a:xfrm><a:prstGeom prst="rect"><a:avLst/></a:prstGeom><a:noFill/><a:ln w="12700" cap="flat"><a:noFill/><a:miter lim="400000"/></a:ln><a:effectLst/><a:extLst><a:ext uri="{C572A759-6A51-4108-AA02-DFA0A04FC94B}"><ma14:wrappingTextBoxFlag xmlns:ma14="http://schemas.microsoft.com/office/mac/drawingml/2011/main" xmlns:a14="http://schemas.microsoft.com/office/drawing/2010/main" xmlns:m="http://schemas.openxmlformats.org/officeDocument/2006/math" xmlns="" val="1"/></a:ext></a:extLst></p:spPr><p:txBody><a:bodyPr wrap="square" lIns="50800" tIns="50800" rIns="50800" bIns="50800" numCol="1" anchor="ctr"><a:spAutoFit/></a:bodyPr><a:lstStyle><a:lvl1pPr algn="l"><a:defRPr sz="4000" b="0"><a:solidFill><a:srgbClr val="31333D"/></a:solidFill><a:latin typeface="Maven Pro Medium"/><a:ea typeface="Maven Pro Medium"/><a:cs typeface="Maven Pro Medium"/><a:sym typeface="Maven Pro Medium"/></a:defRPr></a:lvl1pPr></a:lstStyle><a:p><a:r><a:rPr lang="ru-RU" dirty="0"><a:latin typeface="Montserrat ExtraBold" panose="00000900000000000000" pitchFamily="2" charset="-52"/></a:rPr><a:t>Приобщает к </a:t></a:r><a:endParaRPr lang="en-US" dirty="0"><a:latin typeface="Montserrat ExtraBold" panose="00000900000000000000" pitchFamily="2" charset="-52"/></a:endParaRPr></a:p></p:txBody></p:sp><p:sp><p:nvSpPr><p:cNvPr id="318" name="Lorem ipsum dolor sit amet, consectetur adipiscing elit, sed do eiusmod tempor incididunt ut labore et dolore magna aliqua. Ut enim ad minim veniam, quis nostrud"/><p:cNvSpPr txBox="1"/><p:nvPr/></p:nvSpPr><p:spPr><a:xfrm><a:off x="13500369" y="5622028"/><a:ext cx="8659337" cy="545086"/></a:xfrm><a:prstGeom prst="rect"><a:avLst/></a:prstGeom><a:noFill/><a:ln w="12700" cap="flat"><a:noFill/><a:miter lim="400000"/></a:ln><a:effectLst/><a:extLst><a:ext uri="{C572A759-6A51-4108-AA02-DFA0A04FC94B}"><ma14:wrappingTextBoxFlag xmlns:ma14="http://schemas.microsoft.com/office/mac/drawingml/2011/main" xmlns:a14="http://schemas.microsoft.com/office/drawing/2010/main" xmlns:m="http://schemas.openxmlformats.org/officeDocument/2006/math" xmlns="" val="1"/></a:ext></a:extLst></p:spPr><p:txBody><a:bodyPr wrap="square" lIns="50800" tIns="50800" rIns="50800" bIns="50800" numCol="1" anchor="t"><a:spAutoFit/></a:bodyPr><a:lstStyle><a:lvl1pPr algn="l"><a:lnSpc><a:spcPct val="120000"/></a:lnSpc><a:spcBef><a:spcPts val="2000"/></a:spcBef><a:defRPr sz="2600" b="0"><a:solidFill><a:srgbClr val="646979"/></a:solidFill><a:latin typeface="Open Sans"/><a:ea typeface="Open Sans"/><a:cs typeface="Open Sans"/><a:sym typeface="Open Sans"/></a:defRPr></a:lvl1pPr></a:lstStyle><a:p><a:r><a:rPr lang="ru-RU" dirty="0"><a:latin typeface="Montserrat" panose="00000500000000000000" pitchFamily="2" charset="-52"/></a:rPr><a:t>полученные в ходе учебного процесса, </a:t></a:r><a:endParaRPr lang="en-US" dirty="0"><a:latin typeface="Montserrat" panose="00000500000000000000" pitchFamily="2" charset="-52"/></a:endParaRPr></a:p></p:txBody></p:sp><p:sp><p:nvSpPr><p:cNvPr id="319" name="Кружок"/><p:cNvSpPr/><p:nvPr/></p:nvSpPr><p:spPr><a:xfrm><a:off x="12615564" y="4839091"/><a:ext cx="626073" cy="626074"/></a:xfrm><a:prstGeom prst="ellipse"><a:avLst/></a:prstGeom><a:gradFill flip="none" rotWithShape="1"><a:gsLst><a:gs pos="0"><a:schemeClr val="accent2"/></a:gs><a:gs pos="100000"><a:schemeClr val="accent1"/></a:gs></a:gsLst><a:lin ang="3403977" scaled="0"/></a:gradFill><a:ln w="12700" cap="flat"><a:noFill/><a:miter lim="400000"/></a:ln><a:effectLst/></p:spPr><p:txBody><a:bodyPr wrap="square" lIns="0" tIns="0" rIns="0" bIns="0" numCol="1" anchor="ctr"><a:noAutofit/></a:bodyPr><a:lstStyle/><a:p><a:pPr><a:defRPr sz="3200" b="0"><a:solidFill><a:srgbClr val="FFFFFF"/></a:solidFill><a:latin typeface="+mn-lt"/><a:ea typeface="+mn-ea"/><a:cs typeface="+mn-cs"/><a:sym typeface="Helvetica Neue Medium"/></a:defRPr></a:pPr><a:endParaRPr/></a:p></p:txBody></p:sp><p:sp><p:nvSpPr><p:cNvPr id="320" name="3"/><p:cNvSpPr txBox="1"/><p:nvPr/></p:nvSpPr><p:spPr><a:xfrm><a:off x="12607187" y="4875377"/><a:ext cx="642827" cy="502702"/></a:xfrm><a:prstGeom prst="rect"><a:avLst/></a:prstGeom><a:noFill/><a:ln w="12700" cap="flat"><a:noFill/><a:miter lim="400000"/></a:ln><a:effectLst/><a:extLst><a:ext uri="{C572A759-6A51-4108-AA02-DFA0A04FC94B}"><ma14:wrappingTextBoxFlag xmlns:ma14="http://schemas.microsoft.com/office/mac/drawingml/2011/main" xmlns:a14="http://schemas.microsoft.com/office/drawing/2010/main" xmlns:m="http://schemas.openxmlformats.org/officeDocument/2006/math" xmlns="" val="1"/></a:ext></a:extLst></p:spPr><p:txBody><a:bodyPr wrap="square" lIns="50800" tIns="50800" rIns="50800" bIns="50800" numCol="1" anchor="ctr"><a:spAutoFit/></a:bodyPr><a:lstStyle><a:lvl1pPr><a:defRPr sz="2600" b="0" cap="all"><a:solidFill><a:srgbClr val="FFFFFF"/></a:solidFill><a:latin typeface="Maven Pro Medium"/><a:ea typeface="Maven Pro Medium"/><a:cs typeface="Maven Pro Medium"/><a:sym typeface="Maven Pro Medium"/></a:defRPr></a:lvl1pPr></a:lstStyle><a:p><a:r><a:rPr dirty="0"><a:latin typeface="Montserrat ExtraBold" panose="00000900000000000000" pitchFamily="2" charset="-52"/></a:rPr><a:t>3</a:t></a:r></a:p></p:txBody></p:sp><p:sp><p:nvSpPr><p:cNvPr id="322" name="Subtitle text about project"/><p:cNvSpPr txBox="1"/><p:nvPr/></p:nvSpPr><p:spPr><a:xfrm><a:off x="13489106" y="4780354"/><a:ext cx="6879179" cy="718145"/></a:xfrm><a:prstGeom prst="rect"><a:avLst/></a:prstGeom><a:noFill/><a:ln w="12700" cap="flat"><a:noFill/><a:miter lim="400000"/></a:ln><a:effectLst/><a:extLst><a:ext uri="{C572A759-6A51-4108-AA02-DFA0A04FC94B}"><ma14:wrappingTextBoxFlag xmlns:ma14="http://schemas.microsoft.com/office/mac/drawingml/2011/main" xmlns:a14="http://schemas.microsoft.com/office/drawing/2010/main" xmlns:m="http://schemas.openxmlformats.org/officeDocument/2006/math" xmlns="" val="1"/></a:ext></a:extLst></p:spPr><p:txBody><a:bodyPr wrap="square" lIns="50800" tIns="50800" rIns="50800" bIns="50800" numCol="1" anchor="ctr"><a:spAutoFit/></a:bodyPr><a:lstStyle><a:lvl1pPr algn="l"><a:defRPr sz="4000" b="0"><a:solidFill><a:srgbClr val="31333D"/></a:solidFill><a:latin typeface="Maven Pro Medium"/><a:ea typeface="Maven Pro Medium"/><a:cs typeface="Maven Pro Medium"/><a:sym typeface="Maven Pro Medium"/></a:defRPr></a:lvl1pPr></a:lstStyle><a:p><a:r><a:rPr lang="ru-RU" dirty="0"><a:latin typeface="Montserrat ExtraBold" panose="00000900000000000000" pitchFamily="2" charset="-52"/></a:rPr><a:t>Объединяет знания </a:t></a:r><a:endParaRPr lang="en-US" dirty="0"><a:latin typeface="Montserrat ExtraBold" panose="00000900000000000000" pitchFamily="2" charset="-52"/></a:endParaRPr></a:p></p:txBody></p:sp><p:sp><p:nvSpPr><p:cNvPr id="324" name="Lorem ipsum dolor sit amet, consectetur adipiscing elit, sed do eiusmod tempor incididunt ut labore et dolore magna aliqua. Ut enim ad minim veniam, quis nostrud"/><p:cNvSpPr txBox="1"/><p:nvPr/></p:nvSpPr><p:spPr><a:xfrm><a:off x="13500369" y="8341031"/><a:ext cx="9588231" cy="1505348"/></a:xfrm><a:prstGeom prst="rect"><a:avLst/></a:prstGeom><a:noFill/><a:ln w="12700" cap="flat"><a:noFill/><a:miter lim="400000"/></a:ln><a:effectLst/><a:extLst><a:ext uri="{C572A759-6A51-4108-AA02-DFA0A04FC94B}"><ma14:wrappingTextBoxFlag xmlns:ma14="http://schemas.microsoft.com/office/mac/drawingml/2011/main" xmlns:a14="http://schemas.microsoft.com/office/drawing/2010/main" xmlns:m="http://schemas.openxmlformats.org/officeDocument/2006/math" xmlns="" val="1"/></a:ext></a:extLst></p:spPr><p:txBody><a:bodyPr wrap="square" lIns="50800" tIns="50800" rIns="50800" bIns="50800" numCol="1" anchor="t"><a:spAutoFit/></a:bodyPr><a:lstStyle><a:lvl1pPr algn="l"><a:lnSpc><a:spcPct val="120000"/></a:lnSpc><a:spcBef><a:spcPts val="2000"/></a:spcBef><a:defRPr sz="2600" b="0"><a:solidFill><a:srgbClr val="646979"/></a:solidFill><a:latin typeface="Open Sans"/><a:ea typeface="Open Sans"/><a:cs typeface="Open Sans"/><a:sym typeface="Open Sans"/></a:defRPr></a:lvl1pPr></a:lstStyle><a:p><a:r><a:rPr lang="ru-RU" dirty="0"><a:latin typeface="Montserrat" panose="00000500000000000000" pitchFamily="2" charset="-52"/></a:rPr><a:t>Самостоятельно ставить учебные цели, проектировать пути их реализации, самостоятельно добывать необходимую информацию; </a:t></a:r><a:endParaRPr lang="en-US" dirty="0"><a:latin typeface="Montserrat" panose="00000500000000000000" pitchFamily="2" charset="-52"/></a:endParaRPr></a:p></p:txBody></p:sp><p:sp><p:nvSpPr><p:cNvPr id="325" name="Кружок"/><p:cNvSpPr/><p:nvPr/></p:nvSpPr><p:spPr><a:xfrm><a:off x="12615564" y="7558094"/><a:ext cx="626073" cy="626074"/></a:xfrm><a:prstGeom prst="ellipse"><a:avLst/></a:prstGeom><a:gradFill flip="none" rotWithShape="1"><a:gsLst><a:gs pos="0"><a:schemeClr val="accent2"/></a:gs><a:gs pos="100000"><a:schemeClr val="accent1"/></a:gs></a:gsLst><a:lin ang="3403977" scaled="0"/></a:gradFill><a:ln w="12700" cap="flat"><a:noFill/><a:miter lim="400000"/></a:ln><a:effectLst/></p:spPr><p:txBody><a:bodyPr wrap="square" lIns="0" tIns="0" rIns="0" bIns="0" numCol="1" anchor="ctr"><a:noAutofit/></a:bodyPr><a:lstStyle/><a:p><a:pPr><a:defRPr sz="3200" b="0"><a:solidFill><a:srgbClr val="FFFFFF"/></a:solidFill><a:latin typeface="+mn-lt"/><a:ea typeface="+mn-ea"/><a:cs typeface="+mn-cs"/><a:sym typeface="Helvetica Neue Medium"/></a:defRPr></a:pPr><a:endParaRPr/></a:p></p:txBody></p:sp><p:sp><p:nvSpPr><p:cNvPr id="326" name="4"/><p:cNvSpPr txBox="1"/><p:nvPr/></p:nvSpPr><p:spPr><a:xfrm><a:off x="12607187" y="7594380"/><a:ext cx="642827" cy="502702"/></a:xfrm><a:prstGeom prst="rect"><a:avLst/></a:prstGeom><a:noFill/><a:ln w="12700" cap="flat"><a:noFill/><a:miter lim="400000"/></a:ln><a:effectLst/><a:extLst><a:ext uri="{C572A759-6A51-4108-AA02-DFA0A04FC94B}"><ma14:wrappingTextBoxFlag xmlns:ma14="http://schemas.microsoft.com/office/mac/drawingml/2011/main" xmlns:a14="http://schemas.microsoft.com/office/drawing/2010/main" xmlns:m="http://schemas.openxmlformats.org/officeDocument/2006/math" xmlns="" val="1"/></a:ext></a:extLst></p:spPr><p:txBody><a:bodyPr wrap="square" lIns="50800" tIns="50800" rIns="50800" bIns="50800" numCol="1" anchor="ctr"><a:spAutoFit/></a:bodyPr><a:lstStyle><a:lvl1pPr><a:defRPr sz="2600" b="0" cap="all"><a:solidFill><a:srgbClr val="FFFFFF"/></a:solidFill><a:latin typeface="Maven Pro Medium"/><a:ea typeface="Maven Pro Medium"/><a:cs typeface="Maven Pro Medium"/><a:sym typeface="Maven Pro Medium"/></a:defRPr></a:lvl1pPr></a:lstStyle><a:p><a:r><a:rPr dirty="0"><a:latin typeface="Montserrat ExtraBold" panose="00000900000000000000" pitchFamily="2" charset="-52"/></a:rPr><a:t>4</a:t></a:r></a:p></p:txBody></p:sp><p:sp><p:nvSpPr><p:cNvPr id="328" name="Subtitle text about project"/><p:cNvSpPr txBox="1"/><p:nvPr/></p:nvSpPr><p:spPr><a:xfrm><a:off x="13489106" y="7499357"/><a:ext cx="6879179" cy="718145"/></a:xfrm><a:prstGeom prst="rect"><a:avLst/></a:prstGeom><a:noFill/><a:ln w="12700" cap="flat"><a:noFill/><a:miter lim="400000"/></a:ln><a:effectLst/><a:extLst><a:ext uri="{C572A759-6A51-4108-AA02-DFA0A04FC94B}"><ma14:wrappingTextBoxFlag xmlns:ma14="http://schemas.microsoft.com/office/mac/drawingml/2011/main" xmlns:a14="http://schemas.microsoft.com/office/drawing/2010/main" xmlns:m="http://schemas.openxmlformats.org/officeDocument/2006/math" xmlns="" val="1"/></a:ext></a:extLst></p:spPr><p:txBody><a:bodyPr wrap="square" lIns="50800" tIns="50800" rIns="50800" bIns="50800" numCol="1" anchor="ctr"><a:spAutoFit/></a:bodyPr><a:lstStyle><a:lvl1pPr algn="l"><a:defRPr sz="4000" b="0"><a:solidFill><a:srgbClr val="31333D"/></a:solidFill><a:latin typeface="Maven Pro Medium"/><a:ea typeface="Maven Pro Medium"/><a:cs typeface="Maven Pro Medium"/><a:sym typeface="Maven Pro Medium"/></a:defRPr></a:lvl1pPr></a:lstStyle><a:p><a:r><a:rPr lang="ru-RU" dirty="0"><a:latin typeface="Montserrat ExtraBold" panose="00000900000000000000" pitchFamily="2" charset="-52"/></a:rPr><a:t>Развивает способности </a:t></a:r><a:endParaRPr lang="en-US" dirty="0"><a:latin typeface="Montserrat ExtraBold" panose="00000900000000000000" pitchFamily="2" charset="-52"/></a:endParaRPr></a:p></p:txBody></p:sp><p:sp><p:nvSpPr><p:cNvPr id="21" name="Lorem ipsum dolor sit amet, consectetur adipiscing elit, sed do eiusmod tempor incididunt ut labore et dolore magna aliqua. Ut enim ad minim veniam, quis nostrud"><a:extLst><a:ext uri="{FF2B5EF4-FFF2-40B4-BE49-F238E27FC236}"><a16:creationId xmlns:a16="http://schemas.microsoft.com/office/drawing/2014/main" id="{058B8A1C-A08C-405C-A372-2AF1D9277F8F}"/></a:ext></a:extLst></p:cNvPr><p:cNvSpPr txBox="1"/><p:nvPr/></p:nvSpPr><p:spPr><a:xfrm><a:off x="3314969" y="11387084"/><a:ext cx="8659337" cy="545086"/></a:xfrm><a:prstGeom prst="rect"><a:avLst/></a:prstGeom><a:noFill/><a:ln w="12700" cap="flat"><a:noFill/><a:miter lim="400000"/></a:ln><a:effectLst/><a:extLst><a:ext uri="{C572A759-6A51-4108-AA02-DFA0A04FC94B}"><ma14:wrappingTextBoxFlag xmlns:ma14="http://schemas.microsoft.com/office/mac/drawingml/2011/main" xmlns:a14="http://schemas.microsoft.com/office/drawing/2010/main" xmlns:m="http://schemas.openxmlformats.org/officeDocument/2006/math" xmlns="" val="1"/></a:ext></a:extLst></p:spPr><p:txBody><a:bodyPr wrap="square" lIns="50800" tIns="50800" rIns="50800" bIns="50800" numCol="1" anchor="t"><a:spAutoFit/></a:bodyPr><a:lstStyle><a:lvl1pPr algn="l"><a:lnSpc><a:spcPct val="120000"/></a:lnSpc><a:spcBef><a:spcPts val="2000"/></a:spcBef><a:defRPr sz="2600" b="0"><a:solidFill><a:srgbClr val="646979"/></a:solidFill><a:latin typeface="Open Sans"/><a:ea typeface="Open Sans"/><a:cs typeface="Open Sans"/><a:sym typeface="Open Sans"/></a:defRPr></a:lvl1pPr></a:lstStyle><a:p><a:r><a:rPr lang="ru-RU" dirty="0"><a:latin typeface="Montserrat" panose="00000500000000000000" pitchFamily="2" charset="-52"/></a:rPr><a:t>и оценивать свои достижения; </a:t></a:r><a:endParaRPr lang="en-US" dirty="0"><a:latin typeface="Montserrat" panose="00000500000000000000" pitchFamily="2" charset="-52"/></a:endParaRPr></a:p></p:txBody></p:sp><p:sp><p:nvSpPr><p:cNvPr id="22" name="Кружок"><a:extLst><a:ext uri="{FF2B5EF4-FFF2-40B4-BE49-F238E27FC236}"><a16:creationId xmlns:a16="http://schemas.microsoft.com/office/drawing/2014/main" id="{039C9BC0-27D8-49AE-8238-2F734A9326EE}"/></a:ext></a:extLst></p:cNvPr><p:cNvSpPr/><p:nvPr/></p:nvSpPr><p:spPr><a:xfrm><a:off x="2430164" y="10604147"/><a:ext cx="626073" cy="626074"/></a:xfrm><a:prstGeom prst="ellipse"><a:avLst/></a:prstGeom><a:gradFill flip="none" rotWithShape="1"><a:gsLst><a:gs pos="0"><a:schemeClr val="accent2"/></a:gs><a:gs pos="100000"><a:schemeClr val="accent1"/></a:gs></a:gsLst><a:lin ang="3403977" scaled="0"/></a:gradFill><a:ln w="12700" cap="flat"><a:noFill/><a:miter lim="400000"/></a:ln><a:effectLst/></p:spPr><p:txBody><a:bodyPr wrap="square" lIns="0" tIns="0" rIns="0" bIns="0" numCol="1" anchor="ctr"><a:noAutofit/></a:bodyPr><a:lstStyle/><a:p><a:pPr><a:defRPr sz="3200" b="0"><a:solidFill><a:srgbClr val="FFFFFF"/></a:solidFill><a:latin typeface="+mn-lt"/><a:ea typeface="+mn-ea"/><a:cs typeface="+mn-cs"/><a:sym typeface="Helvetica Neue Medium"/></a:defRPr></a:pPr><a:endParaRPr/></a:p></p:txBody></p:sp><p:sp><p:nvSpPr><p:cNvPr id="23" name="2"><a:extLst><a:ext uri="{FF2B5EF4-FFF2-40B4-BE49-F238E27FC236}"><a16:creationId xmlns:a16="http://schemas.microsoft.com/office/drawing/2014/main" id="{A4812EF0-2FB1-4D7D-8C4C-5FE67CECF352}"/></a:ext></a:extLst></p:cNvPr><p:cNvSpPr txBox="1"/><p:nvPr/></p:nvSpPr><p:spPr><a:xfrm><a:off x="2421787" y="10640433"/><a:ext cx="642827" cy="502702"/></a:xfrm><a:prstGeom prst="rect"><a:avLst/></a:prstGeom><a:noFill/><a:ln w="12700" cap="flat"><a:noFill/><a:miter lim="400000"/></a:ln><a:effectLst/><a:extLst><a:ext uri="{C572A759-6A51-4108-AA02-DFA0A04FC94B}"><ma14:wrappingTextBoxFlag xmlns:ma14="http://schemas.microsoft.com/office/mac/drawingml/2011/main" xmlns:a14="http://schemas.microsoft.com/office/drawing/2010/main" xmlns:m="http://schemas.openxmlformats.org/officeDocument/2006/math" xmlns="" val="1"/></a:ext></a:extLst></p:spPr><p:txBody><a:bodyPr wrap="square" lIns="50800" tIns="50800" rIns="50800" bIns="50800" numCol="1" anchor="ctr"><a:spAutoFit/></a:bodyPr><a:lstStyle><a:lvl1pPr><a:defRPr sz="2600" b="0" cap="all"><a:solidFill><a:srgbClr val="FFFFFF"/></a:solidFill><a:latin typeface="Maven Pro Medium"/><a:ea typeface="Maven Pro Medium"/><a:cs typeface="Maven Pro Medium"/><a:sym typeface="Maven Pro Medium"/></a:defRPr></a:lvl1pPr></a:lstStyle><a:p><a:r><a:rPr lang="ru-RU" dirty="0"><a:latin typeface="Montserrat ExtraBold" panose="00000900000000000000" pitchFamily="2" charset="-52"/></a:rPr><a:t>5</a:t></a:r><a:endParaRPr dirty="0"><a:latin typeface="Montserrat ExtraBold" panose="00000900000000000000" pitchFamily="2" charset="-52"/></a:endParaRPr></a:p></p:txBody></p:sp><p:sp><p:nvSpPr><p:cNvPr id="24" name="Subtitle text about project"><a:extLst><a:ext uri="{FF2B5EF4-FFF2-40B4-BE49-F238E27FC236}"><a16:creationId xmlns:a16="http://schemas.microsoft.com/office/drawing/2014/main" id="{C0ACC8B9-9424-4251-8AA4-FC32BD152FB7}"/></a:ext></a:extLst></p:cNvPr><p:cNvSpPr txBox="1"/><p:nvPr/></p:nvSpPr><p:spPr><a:xfrm><a:off x="3303706" y="10545410"/><a:ext cx="6879179" cy="718145"/></a:xfrm><a:prstGeom prst="rect"><a:avLst/></a:prstGeom><a:noFill/><a:ln w="12700" cap="flat"><a:noFill/><a:miter lim="400000"/></a:ln><a:effectLst/><a:extLst><a:ext uri="{C572A759-6A51-4108-AA02-DFA0A04FC94B}"><ma14:wrappingTextBoxFlag xmlns:ma14="http://schemas.microsoft.com/office/mac/drawingml/2011/main" xmlns:a14="http://schemas.microsoft.com/office/drawing/2010/main" xmlns:m="http://schemas.openxmlformats.org/officeDocument/2006/math" xmlns="" val="1"/></a:ext></a:extLst></p:spPr><p:txBody><a:bodyPr wrap="square" lIns="50800" tIns="50800" rIns="50800" bIns="50800" numCol="1" anchor="ctr"><a:spAutoFit/></a:bodyPr><a:lstStyle><a:lvl1pPr algn="l"><a:defRPr sz="4000" b="0"><a:solidFill><a:srgbClr val="31333D"/></a:solidFill><a:latin typeface="Maven Pro Medium"/><a:ea typeface="Maven Pro Medium"/><a:cs typeface="Maven Pro Medium"/><a:sym typeface="Maven Pro Medium"/></a:defRPr></a:lvl1pPr></a:lstStyle><a:p><a:r><a:rPr lang="ru-RU" dirty="0"><a:latin typeface="Montserrat ExtraBold" panose="00000900000000000000" pitchFamily="2" charset="-52"/></a:rPr><a:t>Учит контролировать </a:t></a:r><a:endParaRPr lang="en-US" dirty="0"><a:latin typeface="Montserrat ExtraBold" panose="00000900000000000000" pitchFamily="2" charset="-52"/></a:endParaRPr></a:p></p:txBody></p:sp><p:sp><p:nvSpPr><p:cNvPr id="25" name="Lorem ipsum dolor sit amet, consectetur adipiscing elit, sed do eiusmod tempor incididunt ut labore et dolore magna aliqua. Ut enim ad minim veniam, quis nostrud"><a:extLst><a:ext uri="{FF2B5EF4-FFF2-40B4-BE49-F238E27FC236}"><a16:creationId xmlns:a16="http://schemas.microsoft.com/office/drawing/2014/main" id="{8CB289FF-EE33-4864-B8AE-2900046F7392}"/></a:ext></a:extLst></p:cNvPr><p:cNvSpPr txBox="1"/><p:nvPr/></p:nvSpPr><p:spPr><a:xfrm><a:off x="13500369" y="11387084"/><a:ext cx="9588231" cy="1025217"/></a:xfrm><a:prstGeom prst="rect"><a:avLst/></a:prstGeom><a:noFill/><a:ln w="12700" cap="flat"><a:noFill/><a:miter lim="400000"/></a:ln><a:effectLst/><a:extLst><a:ext uri="{C572A759-6A51-4108-AA02-DFA0A04FC94B}"><ma14:wrappingTextBoxFlag xmlns:ma14="http://schemas.microsoft.com/office/mac/drawingml/2011/main" xmlns:a14="http://schemas.microsoft.com/office/drawing/2010/main" xmlns:m="http://schemas.openxmlformats.org/officeDocument/2006/math" xmlns="" val="1"/></a:ext></a:extLst></p:spPr><p:txBody><a:bodyPr wrap="square" lIns="50800" tIns="50800" rIns="50800" bIns="50800" numCol="1" anchor="t"><a:spAutoFit/></a:bodyPr><a:lstStyle><a:lvl1pPr algn="l"><a:lnSpc><a:spcPct val="120000"/></a:lnSpc><a:spcBef><a:spcPts val="2000"/></a:spcBef><a:defRPr sz="2600" b="0"><a:solidFill><a:srgbClr val="646979"/></a:solidFill><a:latin typeface="Open Sans"/><a:ea typeface="Open Sans"/><a:cs typeface="Open Sans"/><a:sym typeface="Open Sans"/></a:defRPr></a:lvl1pPr></a:lstStyle><a:p><a:r><a:rPr lang="ru-RU" dirty="0"><a:latin typeface="Montserrat" panose="00000500000000000000" pitchFamily="2" charset="-52"/></a:rPr><a:t>учебное сотрудничество и совместную деятельность, работать индивидуально и в группе</a:t></a:r><a:endParaRPr lang="en-US" dirty="0"><a:latin typeface="Montserrat" panose="00000500000000000000" pitchFamily="2" charset="-52"/></a:endParaRPr></a:p></p:txBody></p:sp><p:sp><p:nvSpPr><p:cNvPr id="26" name="Кружок"><a:extLst><a:ext uri="{FF2B5EF4-FFF2-40B4-BE49-F238E27FC236}"><a16:creationId xmlns:a16="http://schemas.microsoft.com/office/drawing/2014/main" id="{58C20CE7-F080-4C29-BCAB-7E7E5FBA66D8}"/></a:ext></a:extLst></p:cNvPr><p:cNvSpPr/><p:nvPr/></p:nvSpPr><p:spPr><a:xfrm><a:off x="12615564" y="10604147"/><a:ext cx="626073" cy="626074"/></a:xfrm><a:prstGeom prst="ellipse"><a:avLst/></a:prstGeom><a:gradFill flip="none" rotWithShape="1"><a:gsLst><a:gs pos="0"><a:schemeClr val="accent2"/></a:gs><a:gs pos="100000"><a:schemeClr val="accent1"/></a:gs></a:gsLst><a:lin ang="3403977" scaled="0"/></a:gradFill><a:ln w="12700" cap="flat"><a:noFill/><a:miter lim="400000"/></a:ln><a:effectLst/></p:spPr><p:txBody><a:bodyPr wrap="square" lIns="0" tIns="0" rIns="0" bIns="0" numCol="1" anchor="ctr"><a:noAutofit/></a:bodyPr><a:lstStyle/><a:p><a:pPr><a:defRPr sz="3200" b="0"><a:solidFill><a:srgbClr val="FFFFFF"/></a:solidFill><a:latin typeface="+mn-lt"/><a:ea typeface="+mn-ea"/><a:cs typeface="+mn-cs"/><a:sym typeface="Helvetica Neue Medium"/></a:defRPr></a:pPr><a:endParaRPr/></a:p></p:txBody></p:sp><p:sp><p:nvSpPr><p:cNvPr id="27" name="4"><a:extLst><a:ext uri="{FF2B5EF4-FFF2-40B4-BE49-F238E27FC236}"><a16:creationId xmlns:a16="http://schemas.microsoft.com/office/drawing/2014/main" id="{71733153-DBF4-4258-A091-CFA3D12CB81C}"/></a:ext></a:extLst></p:cNvPr><p:cNvSpPr txBox="1"/><p:nvPr/></p:nvSpPr><p:spPr><a:xfrm><a:off x="12607187" y="10640433"/><a:ext cx="642827" cy="502702"/></a:xfrm><a:prstGeom prst="rect"><a:avLst/></a:prstGeom><a:noFill/><a:ln w="12700" cap="flat"><a:noFill/><a:miter lim="400000"/></a:ln><a:effectLst/><a:extLst><a:ext uri="{C572A759-6A51-4108-AA02-DFA0A04FC94B}"><ma14:wrappingTextBoxFlag xmlns:ma14="http://schemas.microsoft.com/office/mac/drawingml/2011/main" xmlns:a14="http://schemas.microsoft.com/office/drawing/2010/main" xmlns:m="http://schemas.openxmlformats.org/officeDocument/2006/math" xmlns="" val="1"/></a:ext></a:extLst></p:spPr><p:txBody><a:bodyPr wrap="square" lIns="50800" tIns="50800" rIns="50800" bIns="50800" numCol="1" anchor="ctr"><a:spAutoFit/></a:bodyPr><a:lstStyle><a:lvl1pPr><a:defRPr sz="2600" b="0" cap="all"><a:solidFill><a:srgbClr val="FFFFFF"/></a:solidFill><a:latin typeface="Maven Pro Medium"/><a:ea typeface="Maven Pro Medium"/><a:cs typeface="Maven Pro Medium"/><a:sym typeface="Maven Pro Medium"/></a:defRPr></a:lvl1pPr></a:lstStyle><a:p><a:r><a:rPr lang="ru-RU" dirty="0"><a:latin typeface="Montserrat ExtraBold" panose="00000900000000000000" pitchFamily="2" charset="-52"/></a:rPr><a:t>6</a:t></a:r><a:endParaRPr dirty="0"><a:latin typeface="Montserrat ExtraBold" panose="00000900000000000000" pitchFamily="2" charset="-52"/></a:endParaRPr></a:p></p:txBody></p:sp><p:sp><p:nvSpPr><p:cNvPr id="28" name="Subtitle text about project"><a:extLst><a:ext uri="{FF2B5EF4-FFF2-40B4-BE49-F238E27FC236}"><a16:creationId xmlns:a16="http://schemas.microsoft.com/office/drawing/2014/main" id="{1C514021-6693-4ECE-8AF1-2AACD2B656C0}"/></a:ext></a:extLst></p:cNvPr><p:cNvSpPr txBox="1"/><p:nvPr/></p:nvSpPr><p:spPr><a:xfrm><a:off x="13489106" y="10545410"/><a:ext cx="7789744" cy="718145"/></a:xfrm><a:prstGeom prst="rect"><a:avLst/></a:prstGeom><a:noFill/><a:ln w="12700" cap="flat"><a:noFill/><a:miter lim="400000"/></a:ln><a:effectLst/><a:extLst><a:ext uri="{C572A759-6A51-4108-AA02-DFA0A04FC94B}"><ma14:wrappingTextBoxFlag xmlns:ma14="http://schemas.microsoft.com/office/mac/drawingml/2011/main" xmlns:a14="http://schemas.microsoft.com/office/drawing/2010/main" xmlns:m="http://schemas.openxmlformats.org/officeDocument/2006/math" xmlns="" val="1"/></a:ext></a:extLst></p:spPr><p:txBody><a:bodyPr wrap="square" lIns="50800" tIns="50800" rIns="50800" bIns="50800" numCol="1" anchor="ctr"><a:spAutoFit/></a:bodyPr><a:lstStyle><a:lvl1pPr algn="l"><a:defRPr sz="4000" b="0"><a:solidFill><a:srgbClr val="31333D"/></a:solidFill><a:latin typeface="Maven Pro Medium"/><a:ea typeface="Maven Pro Medium"/><a:cs typeface="Maven Pro Medium"/><a:sym typeface="Maven Pro Medium"/></a:defRPr></a:lvl1pPr></a:lstStyle><a:p><a:r><a:rPr lang="ru-RU" dirty="0"><a:latin typeface="Montserrat ExtraBold" panose="00000900000000000000" pitchFamily="2" charset="-52"/></a:rPr><a:t>Помогает организовывать </a:t></a:r><a:endParaRPr lang="en-US" dirty="0"><a:latin typeface="Montserrat ExtraBold" panose="00000900000000000000" pitchFamily="2" charset="-52"/></a:endParaRPr></a:p></p:txBody></p:sp></p:spTree></p:cSld><p:clrMapOvr><a:masterClrMapping/></p:clrMapOvr><p:transition spd="med"/></p:sld>