<?xml version="1.0" encoding="UTF-8" standalone="yes"?>
<p:sld xmlns:a="http://schemas.openxmlformats.org/drawingml/2006/main" xmlns:r="http://schemas.openxmlformats.org/officeDocument/2006/relationships" xmlns:p="http://schemas.openxmlformats.org/presentationml/2006/main"><p:cSld><p:bg><p:bgPr><a:solidFill><a:schemeClr val="accent6"/></a:solidFill><a:effectLst/></p:bgPr></p:bg><p:spTree><p:nvGrpSpPr><p:cNvPr id="1" name=""/><p:cNvGrpSpPr/><p:nvPr/></p:nvGrpSpPr><p:grpSpPr><a:xfrm><a:off x="0" y="0"/><a:ext cx="0" cy="0"/><a:chOff x="0" y="0"/><a:chExt cx="0" cy="0"/></a:xfrm></p:grpSpPr><p:pic><p:nvPicPr><p:cNvPr id="4" name="Рисунок 3"><a:extLst><a:ext uri="{FF2B5EF4-FFF2-40B4-BE49-F238E27FC236}"><a16:creationId xmlns:a16="http://schemas.microsoft.com/office/drawing/2014/main" id="{934A94E3-3BCA-433A-84F2-68C4C1E98A42}"/></a:ext></a:extLst></p:cNvPr><p:cNvPicPr><a:picLocks noGrp="1" noChangeAspect="1"/></p:cNvPicPr><p:nvPr><p:ph type="pic" sz="quarter" idx="10"/></p:nvPr></p:nvPicPr><p:blipFill><a:blip r:embed="rId2"><a:extLst><a:ext uri="{28A0092B-C50C-407E-A947-70E740481C1C}"><a14:useLocalDpi xmlns:a14="http://schemas.microsoft.com/office/drawing/2010/main" val="0"/></a:ext></a:extLst></a:blip><a:srcRect l="23647" r="23647"/><a:stretch><a:fillRect/></a:stretch></p:blipFill><p:spPr><a:xfrm><a:off x="0" y="-25400"/><a:ext cx="10883900" cy="13766800"/></a:xfrm></p:spPr></p:pic><p:sp><p:nvSpPr><p:cNvPr id="296" name="Title text slide"/><p:cNvSpPr txBox="1"/><p:nvPr/></p:nvSpPr><p:spPr><a:xfrm><a:off x="13443563" y="4032122"/><a:ext cx="11359537" cy="1333699"/></a:xfrm><a:prstGeom prst="rect"><a:avLst/></a:prstGeom><a:noFill/><a:ln w="12700" cap="flat"><a:noFill/><a:miter lim="400000"/></a:ln><a:effectLst/><a:extLst><a:ext uri="{C572A759-6A51-4108-AA02-DFA0A04FC94B}"><ma14:wrappingTextBoxFlag xmlns:ma14="http://schemas.microsoft.com/office/mac/drawingml/2011/main" xmlns:a14="http://schemas.microsoft.com/office/drawing/2010/main" xmlns:m="http://schemas.openxmlformats.org/officeDocument/2006/math" xmlns="" val="1"/></a:ext></a:extLst></p:spPr><p:txBody><a:bodyPr wrap="square" lIns="50800" tIns="50800" rIns="50800" bIns="50800" numCol="1" anchor="ctr"><a:spAutoFit/></a:bodyPr><a:lstStyle><a:lvl1pPr algn="l"><a:defRPr sz="8000" b="0"><a:solidFill><a:srgbClr val="31333D"/></a:solidFill><a:latin typeface="Maven Pro Medium"/><a:ea typeface="Maven Pro Medium"/><a:cs typeface="Maven Pro Medium"/><a:sym typeface="Maven Pro Medium"/></a:defRPr></a:lvl1pPr></a:lstStyle><a:p><a:r><a:rPr lang="ru-RU" dirty="0"><a:latin typeface="Montserrat ExtraBold" panose="00000900000000000000" pitchFamily="2" charset="-52"/></a:rPr><a:t>Что такое проект?</a:t></a:r><a:endParaRPr lang="en-US" dirty="0"><a:latin typeface="Montserrat ExtraBold" panose="00000900000000000000" pitchFamily="2" charset="-52"/></a:endParaRPr></a:p></p:txBody></p:sp><p:sp><p:nvSpPr><p:cNvPr id="297" name="Ut enim ad minim veniam, quis nostrud exercitation ullamco laboris nisi ut aliquip ex ea commo consequat. Duis aute irure dolor in reprehenderit in Lorem ipsum dolor sit amet, consectetur sed adipiscing elit, sed do eiusmod tempor incididunt ut labore et dolore magna aliqua. Voluptate velit esse cillum dolore eu fugiat nulla pariatur. Excepteur sint occaecat cupidatat non proiden"/><p:cNvSpPr txBox="1"/><p:nvPr/></p:nvSpPr><p:spPr><a:xfrm><a:off x="13500368" y="5814089"/><a:ext cx="8734348" cy="3425874"/></a:xfrm><a:prstGeom prst="rect"><a:avLst/></a:prstGeom><a:noFill/><a:ln w="12700" cap="flat"><a:noFill/><a:miter lim="400000"/></a:ln><a:effectLst/><a:extLst><a:ext uri="{C572A759-6A51-4108-AA02-DFA0A04FC94B}"><ma14:wrappingTextBoxFlag xmlns:ma14="http://schemas.microsoft.com/office/mac/drawingml/2011/main" xmlns:a14="http://schemas.microsoft.com/office/drawing/2010/main" xmlns:m="http://schemas.openxmlformats.org/officeDocument/2006/math" xmlns="" val="1"/></a:ext></a:extLst></p:spPr><p:txBody><a:bodyPr wrap="square" lIns="50800" tIns="50800" rIns="50800" bIns="50800" numCol="1" anchor="t"><a:spAutoFit/></a:bodyPr><a:lstStyle><a:lvl1pPr algn="l"><a:lnSpc><a:spcPct val="120000"/></a:lnSpc><a:spcBef><a:spcPts val="2000"/></a:spcBef><a:defRPr sz="2600" b="0"><a:solidFill><a:srgbClr val="646979"/></a:solidFill><a:latin typeface="Open Sans"/><a:ea typeface="Open Sans"/><a:cs typeface="Open Sans"/><a:sym typeface="Open Sans"/></a:defRPr></a:lvl1pPr></a:lstStyle><a:p><a:r><a:rPr lang="ru-RU" dirty="0"><a:latin typeface="Montserrat" panose="00000500000000000000" pitchFamily="2" charset="-52"/></a:rPr><a:t>Само понятие проект (от лат. </a:t></a:r><a:r><a:rPr lang="ru-RU" dirty="0" err="1"><a:latin typeface="Montserrat" panose="00000500000000000000" pitchFamily="2" charset="-52"/></a:rPr><a:t>project</a:t></a:r><a:r><a:rPr lang="ru-RU" dirty="0"><a:latin typeface="Montserrat" panose="00000500000000000000" pitchFamily="2" charset="-52"/></a:rPr><a:t> - брошенный вперёд) означает план, замысел, описание того, что предстоит сделать. В самом широком понимании проект - это работа, направленная на решение конкретной проблемы, на достижение оптимальным способом заранее запланированного результата.</a:t></a:r><a:endParaRPr lang="en-US" dirty="0"><a:latin typeface="Montserrat" panose="00000500000000000000" pitchFamily="2" charset="-52"/></a:endParaRPr></a:p></p:txBody></p:sp><p:grpSp><p:nvGrpSpPr><p:cNvPr id="302" name="Группа"/><p:cNvGrpSpPr/><p:nvPr/></p:nvGrpSpPr><p:grpSpPr><a:xfrm><a:off x="9669512" y="5656312"/><a:ext cx="2403376" cy="2403376"/><a:chOff x="0" y="0"/><a:chExt cx="2403375" cy="2403375"/></a:xfrm></p:grpSpPr><p:sp><p:nvSpPr><p:cNvPr id="300" name="Кружок"/><p:cNvSpPr/><p:nvPr/></p:nvSpPr><p:spPr><a:xfrm><a:off x="0" y="0"/><a:ext cx="2403376" cy="2403376"/></a:xfrm><a:prstGeom prst="ellipse"><a:avLst/></a:prstGeom><a:gradFill flip="none" rotWithShape="1"><a:gsLst><a:gs pos="0"><a:schemeClr val="accent2"/></a:gs><a:gs pos="100000"><a:schemeClr val="accent1"/></a:gs></a:gsLst><a:lin ang="2015830" scaled="0"/></a:gradFill><a:ln w="12700" cap="flat"><a:noFill/><a:miter lim="400000"/></a:ln><a:effectLst/></p:spPr><p:txBody><a:bodyPr wrap="square" lIns="0" tIns="0" rIns="0" bIns="0" numCol="1" anchor="ctr"><a:noAutofit/></a:bodyPr><a:lstStyle/><a:p><a:pPr><a:defRPr sz="3200" b="0"><a:solidFill><a:srgbClr val="FFFFFF"/></a:solidFill><a:latin typeface="+mn-lt"/><a:ea typeface="+mn-ea"/><a:cs typeface="+mn-cs"/><a:sym typeface="Helvetica Neue Medium"/></a:defRPr></a:pPr><a:endParaRPr dirty="0"/></a:p></p:txBody></p:sp><p:sp><p:nvSpPr><p:cNvPr id="301" name="Freeform 11"/><p:cNvSpPr/><p:nvPr/></p:nvSpPr><p:spPr><a:xfrm rot="10800000"><a:off x="837541" y="834915"/><a:ext cx="728293" cy="733545"/></a:xfrm><a:custGeom><a:avLst/><a:gdLst/><a:ahLst/><a:cxnLst><a:cxn ang="0"><a:pos x="wd2" y="hd2"/></a:cxn><a:cxn ang="5400000"><a:pos x="wd2" y="hd2"/></a:cxn><a:cxn ang="10800000"><a:pos x="wd2" y="hd2"/></a:cxn><a:cxn ang="16200000"><a:pos x="wd2" y="hd2"/></a:cxn></a:cxnLst><a:rect l="0" t="0" r="r" b="b"/><a:pathLst><a:path w="21600" h="21600" extrusionOk="0"><a:moveTo><a:pt x="21600" y="9507"/></a:moveTo><a:lnTo><a:pt x="4949" y="9507"/></a:lnTo><a:lnTo><a:pt x="12762" y="1817"/></a:lnTo><a:lnTo><a:pt x="10676" y="0"/></a:lnTo><a:lnTo><a:pt x="0" y="10800"/></a:lnTo><a:lnTo><a:pt x="10676" y="21600"/></a:lnTo><a:lnTo><a:pt x="12762" y="19538"/></a:lnTo><a:lnTo><a:pt x="4949" y="12093"/></a:lnTo><a:lnTo><a:pt x="21600" y="12093"/></a:lnTo><a:lnTo><a:pt x="21600" y="9507"/></a:lnTo></a:path></a:pathLst></a:custGeom><a:solidFill><a:srgbClr val="FFFFFF"/></a:solidFill><a:ln w="12700" cap="flat"><a:noFill/><a:miter lim="400000"/></a:ln><a:effectLst/></p:spPr><p:txBody><a:bodyPr wrap="square" lIns="45719" tIns="45719" rIns="45719" bIns="45719" numCol="1" anchor="ctr"><a:noAutofit/></a:bodyPr><a:lstStyle/><a:p><a:pPr algn="l" defTabSz="914400"><a:defRPr sz="1800" b="0"><a:latin typeface="Roboto"/><a:ea typeface="Roboto"/><a:cs typeface="Roboto"/><a:sym typeface="Roboto"/></a:defRPr></a:pPr><a:endParaRPr/></a:p></p:txBody></p:sp></p:grpSp></p:spTree></p:cSld><p:clrMapOvr><a:masterClrMapping/></p:clrMapOvr><p:transition spd="med"/></p:sld>