<?xml version="1.0" encoding="UTF-8" standalone="yes"?>
<p:sld xmlns:a="http://schemas.openxmlformats.org/drawingml/2006/main" xmlns:r="http://schemas.openxmlformats.org/officeDocument/2006/relationships" xmlns:p="http://schemas.openxmlformats.org/presentationml/2006/main"><p:cSld><p:bg><p:bgPr><a:solidFill><a:schemeClr val="accent6"/></a:solidFill><a:effectLst/></p:bgPr></p:bg><p:spTree><p:nvGrpSpPr><p:cNvPr id="1" name=""/><p:cNvGrpSpPr/><p:nvPr/></p:nvGrpSpPr><p:grpSpPr><a:xfrm><a:off x="0" y="0"/><a:ext cx="0" cy="0"/><a:chOff x="0" y="0"/><a:chExt cx="0" cy="0"/></a:xfrm></p:grpSpPr><p:sp><p:nvSpPr><p:cNvPr id="331" name="Закругленный прямоугольник"/><p:cNvSpPr/><p:nvPr/></p:nvSpPr><p:spPr><a:xfrm><a:off x="2438400" y="3205133"/><a:ext cx="6229549" cy="8839200"/></a:xfrm><a:prstGeom prst="roundRect"><a:avLst><a:gd name="adj" fmla="val 3496"/></a:avLst></a:prstGeom><a:solidFill><a:srgbClr val="FFFFFF"/></a:solidFill><a:ln w="12700" cap="flat"><a:noFill/><a:miter lim="400000"/></a:ln><a:effectLst/></p:spPr><p:txBody><a:bodyPr wrap="square" lIns="0" tIns="0" rIns="0" bIns="0" numCol="1" anchor="ctr"><a:noAutofit/></a:bodyPr><a:lstStyle/><a:p><a:pPr><a:defRPr sz="3200" b="0"><a:solidFill><a:srgbClr val="FFFFFF"/></a:solidFill><a:latin typeface="+mn-lt"/><a:ea typeface="+mn-ea"/><a:cs typeface="+mn-cs"/><a:sym typeface="Helvetica Neue Medium"/></a:defRPr></a:pPr><a:endParaRPr/></a:p></p:txBody></p:sp><p:sp><p:nvSpPr><p:cNvPr id="332" name="Subtitle text"/><p:cNvSpPr txBox="1"/><p:nvPr/></p:nvSpPr><p:spPr><a:xfrm><a:off x="3042264" y="5612428"/><a:ext cx="4705494" cy="1179810"/></a:xfrm><a:prstGeom prst="rect"><a:avLst/></a:prstGeom><a:noFill/><a:ln w="12700" cap="flat"><a:noFill/><a:miter lim="400000"/></a:ln><a:effectLst/><a:extLst><a:ext uri="{C572A759-6A51-4108-AA02-DFA0A04FC94B}"><ma14:wrappingTextBoxFlag xmlns:ma14="http://schemas.microsoft.com/office/mac/drawingml/2011/main" xmlns:a14="http://schemas.microsoft.com/office/drawing/2010/main" xmlns:m="http://schemas.openxmlformats.org/officeDocument/2006/math" xmlns="" val="1"/></a:ext></a:extLst></p:spPr><p:txBody><a:bodyPr wrap="square" lIns="50800" tIns="50800" rIns="50800" bIns="50800" numCol="1" anchor="ctr"><a:spAutoFit/></a:bodyPr><a:lstStyle><a:lvl1pPr algn="l"><a:defRPr sz="6000" b="0"><a:solidFill><a:srgbClr val="31333D"/></a:solidFill><a:latin typeface="Maven Pro Medium"/><a:ea typeface="Maven Pro Medium"/><a:cs typeface="Maven Pro Medium"/><a:sym typeface="Maven Pro Medium"/></a:defRPr></a:lvl1pPr></a:lstStyle><a:p><a:r><a:rPr lang="ru-RU" sz="3500" dirty="0"><a:latin typeface="Montserrat ExtraBold" panose="00000900000000000000" pitchFamily="2" charset="-52"/></a:rPr><a:t>Мультимедийный продукт: </a:t></a:r><a:endParaRPr lang="en-US" sz="3500" dirty="0"><a:latin typeface="Montserrat ExtraBold" panose="00000900000000000000" pitchFamily="2" charset="-52"/></a:endParaRPr></a:p></p:txBody></p:sp><p:sp><p:nvSpPr><p:cNvPr id="333" name="Lorem ipsum sed dolor sit sed amet, consectetur adipiscing incididunt ut labore et dolore minim veniam, laboris quis nostrud exercitation ullamco"/><p:cNvSpPr txBox="1"/><p:nvPr/></p:nvSpPr><p:spPr><a:xfrm><a:off x="3149869" y="7180233"/><a:ext cx="4984410" cy="3016210"/></a:xfrm><a:prstGeom prst="rect"><a:avLst/></a:prstGeom><a:noFill/><a:ln w="12700" cap="flat"><a:noFill/><a:miter lim="400000"/></a:ln><a:effectLst/><a:extLst><a:ext uri="{C572A759-6A51-4108-AA02-DFA0A04FC94B}"><ma14:wrappingTextBoxFlag xmlns:ma14="http://schemas.microsoft.com/office/mac/drawingml/2011/main" xmlns:a14="http://schemas.microsoft.com/office/drawing/2010/main" xmlns:m="http://schemas.openxmlformats.org/officeDocument/2006/math" xmlns="" val="1"/></a:ext></a:extLst></p:spPr><p:txBody><a:bodyPr wrap="square" lIns="50800" tIns="50800" rIns="50800" bIns="50800" numCol="1" anchor="t"><a:spAutoFit/></a:bodyPr><a:lstStyle><a:lvl1pPr algn="l"><a:lnSpc><a:spcPct val="120000"/></a:lnSpc><a:spcBef><a:spcPts val="2000"/></a:spcBef><a:defRPr sz="2600" b="0"><a:solidFill><a:srgbClr val="646979"/></a:solidFill><a:latin typeface="Open Sans"/><a:ea typeface="Open Sans"/><a:cs typeface="Open Sans"/><a:sym typeface="Open Sans"/></a:defRPr></a:lvl1pPr></a:lstStyle><a:p><a:pPr marL="457200" indent="-457200"><a:lnSpc><a:spcPct val="100000"/></a:lnSpc><a:spcBef><a:spcPts val="1000"/></a:spcBef><a:buFont typeface="Arial" panose="020B0604020202020204" pitchFamily="34" charset="0"/><a:buChar char="•"/></a:pPr><a:r><a:rPr lang="ru-RU" dirty="0"><a:latin typeface="Montserrat" panose="00000500000000000000" pitchFamily="2" charset="-52"/></a:rPr><a:t>мультимедийная презентация </a:t></a:r></a:p><a:p><a:pPr marL="457200" indent="-457200"><a:lnSpc><a:spcPct val="100000"/></a:lnSpc><a:spcBef><a:spcPts val="1000"/></a:spcBef><a:buFont typeface="Arial" panose="020B0604020202020204" pitchFamily="34" charset="0"/><a:buChar char="•"/></a:pPr><a:r><a:rPr lang="ru-RU" dirty="0"><a:latin typeface="Montserrat" panose="00000500000000000000" pitchFamily="2" charset="-52"/></a:rPr><a:t>видеоклип </a:t></a:r></a:p><a:p><a:pPr marL="457200" indent="-457200"><a:lnSpc><a:spcPct val="100000"/></a:lnSpc><a:spcBef><a:spcPts val="1000"/></a:spcBef><a:buFont typeface="Arial" panose="020B0604020202020204" pitchFamily="34" charset="0"/><a:buChar char="•"/></a:pPr><a:r><a:rPr lang="ru-RU" dirty="0"><a:latin typeface="Montserrat" panose="00000500000000000000" pitchFamily="2" charset="-52"/></a:rPr><a:t>слайд-шоу </a:t></a:r></a:p><a:p><a:pPr marL="457200" indent="-457200"><a:lnSpc><a:spcPct val="100000"/></a:lnSpc><a:spcBef><a:spcPts val="1000"/></a:spcBef><a:buFont typeface="Arial" panose="020B0604020202020204" pitchFamily="34" charset="0"/><a:buChar char="•"/></a:pPr><a:r><a:rPr lang="ru-RU" dirty="0"><a:latin typeface="Montserrat" panose="00000500000000000000" pitchFamily="2" charset="-52"/></a:rPr><a:t>видео-фильм</a:t></a:r></a:p><a:p><a:pPr marL="457200" indent="-457200"><a:lnSpc><a:spcPct val="100000"/></a:lnSpc><a:spcBef><a:spcPts val="1000"/></a:spcBef><a:buFont typeface="Arial" panose="020B0604020202020204" pitchFamily="34" charset="0"/><a:buChar char="•"/></a:pPr><a:r><a:rPr lang="ru-RU" dirty="0"><a:latin typeface="Montserrat" panose="00000500000000000000" pitchFamily="2" charset="-52"/></a:rPr><a:t>заочная экскурсия</a:t></a:r></a:p></p:txBody></p:sp><p:sp><p:nvSpPr><p:cNvPr id="337" name="Закругленный прямоугольник"/><p:cNvSpPr/><p:nvPr/></p:nvSpPr><p:spPr><a:xfrm><a:off x="9055100" y="3205133"/><a:ext cx="6229549" cy="8839200"/></a:xfrm><a:prstGeom prst="roundRect"><a:avLst><a:gd name="adj" fmla="val 3496"/></a:avLst></a:prstGeom><a:solidFill><a:srgbClr val="FFFFFF"/></a:solidFill><a:ln w="12700" cap="flat"><a:noFill/><a:miter lim="400000"/></a:ln><a:effectLst/></p:spPr><p:txBody><a:bodyPr wrap="square" lIns="0" tIns="0" rIns="0" bIns="0" numCol="1" anchor="ctr"><a:noAutofit/></a:bodyPr><a:lstStyle/><a:p><a:pPr><a:defRPr sz="3200" b="0"><a:solidFill><a:srgbClr val="FFFFFF"/></a:solidFill><a:latin typeface="+mn-lt"/><a:ea typeface="+mn-ea"/><a:cs typeface="+mn-cs"/><a:sym typeface="Helvetica Neue Medium"/></a:defRPr></a:pPr><a:endParaRPr/></a:p></p:txBody></p:sp><p:sp><p:nvSpPr><p:cNvPr id="338" name="Subtitle text"/><p:cNvSpPr txBox="1"/><p:nvPr/></p:nvSpPr><p:spPr><a:xfrm><a:off x="9658964" y="5227707"/><a:ext cx="5021821" cy="1949252"/></a:xfrm><a:prstGeom prst="rect"><a:avLst/></a:prstGeom><a:noFill/><a:ln w="12700" cap="flat"><a:noFill/><a:miter lim="400000"/></a:ln><a:effectLst/><a:extLst><a:ext uri="{C572A759-6A51-4108-AA02-DFA0A04FC94B}"><ma14:wrappingTextBoxFlag xmlns:ma14="http://schemas.microsoft.com/office/mac/drawingml/2011/main" xmlns:a14="http://schemas.microsoft.com/office/drawing/2010/main" xmlns:m="http://schemas.openxmlformats.org/officeDocument/2006/math" xmlns="" val="1"/></a:ext></a:extLst></p:spPr><p:txBody><a:bodyPr wrap="square" lIns="50800" tIns="50800" rIns="50800" bIns="50800" numCol="1" anchor="ctr"><a:spAutoFit/></a:bodyPr><a:lstStyle><a:defPPr marL="0" marR="0" indent="0" algn="l" defTabSz="914400" rtl="0" fontAlgn="auto" latinLnBrk="1" hangingPunct="0"><a:lnSpc><a:spcPct val="100000"/></a:lnSpc><a:spcBef><a:spcPts val="0"/></a:spcBef><a:spcAft><a:spcPts val="0"/></a:spcAft><a:buClrTx/><a:buSzTx/><a:buFontTx/><a:buNone/><a:tabLst/><a:defRPr kumimoji="0" sz="1800" b="0" i="0" u="none" strike="noStrike" cap="none" spc="0" normalizeH="0" baseline="0"><a:ln><a:noFill/></a:ln><a:solidFill><a:srgbClr val="000000"/></a:solidFill><a:effectLst/><a:uFillTx/></a:defRPr></a:defPPr><a:lvl1pPr algn="l"><a:defRPr sz="3500" b="0"><a:solidFill><a:srgbClr val="31333D"/></a:solidFill><a:latin typeface="Montserrat ExtraBold" panose="00000900000000000000" pitchFamily="2" charset="-52"/><a:ea typeface="Maven Pro Medium"/><a:cs typeface="Maven Pro Medium"/></a:defRPr></a:lvl1pPr></a:lstStyle><a:p><a:r><a:rPr lang="ru-RU" dirty="0"/><a:t>Творческий продукт</a:t></a:r><a:r><a:rPr lang="ru-RU"/><a:t>: </a:t></a:r><a:endParaRPr lang="en-US" dirty="0"/></a:p></p:txBody></p:sp><p:sp><p:nvSpPr><p:cNvPr id="339" name="Lorem ipsum sed dolor sit sed amet, consectetur adipiscing incididunt ut labore et dolore minim veniam, laboris quis nostrud exercitation ullamco"/><p:cNvSpPr txBox="1"/><p:nvPr/></p:nvSpPr><p:spPr><a:xfrm><a:off x="9766569" y="7180233"/><a:ext cx="4984411" cy="3350404"/></a:xfrm><a:prstGeom prst="rect"><a:avLst/></a:prstGeom><a:noFill/><a:ln w="12700" cap="flat"><a:noFill/><a:miter lim="400000"/></a:ln><a:effectLst/><a:extLst><a:ext uri="{C572A759-6A51-4108-AA02-DFA0A04FC94B}"><ma14:wrappingTextBoxFlag xmlns:ma14="http://schemas.microsoft.com/office/mac/drawingml/2011/main" xmlns:a14="http://schemas.microsoft.com/office/drawing/2010/main" xmlns:m="http://schemas.openxmlformats.org/officeDocument/2006/math" xmlns="" val="1"/></a:ext></a:extLst></p:spPr><p:txBody><a:bodyPr wrap="square" lIns="50800" tIns="50800" rIns="50800" bIns="50800" numCol="1" anchor="t"><a:spAutoFit/></a:bodyPr><a:lstStyle><a:defPPr marL="0" marR="0" indent="0" algn="l" defTabSz="914400" rtl="0" fontAlgn="auto" latinLnBrk="1" hangingPunct="0"><a:lnSpc><a:spcPct val="100000"/></a:lnSpc><a:spcBef><a:spcPts val="0"/></a:spcBef><a:spcAft><a:spcPts val="0"/></a:spcAft><a:buClrTx/><a:buSzTx/><a:buFontTx/><a:buNone/><a:tabLst/><a:defRPr kumimoji="0" sz="1800" b="0" i="0" u="none" strike="noStrike" cap="none" spc="0" normalizeH="0" baseline="0"><a:ln><a:noFill/></a:ln><a:solidFill><a:srgbClr val="000000"/></a:solidFill><a:effectLst/><a:uFillTx/></a:defRPr></a:defPPr><a:lvl1pPr marL="457200" indent="-457200" algn="l"><a:spcBef><a:spcPts val="1000"/></a:spcBef><a:buFont typeface="Arial" panose="020B0604020202020204" pitchFamily="34" charset="0"/><a:buChar char="•"/><a:defRPr sz="2600" b="0"><a:solidFill><a:srgbClr val="646979"/></a:solidFill><a:latin typeface="Montserrat" panose="00000500000000000000" pitchFamily="2" charset="-52"/><a:ea typeface="Open Sans"/><a:cs typeface="Open Sans"/></a:defRPr></a:lvl1pPr></a:lstStyle><a:p><a:r><a:rPr lang="ru-RU" dirty="0"/><a:t>игра </a:t></a:r></a:p><a:p><a:r><a:rPr lang="ru-RU" dirty="0"/><a:t>литературный альманах </a:t></a:r></a:p><a:p><a:r><a:rPr lang="ru-RU" dirty="0"/><a:t>сценарий </a:t></a:r></a:p><a:p><a:r><a:rPr lang="ru-RU" dirty="0"/><a:t>викторина </a:t></a:r></a:p><a:p><a:r><a:rPr lang="ru-RU" dirty="0"/><a:t>набор открыток </a:t></a:r></a:p><a:p><a:r><a:rPr lang="ru-RU" dirty="0"/><a:t>выставка</a:t></a:r></a:p></p:txBody></p:sp><p:sp><p:nvSpPr><p:cNvPr id="343" name="Закругленный прямоугольник"/><p:cNvSpPr/><p:nvPr/></p:nvSpPr><p:spPr><a:xfrm><a:off x="15671801" y="3205133"/><a:ext cx="6229549" cy="8839200"/></a:xfrm><a:prstGeom prst="roundRect"><a:avLst><a:gd name="adj" fmla="val 3496"/></a:avLst></a:prstGeom><a:solidFill><a:srgbClr val="FFFFFF"/></a:solidFill><a:ln w="12700" cap="flat"><a:noFill/><a:miter lim="400000"/></a:ln><a:effectLst/></p:spPr><p:txBody><a:bodyPr wrap="square" lIns="0" tIns="0" rIns="0" bIns="0" numCol="1" anchor="ctr"><a:noAutofit/></a:bodyPr><a:lstStyle/><a:p><a:pPr><a:defRPr sz="3200" b="0"><a:solidFill><a:srgbClr val="FFFFFF"/></a:solidFill><a:latin typeface="+mn-lt"/><a:ea typeface="+mn-ea"/><a:cs typeface="+mn-cs"/><a:sym typeface="Helvetica Neue Medium"/></a:defRPr></a:pPr><a:endParaRPr/></a:p></p:txBody></p:sp><p:sp><p:nvSpPr><p:cNvPr id="344" name="Subtitle text"/><p:cNvSpPr txBox="1"/><p:nvPr/></p:nvSpPr><p:spPr><a:xfrm><a:off x="16275664" y="5612428"/><a:ext cx="5021821" cy="1179810"/></a:xfrm><a:prstGeom prst="rect"><a:avLst/></a:prstGeom><a:noFill/><a:ln w="12700" cap="flat"><a:noFill/><a:miter lim="400000"/></a:ln><a:effectLst/><a:extLst><a:ext uri="{C572A759-6A51-4108-AA02-DFA0A04FC94B}"><ma14:wrappingTextBoxFlag xmlns:ma14="http://schemas.microsoft.com/office/mac/drawingml/2011/main" xmlns:a14="http://schemas.microsoft.com/office/drawing/2010/main" xmlns:m="http://schemas.openxmlformats.org/officeDocument/2006/math" xmlns="" val="1"/></a:ext></a:extLst></p:spPr><p:txBody><a:bodyPr wrap="square" lIns="50800" tIns="50800" rIns="50800" bIns="50800" numCol="1" anchor="ctr"><a:spAutoFit/></a:bodyPr><a:lstStyle><a:defPPr marL="0" marR="0" indent="0" algn="l" defTabSz="914400" rtl="0" fontAlgn="auto" latinLnBrk="1" hangingPunct="0"><a:lnSpc><a:spcPct val="100000"/></a:lnSpc><a:spcBef><a:spcPts val="0"/></a:spcBef><a:spcAft><a:spcPts val="0"/></a:spcAft><a:buClrTx/><a:buSzTx/><a:buFontTx/><a:buNone/><a:tabLst/><a:defRPr kumimoji="0" sz="1800" b="0" i="0" u="none" strike="noStrike" cap="none" spc="0" normalizeH="0" baseline="0"><a:ln><a:noFill/></a:ln><a:solidFill><a:srgbClr val="000000"/></a:solidFill><a:effectLst/><a:uFillTx/></a:defRPr></a:defPPr><a:lvl1pPr algn="l"><a:defRPr sz="3500" b="0"><a:solidFill><a:srgbClr val="31333D"/></a:solidFill><a:latin typeface="Montserrat ExtraBold" panose="00000900000000000000" pitchFamily="2" charset="-52"/><a:ea typeface="Maven Pro Medium"/><a:cs typeface="Maven Pro Medium"/></a:defRPr></a:lvl1pPr></a:lstStyle><a:p><a:r><a:rPr lang="ru-RU" dirty="0"/><a:t>Публицистические материалы: </a:t></a:r><a:endParaRPr lang="en-US" dirty="0"/></a:p></p:txBody></p:sp><p:sp><p:nvSpPr><p:cNvPr id="345" name="Lorem ipsum sed dolor sit sed amet, consectetur adipiscing incididunt ut labore et dolore minim veniam, laboris quis nostrud exercitation ullamco"/><p:cNvSpPr txBox="1"/><p:nvPr/></p:nvSpPr><p:spPr><a:xfrm><a:off x="16383270" y="7180233"/><a:ext cx="4984411" cy="2172646"/></a:xfrm><a:prstGeom prst="rect"><a:avLst/></a:prstGeom><a:noFill/><a:ln w="12700" cap="flat"><a:noFill/><a:miter lim="400000"/></a:ln><a:effectLst/><a:extLst><a:ext uri="{C572A759-6A51-4108-AA02-DFA0A04FC94B}"><ma14:wrappingTextBoxFlag xmlns:ma14="http://schemas.microsoft.com/office/mac/drawingml/2011/main" xmlns:a14="http://schemas.microsoft.com/office/drawing/2010/main" xmlns:m="http://schemas.openxmlformats.org/officeDocument/2006/math" xmlns="" val="1"/></a:ext></a:extLst></p:spPr><p:txBody><a:bodyPr wrap="square" lIns="50800" tIns="50800" rIns="50800" bIns="50800" numCol="1" anchor="t"><a:spAutoFit/></a:bodyPr><a:lstStyle><a:defPPr marL="0" marR="0" indent="0" algn="l" defTabSz="914400" rtl="0" fontAlgn="auto" latinLnBrk="1" hangingPunct="0"><a:lnSpc><a:spcPct val="100000"/></a:lnSpc><a:spcBef><a:spcPts val="0"/></a:spcBef><a:spcAft><a:spcPts val="0"/></a:spcAft><a:buClrTx/><a:buSzTx/><a:buFontTx/><a:buNone/><a:tabLst/><a:defRPr kumimoji="0" sz="1800" b="0" i="0" u="none" strike="noStrike" cap="none" spc="0" normalizeH="0" baseline="0"><a:ln><a:noFill/></a:ln><a:solidFill><a:srgbClr val="000000"/></a:solidFill><a:effectLst/><a:uFillTx/></a:defRPr></a:defPPr><a:lvl1pPr marL="457200" indent="-457200" algn="l"><a:spcBef><a:spcPts val="1000"/></a:spcBef><a:buFont typeface="Arial" panose="020B0604020202020204" pitchFamily="34" charset="0"/><a:buChar char="•"/><a:defRPr sz="2600" b="0"><a:solidFill><a:srgbClr val="646979"/></a:solidFill><a:latin typeface="Montserrat" panose="00000500000000000000" pitchFamily="2" charset="-52"/><a:ea typeface="Open Sans"/><a:cs typeface="Open Sans"/></a:defRPr></a:lvl1pPr></a:lstStyle><a:p><a:r><a:rPr lang="ru-RU" dirty="0"/><a:t>стенгазета </a:t></a:r></a:p><a:p><a:r><a:rPr lang="ru-RU" dirty="0"/><a:t>журнал </a:t></a:r></a:p><a:p><a:r><a:rPr lang="ru-RU" dirty="0"/><a:t>буклет </a:t></a:r></a:p><a:p><a:r><a:rPr lang="ru-RU" dirty="0"/><a:t>плакат</a:t></a:r></a:p></p:txBody></p:sp><p:sp><p:nvSpPr><p:cNvPr id="349" name="Freeform 3"/><p:cNvSpPr/><p:nvPr/></p:nvSpPr><p:spPr><a:xfrm><a:off x="9768320" y="4139087"/><a:ext cx="979324" cy="928116"/></a:xfrm><a:custGeom><a:avLst/><a:gdLst/><a:ahLst/><a:cxnLst><a:cxn ang="0"><a:pos x="wd2" y="hd2"/></a:cxn><a:cxn ang="5400000"><a:pos x="wd2" y="hd2"/></a:cxn><a:cxn ang="10800000"><a:pos x="wd2" y="hd2"/></a:cxn><a:cxn ang="16200000"><a:pos x="wd2" y="hd2"/></a:cxn></a:cxnLst><a:rect l="0" t="0" r="r" b="b"/><a:pathLst><a:path w="21600" h="21600" extrusionOk="0"><a:moveTo><a:pt x="21600" y="8044"/></a:moveTo><a:cubicBezTo><a:pt x="21600" y="7185"/><a:pt x="21217" y="6552"/><a:pt x="20578" y="6100"/></a:cubicBezTo><a:lnTo><a:pt x="10907" y="0"/></a:lnTo><a:lnTo><a:pt x="1022" y="6100"/></a:lnTo><a:cubicBezTo><a:pt x="596" y="6552"/><a:pt x="0" y="7185"/><a:pt x="0" y="8044"/></a:cubicBezTo><a:lnTo><a:pt x="0" y="19431"/></a:lnTo><a:cubicBezTo><a:pt x="0" y="20741"/><a:pt x="1022" y="21600"/><a:pt x="2258" y="21600"/></a:cubicBezTo><a:lnTo><a:pt x="19555" y="21600"/></a:lnTo><a:cubicBezTo><a:pt x="20578" y="21600"/><a:pt x="21600" y="20741"/><a:pt x="21600" y="19431"/></a:cubicBezTo><a:lnTo><a:pt x="21600" y="8044"/></a:lnTo><a:close/><a:moveTo><a:pt x="10907" y="13737"/></a:moveTo><a:lnTo><a:pt x="1832" y="7863"/></a:lnTo><a:lnTo><a:pt x="10907" y="2169"/></a:lnTo><a:lnTo><a:pt x="19768" y="7863"/></a:lnTo><a:lnTo><a:pt x="10907" y="13737"/></a:lnTo><a:close/></a:path></a:pathLst></a:custGeom><a:gradFill flip="none" rotWithShape="1"><a:gsLst><a:gs pos="0"><a:schemeClr val="accent2"/></a:gs><a:gs pos="100000"><a:schemeClr val="accent1"/></a:gs></a:gsLst><a:lin ang="3403977" scaled="0"/></a:gradFill><a:ln w="12700" cap="flat"><a:noFill/><a:miter lim="400000"/></a:ln><a:effectLst/></p:spPr><p:txBody><a:bodyPr wrap="square" lIns="45719" tIns="45719" rIns="45719" bIns="45719" numCol="1" anchor="ctr"><a:noAutofit/></a:bodyPr><a:lstStyle/><a:p><a:pPr algn="l" defTabSz="914400"><a:defRPr sz="1800" b="0"><a:latin typeface="Roboto"/><a:ea typeface="Roboto"/><a:cs typeface="Roboto"/><a:sym typeface="Roboto"/></a:defRPr></a:pPr><a:endParaRPr/></a:p></p:txBody></p:sp><p:sp><p:nvSpPr><p:cNvPr id="350" name="Freeform 7"/><p:cNvSpPr/><p:nvPr/></p:nvSpPr><p:spPr><a:xfrm><a:off x="16380607" y="4117747"/><a:ext cx="783077" cy="970796"/></a:xfrm><a:custGeom><a:avLst/><a:gdLst/><a:ahLst/><a:cxnLst><a:cxn ang="0"><a:pos x="wd2" y="hd2"/></a:cxn><a:cxn ang="5400000"><a:pos x="wd2" y="hd2"/></a:cxn><a:cxn ang="10800000"><a:pos x="wd2" y="hd2"/></a:cxn><a:cxn ang="16200000"><a:pos x="wd2" y="hd2"/></a:cxn></a:cxnLst><a:rect l="0" t="0" r="r" b="b"/><a:pathLst><a:path w="21600" h="21600" extrusionOk="0"><a:moveTo><a:pt x="2607" y="0"/></a:moveTo><a:cubicBezTo><a:pt x="1330" y="0"/><a:pt x="0" y="859"/><a:pt x="0" y="2104"/></a:cubicBezTo><a:lnTo><a:pt x="0" y="19539"/></a:lnTo><a:cubicBezTo><a:pt x="0" y="20784"/><a:pt x="1330" y="21600"/><a:pt x="2607" y="21600"/></a:cubicBezTo><a:lnTo><a:pt x="18780" y="21600"/></a:lnTo><a:cubicBezTo><a:pt x="20323" y="21600"/><a:pt x="21600" y="20784"/><a:pt x="21600" y="19539"/></a:cubicBezTo><a:lnTo><a:pt x="21600" y="6441"/></a:lnTo><a:lnTo><a:pt x="13407" y="0"/></a:lnTo><a:lnTo><a:pt x="2607" y="0"/></a:lnTo><a:close/><a:moveTo><a:pt x="12130" y="7472"/></a:moveTo><a:lnTo><a:pt x="12130" y="1675"/></a:lnTo><a:lnTo><a:pt x="19578" y="7472"/></a:lnTo><a:lnTo><a:pt x="12130" y="7472"/></a:lnTo><a:close/></a:path></a:pathLst></a:custGeom><a:gradFill flip="none" rotWithShape="1"><a:gsLst><a:gs pos="0"><a:schemeClr val="accent2"/></a:gs><a:gs pos="100000"><a:schemeClr val="accent1"/></a:gs></a:gsLst><a:lin ang="3403977" scaled="0"/></a:gradFill><a:ln w="12700" cap="flat"><a:noFill/><a:miter lim="400000"/></a:ln><a:effectLst/></p:spPr><p:txBody><a:bodyPr wrap="square" lIns="45719" tIns="45719" rIns="45719" bIns="45719" numCol="1" anchor="ctr"><a:noAutofit/></a:bodyPr><a:lstStyle/><a:p><a:pPr algn="l" defTabSz="914400"><a:defRPr sz="1800" b="0"><a:latin typeface="Roboto"/><a:ea typeface="Roboto"/><a:cs typeface="Roboto"/><a:sym typeface="Roboto"/></a:defRPr></a:pPr><a:endParaRPr/></a:p></p:txBody></p:sp><p:sp><p:nvSpPr><p:cNvPr id="351" name="Freeform 10"/><p:cNvSpPr/><p:nvPr/></p:nvSpPr><p:spPr><a:xfrm><a:off x="3118059" y="4164678"/><a:ext cx="876934" cy="876934"/></a:xfrm><a:custGeom><a:avLst/><a:gdLst/><a:ahLst/><a:cxnLst><a:cxn ang="0"><a:pos x="wd2" y="hd2"/></a:cxn><a:cxn ang="5400000"><a:pos x="wd2" y="hd2"/></a:cxn><a:cxn ang="10800000"><a:pos x="wd2" y="hd2"/></a:cxn><a:cxn ang="16200000"><a:pos x="wd2" y="hd2"/></a:cxn></a:cxnLst><a:rect l="0" t="0" r="r" b="b"/><a:pathLst><a:path w="21600" h="21600" extrusionOk="0"><a:moveTo><a:pt x="21600" y="19321"/></a:moveTo><a:lnTo><a:pt x="21600" y="2326"/></a:lnTo><a:cubicBezTo><a:pt x="21600" y="1187"/><a:pt x="20458" y="0"/><a:pt x="19078" y="0"/></a:cubicBezTo><a:lnTo><a:pt x="2284" y="0"/></a:lnTo><a:cubicBezTo><a:pt x="904" y="0"/><a:pt x="0" y="1187"/><a:pt x="0" y="2326"/></a:cubicBezTo><a:lnTo><a:pt x="0" y="19321"/></a:lnTo><a:cubicBezTo><a:pt x="0" y="20461"/><a:pt x="904" y="21600"/><a:pt x="2284" y="21600"/></a:cubicBezTo><a:lnTo><a:pt x="19078" y="21600"/></a:lnTo><a:cubicBezTo><a:pt x="20458" y="21600"/><a:pt x="21600" y="20461"/><a:pt x="21600" y="19321"/></a:cubicBezTo><a:close/><a:moveTo><a:pt x="6423" y="12628"/></a:moveTo><a:lnTo><a:pt x="9420" y="16331"/></a:lnTo><a:lnTo><a:pt x="13797" y="10824"/></a:lnTo><a:lnTo><a:pt x="19078" y="17945"/></a:lnTo><a:lnTo><a:pt x="2284" y="17945"/></a:lnTo><a:lnTo><a:pt x="6423" y="12628"/></a:lnTo><a:close/></a:path></a:pathLst></a:custGeom><a:gradFill flip="none" rotWithShape="1"><a:gsLst><a:gs pos="0"><a:schemeClr val="accent2"/></a:gs><a:gs pos="100000"><a:schemeClr val="accent1"/></a:gs></a:gsLst><a:lin ang="3403977" scaled="0"/></a:gradFill><a:ln w="12700" cap="flat"><a:noFill/><a:miter lim="400000"/></a:ln><a:effectLst/></p:spPr><p:txBody><a:bodyPr wrap="square" lIns="45719" tIns="45719" rIns="45719" bIns="45719" numCol="1" anchor="ctr"><a:noAutofit/></a:bodyPr><a:lstStyle/><a:p><a:pPr algn="l" defTabSz="914400"><a:defRPr sz="1800" b="0"><a:latin typeface="Roboto"/><a:ea typeface="Roboto"/><a:cs typeface="Roboto"/><a:sym typeface="Roboto"/></a:defRPr></a:pPr><a:endParaRPr/></a:p></p:txBody></p:sp><p:sp><p:nvSpPr><p:cNvPr id="352" name=".01"/><p:cNvSpPr txBox="1"/><p:nvPr/></p:nvSpPr><p:spPr><a:xfrm><a:off x="6121186" y="3859352"/><a:ext cx="2769637" cy="1487587"/></a:xfrm><a:prstGeom prst="rect"><a:avLst/></a:prstGeom><a:noFill/><a:ln w="12700" cap="flat"><a:noFill/><a:miter lim="400000"/></a:ln><a:effectLst/><a:extLst><a:ext uri="{C572A759-6A51-4108-AA02-DFA0A04FC94B}"><ma14:wrappingTextBoxFlag xmlns:ma14="http://schemas.microsoft.com/office/mac/drawingml/2011/main" xmlns:a14="http://schemas.microsoft.com/office/drawing/2010/main" xmlns:m="http://schemas.openxmlformats.org/officeDocument/2006/math" xmlns="" val="1"/></a:ext></a:extLst></p:spPr><p:txBody><a:bodyPr wrap="square" lIns="50800" tIns="50800" rIns="50800" bIns="50800" numCol="1" anchor="ctr"><a:spAutoFit/></a:bodyPr><a:lstStyle><a:lvl1pPr algn="r"><a:defRPr sz="9000" b="0"><a:solidFill><a:srgbClr val="EEF4FE"/></a:solidFill><a:latin typeface="Maven Pro Medium"/><a:ea typeface="Maven Pro Medium"/><a:cs typeface="Maven Pro Medium"/><a:sym typeface="Maven Pro Medium"/></a:defRPr></a:lvl1pPr></a:lstStyle><a:p><a:r><a:rPr dirty="0"><a:solidFill><a:schemeClr val="accent6"/></a:solidFill><a:latin typeface="Montserrat ExtraBold" panose="00000900000000000000" pitchFamily="2" charset="-52"/></a:rPr><a:t>.01</a:t></a:r></a:p></p:txBody></p:sp><p:sp><p:nvSpPr><p:cNvPr id="353" name=".02"/><p:cNvSpPr txBox="1"/><p:nvPr/></p:nvSpPr><p:spPr><a:xfrm><a:off x="12712487" y="3859352"/><a:ext cx="2769636" cy="1487587"/></a:xfrm><a:prstGeom prst="rect"><a:avLst/></a:prstGeom><a:noFill/><a:ln w="12700" cap="flat"><a:noFill/><a:miter lim="400000"/></a:ln><a:effectLst/><a:extLst><a:ext uri="{C572A759-6A51-4108-AA02-DFA0A04FC94B}"><ma14:wrappingTextBoxFlag xmlns:ma14="http://schemas.microsoft.com/office/mac/drawingml/2011/main" xmlns:a14="http://schemas.microsoft.com/office/drawing/2010/main" xmlns:m="http://schemas.openxmlformats.org/officeDocument/2006/math" xmlns="" val="1"/></a:ext></a:extLst></p:spPr><p:txBody><a:bodyPr wrap="square" lIns="50800" tIns="50800" rIns="50800" bIns="50800" numCol="1" anchor="ctr"><a:spAutoFit/></a:bodyPr><a:lstStyle><a:lvl1pPr algn="r"><a:defRPr sz="9000" b="0"><a:solidFill><a:srgbClr val="EEF4FE"/></a:solidFill><a:latin typeface="Maven Pro Medium"/><a:ea typeface="Maven Pro Medium"/><a:cs typeface="Maven Pro Medium"/><a:sym typeface="Maven Pro Medium"/></a:defRPr></a:lvl1pPr></a:lstStyle><a:p><a:r><a:rPr dirty="0"><a:solidFill><a:schemeClr val="accent6"/></a:solidFill><a:latin typeface="Montserrat ExtraBold" panose="00000900000000000000" pitchFamily="2" charset="-52"/></a:rPr><a:t>.02</a:t></a:r></a:p></p:txBody></p:sp><p:sp><p:nvSpPr><p:cNvPr id="354" name=".03"/><p:cNvSpPr txBox="1"/><p:nvPr/></p:nvSpPr><p:spPr><a:xfrm><a:off x="19354587" y="3859352"/><a:ext cx="2769636" cy="1487587"/></a:xfrm><a:prstGeom prst="rect"><a:avLst/></a:prstGeom><a:noFill/><a:ln w="12700" cap="flat"><a:noFill/><a:miter lim="400000"/></a:ln><a:effectLst/><a:extLst><a:ext uri="{C572A759-6A51-4108-AA02-DFA0A04FC94B}"><ma14:wrappingTextBoxFlag xmlns:ma14="http://schemas.microsoft.com/office/mac/drawingml/2011/main" xmlns:a14="http://schemas.microsoft.com/office/drawing/2010/main" xmlns:m="http://schemas.openxmlformats.org/officeDocument/2006/math" xmlns="" val="1"/></a:ext></a:extLst></p:spPr><p:txBody><a:bodyPr wrap="square" lIns="50800" tIns="50800" rIns="50800" bIns="50800" numCol="1" anchor="ctr"><a:spAutoFit/></a:bodyPr><a:lstStyle><a:lvl1pPr algn="r"><a:defRPr sz="9000" b="0"><a:solidFill><a:srgbClr val="EEF4FE"/></a:solidFill><a:latin typeface="Maven Pro Medium"/><a:ea typeface="Maven Pro Medium"/><a:cs typeface="Maven Pro Medium"/><a:sym typeface="Maven Pro Medium"/></a:defRPr></a:lvl1pPr></a:lstStyle><a:p><a:r><a:rPr dirty="0"><a:solidFill><a:schemeClr val="accent6"/></a:solidFill><a:latin typeface="Montserrat ExtraBold" panose="00000900000000000000" pitchFamily="2" charset="-52"/></a:rPr><a:t>.03</a:t></a:r></a:p></p:txBody></p:sp><p:sp><p:nvSpPr><p:cNvPr id="24" name="Numbered list"><a:extLst><a:ext uri="{FF2B5EF4-FFF2-40B4-BE49-F238E27FC236}"><a16:creationId xmlns:a16="http://schemas.microsoft.com/office/drawing/2014/main" id="{C5D430E7-045B-4F08-A396-85B01ACD95DB}"/></a:ext></a:extLst></p:cNvPr><p:cNvSpPr txBox="1"/><p:nvPr/></p:nvSpPr><p:spPr><a:xfrm><a:off x="2394564" y="1242277"/><a:ext cx="20694036" cy="1333698"/></a:xfrm><a:prstGeom prst="rect"><a:avLst/></a:prstGeom><a:ln w="12700"><a:miter lim="400000"/></a:ln><a:extLst><a:ext uri="{C572A759-6A51-4108-AA02-DFA0A04FC94B}"><ma14:wrappingTextBoxFlag xmlns:ma14="http://schemas.microsoft.com/office/mac/drawingml/2011/main" xmlns:a14="http://schemas.microsoft.com/office/drawing/2010/main" xmlns:m="http://schemas.openxmlformats.org/officeDocument/2006/math" xmlns="" val="1"/></a:ext></a:extLst></p:spPr><p:txBody><a:bodyPr wrap="square" lIns="50800" tIns="50800" rIns="50800" bIns="50800" anchor="ctr"><a:spAutoFit/></a:bodyPr><a:lstStyle><a:lvl1pPr algn="l"><a:defRPr sz="8000" b="0"><a:solidFill><a:srgbClr val="31333D"/></a:solidFill><a:latin typeface="Maven Pro Medium"/><a:ea typeface="Maven Pro Medium"/><a:cs typeface="Maven Pro Medium"/><a:sym typeface="Maven Pro Medium"/></a:defRPr></a:lvl1pPr></a:lstStyle><a:p><a:r><a:rPr lang="ru-RU" dirty="0"><a:latin typeface="Montserrat ExtraBold" panose="00000900000000000000" pitchFamily="2" charset="-52"/></a:rPr><a:t>Проектный продукт</a:t></a:r><a:endParaRPr lang="en-US" dirty="0"><a:latin typeface="Montserrat ExtraBold" panose="00000900000000000000" pitchFamily="2" charset="-52"/></a:endParaRPr></a:p></p:txBody></p:sp></p:spTree></p:cSld><p:clrMapOvr><a:masterClrMapping/></p:clrMapOvr><p:transition spd="med"/></p:sld>