<?xml version="1.0" encoding="UTF-8" standalone="yes"?>
<p:sld xmlns:a="http://schemas.openxmlformats.org/drawingml/2006/main" xmlns:r="http://schemas.openxmlformats.org/officeDocument/2006/relationships" xmlns:p="http://schemas.openxmlformats.org/presentationml/2006/main"><p:cSld><p:spTree><p:nvGrpSpPr><p:cNvPr id="1" name=""/><p:cNvGrpSpPr/><p:nvPr/></p:nvGrpSpPr><p:grpSpPr><a:xfrm><a:off x="0" y="0"/><a:ext cx="0" cy="0"/><a:chOff x="0" y="0"/><a:chExt cx="0" cy="0"/></a:xfrm></p:grpSpPr><p:sp><p:nvSpPr><p:cNvPr id="181" name="Icon list slides"/><p:cNvSpPr txBox="1"/><p:nvPr/></p:nvSpPr><p:spPr><a:xfrm><a:off x="2394564" y="1959397"/><a:ext cx="9930786" cy="1333698"/></a:xfrm><a:prstGeom prst="rect"><a:avLst/></a:prstGeom><a:ln w="12700"><a:miter lim="400000"/></a:ln><a:extLst><a:ext uri="{C572A759-6A51-4108-AA02-DFA0A04FC94B}"><ma14:wrappingTextBoxFlag xmlns:ma14="http://schemas.microsoft.com/office/mac/drawingml/2011/main" xmlns:a14="http://schemas.microsoft.com/office/drawing/2010/main" xmlns:m="http://schemas.openxmlformats.org/officeDocument/2006/math" xmlns="" val="1"/></a:ext></a:extLst></p:spPr><p:txBody><a:bodyPr wrap="square" lIns="50800" tIns="50800" rIns="50800" bIns="50800" anchor="ctr"><a:spAutoFit/></a:bodyPr><a:lstStyle><a:lvl1pPr algn="l"><a:defRPr sz="8000" b="0"><a:solidFill><a:srgbClr val="31333D"/></a:solidFill><a:latin typeface="Maven Pro Medium"/><a:ea typeface="Maven Pro Medium"/><a:cs typeface="Maven Pro Medium"/><a:sym typeface="Maven Pro Medium"/></a:defRPr></a:lvl1pPr></a:lstStyle><a:p><a:r><a:rPr lang="ru-RU" dirty="0"><a:latin typeface="Montserrat ExtraBold" panose="00000900000000000000" pitchFamily="2" charset="-52"/></a:rPr><a:t>Метод проектов</a:t></a:r><a:endParaRPr lang="en-US" dirty="0"><a:latin typeface="Montserrat ExtraBold" panose="00000900000000000000" pitchFamily="2" charset="-52"/></a:endParaRPr></a:p></p:txBody></p:sp><p:sp><p:nvSpPr><p:cNvPr id="182" name="Фигура"/><p:cNvSpPr/><p:nvPr/></p:nvSpPr><p:spPr><a:xfrm><a:off x="2476369" y="3805169"/><a:ext cx="1576918" cy="560673"/></a:xfrm><a:custGeom><a:avLst/><a:gdLst/><a:ahLst/><a:cxnLst><a:cxn ang="0"><a:pos x="wd2" y="hd2"/></a:cxn><a:cxn ang="5400000"><a:pos x="wd2" y="hd2"/></a:cxn><a:cxn ang="10800000"><a:pos x="wd2" y="hd2"/></a:cxn><a:cxn ang="16200000"><a:pos x="wd2" y="hd2"/></a:cxn></a:cxnLst><a:rect l="0" t="0" r="r" b="b"/><a:pathLst><a:path w="21380" h="21310" extrusionOk="0"><a:moveTo><a:pt x="10829" y="4"/></a:moveTo><a:cubicBezTo><a:pt x="8668" y="-147"/><a:pt x="6864" y="4633"/><a:pt x="6858" y="10653"/></a:cubicBezTo><a:cubicBezTo><a:pt x="6852" y="16420"/><a:pt x="8513" y="21087"/><a:pt x="10581" y="21303"/></a:cubicBezTo><a:cubicBezTo><a:pt x="12027" y="21453"/><a:pt x="13378" y="19280"/><a:pt x="14063" y="15706"/></a:cubicBezTo><a:cubicBezTo><a:pt x="14350" y="14244"/><a:pt x="14842" y="13182"/><a:pt x="15419" y="12765"/></a:cubicBezTo><a:cubicBezTo><a:pt x="16212" y="12191"/><a:pt x="17052" y="12890"/><a:pt x="17603" y="14590"/></a:cubicBezTo><a:cubicBezTo><a:pt x="18900" y="18813"/><a:pt x="21371" y="16270"/><a:pt x="21381" y="10698"/></a:cubicBezTo><a:cubicBezTo><a:pt x="21390" y="5071"/><a:pt x="18891" y="2453"/><a:pt x="17587" y="6731"/></a:cubicBezTo><a:cubicBezTo><a:pt x="17150" y="8044"/><a:pt x="16527" y="8760"/><a:pt x="15887" y="8692"/></a:cubicBezTo><a:cubicBezTo><a:pt x="15103" y="8610"/><a:pt x="14394" y="7388"/><a:pt x="14014" y="5464"/></a:cubicBezTo><a:cubicBezTo><a:pt x="13376" y="2181"/><a:pt x="12162" y="97"/><a:pt x="10829" y="4"/></a:cubicBezTo><a:close/><a:moveTo><a:pt x="2155" y="4559"/></a:moveTo><a:cubicBezTo><a:pt x="1603" y="4559"/><a:pt x="1053" y="5159"/><a:pt x="632" y="6339"/></a:cubicBezTo><a:cubicBezTo><a:pt x="-210" y="8699"/><a:pt x="-210" y="12517"/><a:pt x="632" y="14877"/></a:cubicBezTo><a:cubicBezTo><a:pt x="1474" y="17237"/><a:pt x="2836" y="17237"/><a:pt x="3677" y="14877"/></a:cubicBezTo><a:cubicBezTo><a:pt x="4519" y="12517"/><a:pt x="4519" y="8699"/><a:pt x="3677" y="6339"/></a:cubicBezTo><a:cubicBezTo><a:pt x="3257" y="5159"/><a:pt x="2706" y="4559"/><a:pt x="2155" y="4559"/></a:cubicBezTo><a:close/></a:path></a:pathLst></a:custGeom><a:gradFill><a:gsLst><a:gs pos="0"><a:schemeClr val="accent2"/></a:gs><a:gs pos="100000"><a:schemeClr val="accent1"/></a:gs></a:gsLst><a:lin ang="2015830"/></a:gradFill><a:ln w="12700"><a:miter lim="400000"/></a:ln></p:spPr><p:txBody><a:bodyPr lIns="0" tIns="0" rIns="0" bIns="0" anchor="ctr"/><a:lstStyle/><a:p><a:pPr><a:defRPr sz="3200" b="0"><a:solidFill><a:srgbClr val="FFFFFF"/></a:solidFill><a:latin typeface="+mn-lt"/><a:ea typeface="+mn-ea"/><a:cs typeface="+mn-cs"/><a:sym typeface="Helvetica Neue Medium"/></a:defRPr></a:pPr><a:endParaRPr/></a:p></p:txBody></p:sp><p:sp><p:nvSpPr><p:cNvPr id="183" name="Lorem ipsum dolor sit amet, consectetur adipiscing elit, sed do eiusmod tempor incididunt ut labore et dolore magna aliqua. Ut enim ad minim veniam, quis nostrud"/><p:cNvSpPr txBox="1"/><p:nvPr/></p:nvSpPr><p:spPr><a:xfrm><a:off x="3416569" y="7988648"/><a:ext cx="8659336" cy="545086"/></a:xfrm><a:prstGeom prst="rect"><a:avLst/></a:prstGeom><a:ln w="12700"><a:miter lim="400000"/></a:ln><a:extLst><a:ext uri="{C572A759-6A51-4108-AA02-DFA0A04FC94B}"><ma14:wrappingTextBoxFlag xmlns:ma14="http://schemas.microsoft.com/office/mac/drawingml/2011/main" xmlns:a14="http://schemas.microsoft.com/office/drawing/2010/main" xmlns:m="http://schemas.openxmlformats.org/officeDocument/2006/math" xmlns="" val="1"/></a:ext></a:extLst></p:spPr><p:txBody><a:bodyPr lIns="50800" tIns="50800" rIns="50800" bIns="50800"><a:spAutoFit/></a:bodyPr><a:lstStyle><a:lvl1pPr algn="l"><a:lnSpc><a:spcPct val="120000"/></a:lnSpc><a:spcBef><a:spcPts val="2000"/></a:spcBef><a:defRPr sz="2600" b="0"><a:solidFill><a:srgbClr val="646979"/></a:solidFill><a:latin typeface="Open Sans"/><a:ea typeface="Open Sans"/><a:cs typeface="Open Sans"/><a:sym typeface="Open Sans"/></a:defRPr></a:lvl1pPr></a:lstStyle><a:p><a:r><a:rPr lang="ru-RU" dirty="0"><a:latin typeface="Montserrat" panose="00000500000000000000" pitchFamily="2" charset="-52"/></a:rPr><a:t>связать теорию с практикой </a:t></a:r><a:endParaRPr lang="en-US" dirty="0"><a:latin typeface="Montserrat" panose="00000500000000000000" pitchFamily="2" charset="-52"/></a:endParaRPr></a:p></p:txBody></p:sp><p:sp><p:nvSpPr><p:cNvPr id="184" name="Subtitle text about project"/><p:cNvSpPr txBox="1"/><p:nvPr/></p:nvSpPr><p:spPr><a:xfrm><a:off x="3405306" y="7146975"/><a:ext cx="8436562" cy="718145"/></a:xfrm><a:prstGeom prst="rect"><a:avLst/></a:prstGeom><a:ln w="12700"><a:miter lim="400000"/></a:ln><a:extLst><a:ext uri="{C572A759-6A51-4108-AA02-DFA0A04FC94B}"><ma14:wrappingTextBoxFlag xmlns:ma14="http://schemas.microsoft.com/office/mac/drawingml/2011/main" xmlns:a14="http://schemas.microsoft.com/office/drawing/2010/main" xmlns:m="http://schemas.openxmlformats.org/officeDocument/2006/math" xmlns="" val="1"/></a:ext></a:extLst></p:spPr><p:txBody><a:bodyPr wrap="square" lIns="50800" tIns="50800" rIns="50800" bIns="50800" anchor="ctr"><a:spAutoFit/></a:bodyPr><a:lstStyle><a:lvl1pPr algn="l"><a:defRPr sz="4000" b="0"><a:solidFill><a:srgbClr val="31333D"/></a:solidFill><a:latin typeface="Maven Pro Medium"/><a:ea typeface="Maven Pro Medium"/><a:cs typeface="Maven Pro Medium"/><a:sym typeface="Maven Pro Medium"/></a:defRPr></a:lvl1pPr></a:lstStyle><a:p><a:r><a:rPr lang="ru-RU" dirty="0"><a:latin typeface="Montserrat ExtraBold" panose="00000900000000000000" pitchFamily="2" charset="-52"/></a:rPr><a:t>Дает возможность </a:t></a:r><a:endParaRPr lang="en-US" dirty="0"><a:latin typeface="Montserrat ExtraBold" panose="00000900000000000000" pitchFamily="2" charset="-52"/></a:endParaRPr></a:p></p:txBody></p:sp><p:sp><p:nvSpPr><p:cNvPr id="185" name="Lorem ipsum dolor sit amet, consectetur adipiscing elit, sed do eiusmod tempor incididunt ut labore et dolore magna aliqua. Ut enim ad minim veniam, quis nostrud"/><p:cNvSpPr txBox="1"/><p:nvPr/></p:nvSpPr><p:spPr><a:xfrm><a:off x="3416569" y="10262962"/><a:ext cx="8659336" cy="1025217"/></a:xfrm><a:prstGeom prst="rect"><a:avLst/></a:prstGeom><a:ln w="12700"><a:miter lim="400000"/></a:ln><a:extLst><a:ext uri="{C572A759-6A51-4108-AA02-DFA0A04FC94B}"><ma14:wrappingTextBoxFlag xmlns:ma14="http://schemas.microsoft.com/office/mac/drawingml/2011/main" xmlns:a14="http://schemas.microsoft.com/office/drawing/2010/main" xmlns:m="http://schemas.openxmlformats.org/officeDocument/2006/math" xmlns="" val="1"/></a:ext></a:extLst></p:spPr><p:txBody><a:bodyPr lIns="50800" tIns="50800" rIns="50800" bIns="50800"><a:spAutoFit/></a:bodyPr><a:lstStyle><a:lvl1pPr algn="l"><a:lnSpc><a:spcPct val="120000"/></a:lnSpc><a:spcBef><a:spcPts val="2000"/></a:spcBef><a:defRPr sz="2600" b="0"><a:solidFill><a:srgbClr val="646979"/></a:solidFill><a:latin typeface="Open Sans"/><a:ea typeface="Open Sans"/><a:cs typeface="Open Sans"/><a:sym typeface="Open Sans"/></a:defRPr></a:lvl1pPr></a:lstStyle><a:p><a:r><a:rPr lang="ru-RU" dirty="0"><a:latin typeface="Montserrat" panose="00000500000000000000" pitchFamily="2" charset="-52"/></a:rPr><a:t>для самостоятельной деятельности обучающихся в ситуации выбора </a:t></a:r><a:endParaRPr lang="en-US" dirty="0"><a:latin typeface="Montserrat" panose="00000500000000000000" pitchFamily="2" charset="-52"/></a:endParaRPr></a:p></p:txBody></p:sp><p:sp><p:nvSpPr><p:cNvPr id="186" name="Subtitle text about project"/><p:cNvSpPr txBox="1"/><p:nvPr/></p:nvSpPr><p:spPr><a:xfrm><a:off x="3405306" y="9421289"/><a:ext cx="8436562" cy="718145"/></a:xfrm><a:prstGeom prst="rect"><a:avLst/></a:prstGeom><a:ln w="12700"><a:miter lim="400000"/></a:ln><a:extLst><a:ext uri="{C572A759-6A51-4108-AA02-DFA0A04FC94B}"><ma14:wrappingTextBoxFlag xmlns:ma14="http://schemas.microsoft.com/office/mac/drawingml/2011/main" xmlns:a14="http://schemas.microsoft.com/office/drawing/2010/main" xmlns:m="http://schemas.openxmlformats.org/officeDocument/2006/math" xmlns="" val="1"/></a:ext></a:extLst></p:spPr><p:txBody><a:bodyPr wrap="square" lIns="50800" tIns="50800" rIns="50800" bIns="50800" anchor="ctr"><a:spAutoFit/></a:bodyPr><a:lstStyle><a:lvl1pPr algn="l"><a:defRPr sz="4000" b="0"><a:solidFill><a:srgbClr val="31333D"/></a:solidFill><a:latin typeface="Maven Pro Medium"/><a:ea typeface="Maven Pro Medium"/><a:cs typeface="Maven Pro Medium"/><a:sym typeface="Maven Pro Medium"/></a:defRPr></a:lvl1pPr></a:lstStyle><a:p><a:r><a:rPr lang="ru-RU" dirty="0"><a:latin typeface="Montserrat ExtraBold" panose="00000900000000000000" pitchFamily="2" charset="-52"/></a:rPr><a:t>Создает условия </a:t></a:r><a:endParaRPr lang="en-US" dirty="0"><a:latin typeface="Montserrat ExtraBold" panose="00000900000000000000" pitchFamily="2" charset="-52"/></a:endParaRPr></a:p></p:txBody></p:sp><p:sp><p:nvSpPr><p:cNvPr id="187" name="Lorem ipsum dolor sit amet, consectetur adipiscing elit, sed do eiusmod tempor incididunt ut labore et dolore magna aliqua. Ut enim ad minim veniam, quis nostrud"/><p:cNvSpPr txBox="1"/><p:nvPr/></p:nvSpPr><p:spPr><a:xfrm><a:off x="13601969" y="7988648"/><a:ext cx="8659336" cy="545086"/></a:xfrm><a:prstGeom prst="rect"><a:avLst/></a:prstGeom><a:ln w="12700"><a:miter lim="400000"/></a:ln><a:extLst><a:ext uri="{C572A759-6A51-4108-AA02-DFA0A04FC94B}"><ma14:wrappingTextBoxFlag xmlns:ma14="http://schemas.microsoft.com/office/mac/drawingml/2011/main" xmlns:a14="http://schemas.microsoft.com/office/drawing/2010/main" xmlns:m="http://schemas.openxmlformats.org/officeDocument/2006/math" xmlns="" val="1"/></a:ext></a:extLst></p:spPr><p:txBody><a:bodyPr lIns="50800" tIns="50800" rIns="50800" bIns="50800"><a:spAutoFit/></a:bodyPr><a:lstStyle><a:lvl1pPr algn="l"><a:lnSpc><a:spcPct val="120000"/></a:lnSpc><a:spcBef><a:spcPts val="2000"/></a:spcBef><a:defRPr sz="2600" b="0"><a:solidFill><a:srgbClr val="646979"/></a:solidFill><a:latin typeface="Open Sans"/><a:ea typeface="Open Sans"/><a:cs typeface="Open Sans"/><a:sym typeface="Open Sans"/></a:defRPr></a:lvl1pPr></a:lstStyle><a:p><a:r><a:rPr lang="ru-RU" dirty="0"><a:latin typeface="Montserrat" panose="00000500000000000000" pitchFamily="2" charset="-52"/></a:rPr><a:t>творческие способности обучающихся</a:t></a:r><a:endParaRPr lang="en-US" dirty="0"><a:latin typeface="Montserrat" panose="00000500000000000000" pitchFamily="2" charset="-52"/></a:endParaRPr></a:p></p:txBody></p:sp><p:sp><p:nvSpPr><p:cNvPr id="188" name="Subtitle text about project"/><p:cNvSpPr txBox="1"/><p:nvPr/></p:nvSpPr><p:spPr><a:xfrm><a:off x="13590704" y="7146975"/><a:ext cx="9021645" cy="718145"/></a:xfrm><a:prstGeom prst="rect"><a:avLst/></a:prstGeom><a:ln w="12700"><a:miter lim="400000"/></a:ln><a:extLst><a:ext uri="{C572A759-6A51-4108-AA02-DFA0A04FC94B}"><ma14:wrappingTextBoxFlag xmlns:ma14="http://schemas.microsoft.com/office/mac/drawingml/2011/main" xmlns:a14="http://schemas.microsoft.com/office/drawing/2010/main" xmlns:m="http://schemas.openxmlformats.org/officeDocument/2006/math" xmlns="" val="1"/></a:ext></a:extLst></p:spPr><p:txBody><a:bodyPr wrap="square" lIns="50800" tIns="50800" rIns="50800" bIns="50800" anchor="ctr"><a:spAutoFit/></a:bodyPr><a:lstStyle><a:lvl1pPr algn="l"><a:defRPr sz="4000" b="0"><a:solidFill><a:srgbClr val="31333D"/></a:solidFill><a:latin typeface="Maven Pro Medium"/><a:ea typeface="Maven Pro Medium"/><a:cs typeface="Maven Pro Medium"/><a:sym typeface="Maven Pro Medium"/></a:defRPr></a:lvl1pPr></a:lstStyle><a:p><a:r><a:rPr lang="ru-RU" dirty="0"><a:latin typeface="Montserrat ExtraBold" panose="00000900000000000000" pitchFamily="2" charset="-52"/></a:rPr><a:t>Развивает исследовательские</a:t></a:r><a:endParaRPr lang="en-US" dirty="0"><a:latin typeface="Montserrat ExtraBold" panose="00000900000000000000" pitchFamily="2" charset="-52"/></a:endParaRPr></a:p></p:txBody></p:sp><p:sp><p:nvSpPr><p:cNvPr id="189" name="Lorem ipsum dolor sit amet, consectetur adipiscing elit, sed do eiusmod tempor incididunt ut labore et dolore magna aliqua. Ut enim ad minim veniam, quis nostrud"/><p:cNvSpPr txBox="1"/><p:nvPr/></p:nvSpPr><p:spPr><a:xfrm><a:off x="13601969" y="10262962"/><a:ext cx="8659336" cy="1025217"/></a:xfrm><a:prstGeom prst="rect"><a:avLst/></a:prstGeom><a:ln w="12700"><a:miter lim="400000"/></a:ln><a:extLst><a:ext uri="{C572A759-6A51-4108-AA02-DFA0A04FC94B}"><ma14:wrappingTextBoxFlag xmlns:ma14="http://schemas.microsoft.com/office/mac/drawingml/2011/main" xmlns:a14="http://schemas.microsoft.com/office/drawing/2010/main" xmlns:m="http://schemas.openxmlformats.org/officeDocument/2006/math" xmlns="" val="1"/></a:ext></a:extLst></p:spPr><p:txBody><a:bodyPr lIns="50800" tIns="50800" rIns="50800" bIns="50800"><a:spAutoFit/></a:bodyPr><a:lstStyle><a:lvl1pPr algn="l"><a:lnSpc><a:spcPct val="120000"/></a:lnSpc><a:spcBef><a:spcPts val="2000"/></a:spcBef><a:defRPr sz="2600" b="0"><a:solidFill><a:srgbClr val="646979"/></a:solidFill><a:latin typeface="Open Sans"/><a:ea typeface="Open Sans"/><a:cs typeface="Open Sans"/><a:sym typeface="Open Sans"/></a:defRPr></a:lvl1pPr></a:lstStyle><a:p><a:r><a:rPr lang="ru-RU" dirty="0"><a:latin typeface="Montserrat" panose="00000500000000000000" pitchFamily="2" charset="-52"/></a:rPr><a:t>учебное сотрудничество и совместную деятельность</a:t></a:r><a:endParaRPr lang="en-US" dirty="0"><a:latin typeface="Montserrat" panose="00000500000000000000" pitchFamily="2" charset="-52"/></a:endParaRPr></a:p></p:txBody></p:sp><p:sp><p:nvSpPr><p:cNvPr id="190" name="Subtitle text about project"/><p:cNvSpPr txBox="1"/><p:nvPr/></p:nvSpPr><p:spPr><a:xfrm><a:off x="13590705" y="9421289"/><a:ext cx="8436562" cy="718145"/></a:xfrm><a:prstGeom prst="rect"><a:avLst/></a:prstGeom><a:ln w="12700"><a:miter lim="400000"/></a:ln><a:extLst><a:ext uri="{C572A759-6A51-4108-AA02-DFA0A04FC94B}"><ma14:wrappingTextBoxFlag xmlns:ma14="http://schemas.microsoft.com/office/mac/drawingml/2011/main" xmlns:a14="http://schemas.microsoft.com/office/drawing/2010/main" xmlns:m="http://schemas.openxmlformats.org/officeDocument/2006/math" xmlns="" val="1"/></a:ext></a:extLst></p:spPr><p:txBody><a:bodyPr wrap="square" lIns="50800" tIns="50800" rIns="50800" bIns="50800" anchor="ctr"><a:spAutoFit/></a:bodyPr><a:lstStyle><a:lvl1pPr algn="l"><a:defRPr sz="4000" b="0"><a:solidFill><a:srgbClr val="31333D"/></a:solidFill><a:latin typeface="Maven Pro Medium"/><a:ea typeface="Maven Pro Medium"/><a:cs typeface="Maven Pro Medium"/><a:sym typeface="Maven Pro Medium"/></a:defRPr></a:lvl1pPr></a:lstStyle><a:p><a:r><a:rPr lang="ru-RU" dirty="0"><a:latin typeface="Montserrat ExtraBold" panose="00000900000000000000" pitchFamily="2" charset="-52"/></a:rPr><a:t>Позволяет организовать </a:t></a:r><a:endParaRPr lang="en-US" dirty="0"><a:latin typeface="Montserrat ExtraBold" panose="00000900000000000000" pitchFamily="2" charset="-52"/></a:endParaRPr></a:p></p:txBody></p:sp><p:sp><p:nvSpPr><p:cNvPr id="191" name="Freeform 20"/><p:cNvSpPr/><p:nvPr/></p:nvSpPr><p:spPr><a:xfrm><a:off x="12734654" y="9400612"/><a:ext cx="566167" cy="659331"/></a:xfrm><a:custGeom><a:avLst/><a:gdLst/><a:ahLst/><a:cxnLst><a:cxn ang="0"><a:pos x="wd2" y="hd2"/></a:cxn><a:cxn ang="5400000"><a:pos x="wd2" y="hd2"/></a:cxn><a:cxn ang="10800000"><a:pos x="wd2" y="hd2"/></a:cxn><a:cxn ang="16200000"><a:pos x="wd2" y="hd2"/></a:cxn></a:cxnLst><a:rect l="0" t="0" r="r" b="b"/><a:pathLst><a:path w="21600" h="21600" extrusionOk="0"><a:moveTo><a:pt x="15919" y="0"/></a:moveTo><a:lnTo><a:pt x="2174" y="0"/></a:lnTo><a:cubicBezTo><a:pt x="877" y="0"/><a:pt x="0" y="754"/><a:pt x="0" y="1901"/></a:cubicBezTo><a:lnTo><a:pt x="0" y="15597"/></a:lnTo><a:lnTo><a:pt x="2174" y="15597"/></a:lnTo><a:lnTo><a:pt x="2174" y="1901"/></a:lnTo><a:lnTo><a:pt x="15919" y="1901"/></a:lnTo><a:lnTo><a:pt x="15919" y="0"/></a:lnTo><a:close/><a:moveTo><a:pt x="19216" y="3771"/></a:moveTo><a:lnTo><a:pt x="6768" y="3771"/></a:lnTo><a:cubicBezTo><a:pt x="5470" y="3771"/><a:pt x="4348" y="4706"/><a:pt x="4348" y="5822"/></a:cubicBezTo><a:lnTo><a:pt x="4348" y="19549"/></a:lnTo><a:cubicBezTo><a:pt x="4348" y="20665"/><a:pt x="5470" y="21600"/><a:pt x="6768" y="21600"/></a:cubicBezTo><a:lnTo><a:pt x="19216" y="21600"/></a:lnTo><a:cubicBezTo><a:pt x="20513" y="21600"/><a:pt x="21600" y="20665"/><a:pt x="21600" y="19549"/></a:cubicBezTo><a:lnTo><a:pt x="21600" y="5822"/></a:lnTo><a:cubicBezTo><a:pt x="21600" y="4706"/><a:pt x="20513" y="3771"/><a:pt x="19216" y="3771"/></a:cubicBezTo><a:close/><a:moveTo><a:pt x="19216" y="19549"/></a:moveTo><a:lnTo><a:pt x="6768" y="19549"/></a:lnTo><a:lnTo><a:pt x="6768" y="5822"/></a:lnTo><a:lnTo><a:pt x="19216" y="5822"/></a:lnTo><a:lnTo><a:pt x="19216" y="19549"/></a:lnTo><a:close/></a:path></a:pathLst></a:custGeom><a:gradFill><a:gsLst><a:gs pos="0"><a:schemeClr val="accent2"/></a:gs><a:gs pos="100000"><a:schemeClr val="accent1"/></a:gs></a:gsLst><a:lin ang="5400000"/></a:gradFill><a:ln w="12700"><a:miter lim="400000"/></a:ln></p:spPr><p:txBody><a:bodyPr lIns="45719" rIns="45719" anchor="ctr"/><a:lstStyle/><a:p><a:pPr algn="l" defTabSz="914400"><a:defRPr sz="1800" b="0"><a:latin typeface="Roboto"/><a:ea typeface="Roboto"/><a:cs typeface="Roboto"/><a:sym typeface="Roboto"/></a:defRPr></a:pPr><a:endParaRPr/></a:p></p:txBody></p:sp><p:sp><p:nvSpPr><p:cNvPr id="193" name="Freeform 22"/><p:cNvSpPr/><p:nvPr/></p:nvSpPr><p:spPr><a:xfrm><a:off x="12774231" y="7176383"/><a:ext cx="537814" cy="659330"/></a:xfrm><a:custGeom><a:avLst/><a:gdLst/><a:ahLst/><a:cxnLst><a:cxn ang="0"><a:pos x="wd2" y="hd2"/></a:cxn><a:cxn ang="5400000"><a:pos x="wd2" y="hd2"/></a:cxn><a:cxn ang="10800000"><a:pos x="wd2" y="hd2"/></a:cxn><a:cxn ang="16200000"><a:pos x="wd2" y="hd2"/></a:cxn></a:cxnLst><a:rect l="0" t="0" r="r" b="b"/><a:pathLst><a:path w="21600" h="21600" extrusionOk="0"><a:moveTo><a:pt x="19052" y="1870"/></a:moveTo><a:lnTo><a:pt x="13994" y="1870"/></a:lnTo><a:cubicBezTo><a:pt x="13551" y="754"/><a:pt x="12406" y="0"/><a:pt x="10782" y="0"/></a:cubicBezTo><a:cubicBezTo><a:pt x="9194" y="0"/><a:pt x="7791" y="754"/><a:pt x="7348" y="1870"/></a:cubicBezTo><a:lnTo><a:pt x="2289" y="1870"/></a:lnTo><a:cubicBezTo><a:pt x="886" y="1870"/><a:pt x="0" y="2806"/><a:pt x="0" y="3922"/></a:cubicBezTo><a:lnTo><a:pt x="0" y="19518"/></a:lnTo><a:cubicBezTo><a:pt x="0" y="20665"/><a:pt x="886" y="21600"/><a:pt x="2289" y="21600"/></a:cubicBezTo><a:lnTo><a:pt x="19052" y="21600"/></a:lnTo><a:cubicBezTo><a:pt x="20455" y="21600"/><a:pt x="21600" y="20665"/><a:pt x="21600" y="19518"/></a:cubicBezTo><a:lnTo><a:pt x="21600" y="3922"/></a:lnTo><a:cubicBezTo><a:pt x="21600" y="2806"/><a:pt x="20455" y="1870"/><a:pt x="19052" y="1870"/></a:cubicBezTo><a:close/><a:moveTo><a:pt x="10782" y="1870"/></a:moveTo><a:cubicBezTo><a:pt x="11483" y="1870"/><a:pt x="11926" y="2142"/><a:pt x="11926" y="2806"/></a:cubicBezTo><a:cubicBezTo><a:pt x="11926" y="3469"/><a:pt x="11483" y="3922"/><a:pt x="10782" y="3922"/></a:cubicBezTo><a:cubicBezTo><a:pt x="10117" y="3922"/><a:pt x="9637" y="3469"/><a:pt x="9637" y="2806"/></a:cubicBezTo><a:cubicBezTo><a:pt x="9637" y="2142"/><a:pt x="10117" y="1870"/><a:pt x="10782" y="1870"/></a:cubicBezTo><a:close/><a:moveTo><a:pt x="19052" y="19518"/></a:moveTo><a:lnTo><a:pt x="2289" y="19518"/></a:lnTo><a:lnTo><a:pt x="2289" y="3922"/></a:lnTo><a:lnTo><a:pt x="4800" y="3922"/></a:lnTo><a:lnTo><a:pt x="4800" y="6758"/></a:lnTo><a:lnTo><a:pt x="16763" y="6758"/></a:lnTo><a:lnTo><a:pt x="16763" y="3922"/></a:lnTo><a:lnTo><a:pt x="19052" y="3922"/></a:lnTo><a:lnTo><a:pt x="19052" y="19518"/></a:lnTo><a:close/></a:path></a:pathLst></a:custGeom><a:gradFill><a:gsLst><a:gs pos="0"><a:schemeClr val="accent2"/></a:gs><a:gs pos="100000"><a:schemeClr val="accent1"/></a:gs></a:gsLst><a:lin ang="5400000"/></a:gradFill><a:ln w="12700"><a:miter lim="400000"/></a:ln></p:spPr><p:txBody><a:bodyPr lIns="45719" rIns="45719" anchor="ctr"/><a:lstStyle/><a:p><a:pPr algn="l" defTabSz="914400"><a:defRPr sz="1800" b="0"><a:latin typeface="Roboto"/><a:ea typeface="Roboto"/><a:cs typeface="Roboto"/><a:sym typeface="Roboto"/></a:defRPr></a:pPr><a:endParaRPr/></a:p></p:txBody></p:sp><p:sp><p:nvSpPr><p:cNvPr id="194" name="Freeform 23"/><p:cNvSpPr/><p:nvPr/></p:nvSpPr><p:spPr><a:xfrm><a:off x="2553840" y="9469307"/><a:ext cx="534831" cy="535057"/></a:xfrm><a:custGeom><a:avLst/><a:gdLst/><a:ahLst/><a:cxnLst><a:cxn ang="0"><a:pos x="wd2" y="hd2"/></a:cxn><a:cxn ang="5400000"><a:pos x="wd2" y="hd2"/></a:cxn><a:cxn ang="10800000"><a:pos x="wd2" y="hd2"/></a:cxn><a:cxn ang="16200000"><a:pos x="wd2" y="hd2"/></a:cxn></a:cxnLst><a:rect l="0" t="0" r="r" b="b"/><a:pathLst><a:path w="21480" h="21489" extrusionOk="0"><a:moveTo><a:pt x="0" y="17132"/></a:moveTo><a:lnTo><a:pt x="0" y="21489"/></a:lnTo><a:lnTo><a:pt x="4608" y="21489"/></a:lnTo><a:lnTo><a:pt x="17693" y="8160"/></a:lnTo><a:lnTo><a:pt x="13085" y="3581"/></a:lnTo><a:lnTo><a:pt x="0" y="17132"/></a:lnTo><a:close/><a:moveTo><a:pt x="21121" y="4726"/></a:moveTo><a:cubicBezTo><a:pt x="21600" y="4246"/><a:pt x="21600" y="3581"/><a:pt x="21121" y="3101"/></a:cubicBezTo><a:lnTo><a:pt x="18393" y="332"/></a:lnTo><a:cubicBezTo><a:pt x="17914" y="-111"/><a:pt x="17214" y="-111"/><a:pt x="16771" y="332"/></a:cubicBezTo><a:lnTo><a:pt x="14707" y="2400"/></a:lnTo><a:lnTo><a:pt x="19057" y="7015"/></a:lnTo><a:lnTo><a:pt x="21121" y="4726"/></a:lnTo><a:close/></a:path></a:pathLst></a:custGeom><a:gradFill><a:gsLst><a:gs pos="0"><a:schemeClr val="accent2"/></a:gs><a:gs pos="100000"><a:schemeClr val="accent1"/></a:gs></a:gsLst><a:lin ang="5400000"/></a:gradFill><a:ln w="12700"><a:miter lim="400000"/></a:ln></p:spPr><p:txBody><a:bodyPr lIns="45719" rIns="45719" anchor="ctr"/><a:lstStyle/><a:p><a:pPr algn="l" defTabSz="914400"><a:defRPr sz="1800" b="0"><a:latin typeface="Roboto"/><a:ea typeface="Roboto"/><a:cs typeface="Roboto"/><a:sym typeface="Roboto"/></a:defRPr></a:pPr><a:endParaRPr/></a:p></p:txBody></p:sp><p:sp><p:nvSpPr><p:cNvPr id="20" name="TextBox 19"><a:extLst><a:ext uri="{FF2B5EF4-FFF2-40B4-BE49-F238E27FC236}"><a16:creationId xmlns:a16="http://schemas.microsoft.com/office/drawing/2014/main" id="{61D048C0-5596-4CF8-97FB-FEDADC90E5D5}"/></a:ext></a:extLst></p:cNvPr><p:cNvSpPr txBox="1"/><p:nvPr/></p:nvSpPr><p:spPr><a:xfrm><a:off x="2394564" y="4918036"/><a:ext cx="18465186" cy="1167179"/></a:xfrm><a:prstGeom prst="rect"><a:avLst/></a:prstGeom><a:ln w="12700"><a:miter lim="400000"/></a:ln></p:spPr><p:txBody><a:bodyPr wrap="square" lIns="50800" tIns="50800" rIns="50800" bIns="50800"><a:spAutoFit/></a:bodyPr><a:lstStyle><a:defPPr marL="0" marR="0" indent="0" algn="l" defTabSz="914400" rtl="0" fontAlgn="auto" latinLnBrk="1" hangingPunct="0"><a:lnSpc><a:spcPct val="100000"/></a:lnSpc><a:spcBef><a:spcPts val="0"/></a:spcBef><a:spcAft><a:spcPts val="0"/></a:spcAft><a:buClrTx/><a:buSzTx/><a:buFontTx/><a:buNone/><a:tabLst/><a:defRPr kumimoji="0" sz="1800" b="0" i="0" u="none" strike="noStrike" cap="none" spc="0" normalizeH="0" baseline="0"><a:ln><a:noFill/></a:ln><a:solidFill><a:srgbClr val="000000"/></a:solidFill><a:effectLst/><a:uFillTx/></a:defRPr></a:defPPr><a:lvl1pPr algn="l"><a:lnSpc><a:spcPct val="120000"/></a:lnSpc><a:spcBef><a:spcPts val="2000"/></a:spcBef><a:defRPr sz="2600" b="0"><a:solidFill><a:srgbClr val="646979"/></a:solidFill><a:latin typeface="Montserrat" panose="00000500000000000000" pitchFamily="2" charset="-52"/><a:ea typeface="Open Sans"/><a:cs typeface="Open Sans"/></a:defRPr></a:lvl1pPr></a:lstStyle><a:p><a:r><a:rPr lang="ru-RU" sz="3000" dirty="0"><a:solidFill><a:srgbClr val="636EDC"/></a:solidFill><a:latin typeface="Montserrat Medium" panose="00000600000000000000" pitchFamily="2" charset="-52"/></a:rPr><a:t>Позволяет обучающимся находить значимую для них проблему и решать ее путем творческого поиска и применения интегрированного знания </a:t></a:r></a:p></p:txBody></p:sp><p:grpSp><p:nvGrpSpPr><p:cNvPr id="14" name="Рисунок 3"><a:extLst><a:ext uri="{FF2B5EF4-FFF2-40B4-BE49-F238E27FC236}"><a16:creationId xmlns:a16="http://schemas.microsoft.com/office/drawing/2014/main" id="{DD467B6D-C1EE-41AB-998E-4461B5588391}"/></a:ext></a:extLst></p:cNvPr><p:cNvGrpSpPr/><p:nvPr/></p:nvGrpSpPr><p:grpSpPr><a:xfrm><a:off x="2401689" y="7181456"/><a:ext cx="663070" cy="726220"/><a:chOff x="967096" y="6935625"/><a:chExt cx="1089328" cy="1193075"/></a:xfrm><a:noFill/></p:grpSpPr><p:sp><p:nvSpPr><p:cNvPr id="15" name="Полилиния: фигура 14"><a:extLst><a:ext uri="{FF2B5EF4-FFF2-40B4-BE49-F238E27FC236}"><a16:creationId xmlns:a16="http://schemas.microsoft.com/office/drawing/2014/main" id="{5FF9C064-4CAE-4038-AC30-0FFEA308FFF6}"/></a:ext></a:extLst></p:cNvPr><p:cNvSpPr/><p:nvPr/></p:nvSpPr><p:spPr><a:xfrm><a:off x="1433951" y="7454353"/><a:ext cx="155618" cy="155618"/></a:xfrm><a:custGeom><a:avLst/><a:gdLst><a:gd name="connsiteX0" fmla="*/ 155619 w 155618"/><a:gd name="connsiteY0" fmla="*/ 77809 h 155618"/><a:gd name="connsiteX1" fmla="*/ 77809 w 155618"/><a:gd name="connsiteY1" fmla="*/ 155619 h 155618"/><a:gd name="connsiteX2" fmla="*/ 0 w 155618"/><a:gd name="connsiteY2" fmla="*/ 77809 h 155618"/><a:gd name="connsiteX3" fmla="*/ 77809 w 155618"/><a:gd name="connsiteY3" fmla="*/ 0 h 155618"/><a:gd name="connsiteX4" fmla="*/ 155619 w 155618"/><a:gd name="connsiteY4" fmla="*/ 77809 h 155618"/></a:gdLst><a:ahLst/><a:cxnLst><a:cxn ang="0"><a:pos x="connsiteX0" y="connsiteY0"/></a:cxn><a:cxn ang="0"><a:pos x="connsiteX1" y="connsiteY1"/></a:cxn><a:cxn ang="0"><a:pos x="connsiteX2" y="connsiteY2"/></a:cxn><a:cxn ang="0"><a:pos x="connsiteX3" y="connsiteY3"/></a:cxn><a:cxn ang="0"><a:pos x="connsiteX4" y="connsiteY4"/></a:cxn></a:cxnLst><a:rect l="l" t="t" r="r" b="b"/><a:pathLst><a:path w="155618" h="155618"><a:moveTo><a:pt x="155619" y="77809"/></a:moveTo><a:cubicBezTo><a:pt x="155619" y="120782"/><a:pt x="120782" y="155619"/><a:pt x="77809" y="155619"/></a:cubicBezTo><a:cubicBezTo><a:pt x="34836" y="155619"/><a:pt x="0" y="120782"/><a:pt x="0" y="77809"/></a:cubicBezTo><a:cubicBezTo><a:pt x="0" y="34836"/><a:pt x="34836" y="0"/><a:pt x="77809" y="0"/></a:cubicBezTo><a:cubicBezTo><a:pt x="120782" y="0"/><a:pt x="155619" y="34836"/><a:pt x="155619" y="77809"/></a:cubicBezTo><a:close/></a:path></a:pathLst></a:custGeom><a:grpFill/><a:ln w="51594" cap="rnd"><a:gradFill><a:gsLst><a:gs pos="0"><a:srgbClr val="5E9EEE"/></a:gs><a:gs pos="100000"><a:srgbClr val="636BDB"/></a:gs></a:gsLst><a:lin ang="5400000" scaled="1"/></a:gradFill><a:prstDash val="solid"/><a:round/></a:ln></p:spPr><p:txBody><a:bodyPr rtlCol="0" anchor="ctr"/><a:lstStyle/><a:p><a:endParaRPr lang="ru-RU"/></a:p></p:txBody></p:sp><p:sp><p:nvSpPr><p:cNvPr id="19" name="Полилиния: фигура 18"><a:extLst><a:ext uri="{FF2B5EF4-FFF2-40B4-BE49-F238E27FC236}"><a16:creationId xmlns:a16="http://schemas.microsoft.com/office/drawing/2014/main" id="{B9F73796-52C3-4B99-8361-E303C0E4EF10}"/></a:ext></a:extLst></p:cNvPr><p:cNvSpPr/><p:nvPr/></p:nvSpPr><p:spPr><a:xfrm><a:off x="967096" y="7169794"/><a:ext cx="1089327" cy="725478"/></a:xfrm><a:custGeom><a:avLst/><a:gdLst><a:gd name="connsiteX0" fmla="*/ 155766 w 1089327"/><a:gd name="connsiteY0" fmla="*/ 0 h 725478"/><a:gd name="connsiteX1" fmla="*/ 13505 w 1089327"/><a:gd name="connsiteY1" fmla="*/ 61821 h 725478"/><a:gd name="connsiteX2" fmla="*/ 424664 w 1089327"/><a:gd name="connsiteY2" fmla="*/ 566067 h 725478"/><a:gd name="connsiteX3" fmla="*/ 1075822 w 1089327"/><a:gd name="connsiteY3" fmla="*/ 662917 h 725478"/><a:gd name="connsiteX4" fmla="*/ 664664 w 1089327"/><a:gd name="connsiteY4" fmla="*/ 158667 h 725478"/><a:gd name="connsiteX5" fmla="*/ 207196 w 1089327"/><a:gd name="connsiteY5" fmla="*/ 719 h 725478"/></a:gdLst><a:ahLst/><a:cxnLst><a:cxn ang="0"><a:pos x="connsiteX0" y="connsiteY0"/></a:cxn><a:cxn ang="0"><a:pos x="connsiteX1" y="connsiteY1"/></a:cxn><a:cxn ang="0"><a:pos x="connsiteX2" y="connsiteY2"/></a:cxn><a:cxn ang="0"><a:pos x="connsiteX3" y="connsiteY3"/></a:cxn><a:cxn ang="0"><a:pos x="connsiteX4" y="connsiteY4"/></a:cxn><a:cxn ang="0"><a:pos x="connsiteX5" y="connsiteY5"/></a:cxn></a:cxnLst><a:rect l="l" t="t" r="r" b="b"/><a:pathLst><a:path w="1089327" h="725478"><a:moveTo><a:pt x="155766" y="0"/></a:moveTo><a:cubicBezTo><a:pt x="87446" y="2764"/><a:pt x="36592" y="22628"/><a:pt x="13505" y="61821"/></a:cubicBezTo><a:cubicBezTo><a:pt x="-52770" y="174320"/><a:pt x="131312" y="400080"/><a:pt x="424664" y="566067"/></a:cubicBezTo><a:cubicBezTo><a:pt x="718015" y="732055"/><a:pt x="1009550" y="775417"/><a:pt x="1075822" y="662917"/></a:cubicBezTo><a:cubicBezTo><a:pt x="1142097" y="550418"/><a:pt x="958016" y="324658"/><a:pt x="664664" y="158667"/></a:cubicBezTo><a:cubicBezTo><a:pt x="497844" y="64274"/><a:pt x="331749" y="9688"/><a:pt x="207196" y="719"/></a:cubicBezTo></a:path></a:pathLst></a:custGeom><a:grpFill/><a:ln w="51594" cap="rnd"><a:gradFill><a:gsLst><a:gs pos="0"><a:srgbClr val="5E9EEE"/></a:gs><a:gs pos="100000"><a:srgbClr val="636BDB"/></a:gs></a:gsLst><a:lin ang="5400000" scaled="1"/></a:gradFill><a:prstDash val="solid"/><a:round/></a:ln></p:spPr><p:txBody><a:bodyPr rtlCol="0" anchor="ctr"/><a:lstStyle/><a:p><a:endParaRPr lang="ru-RU"/></a:p></p:txBody></p:sp><p:sp><p:nvSpPr><p:cNvPr id="21" name="Полилиния: фигура 20"><a:extLst><a:ext uri="{FF2B5EF4-FFF2-40B4-BE49-F238E27FC236}"><a16:creationId xmlns:a16="http://schemas.microsoft.com/office/drawing/2014/main" id="{9EA47394-F371-4B30-9CF4-A941AA3072B3}"/></a:ext></a:extLst></p:cNvPr><p:cNvSpPr/><p:nvPr/></p:nvSpPr><p:spPr><a:xfrm><a:off x="1122714" y="7143116"/><a:ext cx="51872" cy="51872"/></a:xfrm><a:custGeom><a:avLst/><a:gdLst><a:gd name="connsiteX0" fmla="*/ 51873 w 51872"/><a:gd name="connsiteY0" fmla="*/ 25936 h 51872"/><a:gd name="connsiteX1" fmla="*/ 25936 w 51872"/><a:gd name="connsiteY1" fmla="*/ 51873 h 51872"/><a:gd name="connsiteX2" fmla="*/ 0 w 51872"/><a:gd name="connsiteY2" fmla="*/ 25936 h 51872"/><a:gd name="connsiteX3" fmla="*/ 25936 w 51872"/><a:gd name="connsiteY3" fmla="*/ 0 h 51872"/><a:gd name="connsiteX4" fmla="*/ 51873 w 51872"/><a:gd name="connsiteY4" fmla="*/ 25936 h 51872"/></a:gdLst><a:ahLst/><a:cxnLst><a:cxn ang="0"><a:pos x="connsiteX0" y="connsiteY0"/></a:cxn><a:cxn ang="0"><a:pos x="connsiteX1" y="connsiteY1"/></a:cxn><a:cxn ang="0"><a:pos x="connsiteX2" y="connsiteY2"/></a:cxn><a:cxn ang="0"><a:pos x="connsiteX3" y="connsiteY3"/></a:cxn><a:cxn ang="0"><a:pos x="connsiteX4" y="connsiteY4"/></a:cxn></a:cxnLst><a:rect l="l" t="t" r="r" b="b"/><a:pathLst><a:path w="51872" h="51872"><a:moveTo><a:pt x="51873" y="25936"/></a:moveTo><a:cubicBezTo><a:pt x="51873" y="40261"/><a:pt x="40261" y="51873"/><a:pt x="25936" y="51873"/></a:cubicBezTo><a:cubicBezTo><a:pt x="11612" y="51873"/><a:pt x="0" y="40261"/><a:pt x="0" y="25936"/></a:cubicBezTo><a:cubicBezTo><a:pt x="0" y="11612"/><a:pt x="11612" y="0"/><a:pt x="25936" y="0"/></a:cubicBezTo><a:cubicBezTo><a:pt x="40261" y="0"/><a:pt x="51873" y="11612"/><a:pt x="51873" y="25936"/></a:cubicBezTo><a:close/></a:path></a:pathLst></a:custGeom><a:grpFill/><a:ln w="51594" cap="rnd"><a:gradFill><a:gsLst><a:gs pos="0"><a:srgbClr val="5E9EEE"/></a:gs><a:gs pos="100000"><a:srgbClr val="636BDB"/></a:gs></a:gsLst><a:lin ang="5400000" scaled="1"/></a:gradFill><a:prstDash val="solid"/><a:round/></a:ln></p:spPr><p:txBody><a:bodyPr rtlCol="0" anchor="ctr"/><a:lstStyle/><a:p><a:endParaRPr lang="ru-RU"/></a:p></p:txBody></p:sp><p:sp><p:nvSpPr><p:cNvPr id="22" name="Полилиния: фигура 21"><a:extLst><a:ext uri="{FF2B5EF4-FFF2-40B4-BE49-F238E27FC236}"><a16:creationId xmlns:a16="http://schemas.microsoft.com/office/drawing/2014/main" id="{17DC8628-A398-4530-8D65-38C344081F46}"/></a:ext></a:extLst></p:cNvPr><p:cNvSpPr/><p:nvPr/></p:nvSpPr><p:spPr><a:xfrm><a:off x="1278332" y="6935625"/><a:ext cx="466855" cy="1193075"/></a:xfrm><a:custGeom><a:avLst/><a:gdLst><a:gd name="connsiteX0" fmla="*/ 97170 w 466855"/><a:gd name="connsiteY0" fmla="*/ 1080218 h 1193075"/><a:gd name="connsiteX1" fmla="*/ 233428 w 466855"/><a:gd name="connsiteY1" fmla="*/ 1193075 h 1193075"/><a:gd name="connsiteX2" fmla="*/ 466856 w 466855"/><a:gd name="connsiteY2" fmla="*/ 596538 h 1193075"/><a:gd name="connsiteX3" fmla="*/ 233428 w 466855"/><a:gd name="connsiteY3" fmla="*/ 0 h 1193075"/><a:gd name="connsiteX4" fmla="*/ 0 w 466855"/><a:gd name="connsiteY4" fmla="*/ 596538 h 1193075"/><a:gd name="connsiteX5" fmla="*/ 76692 w 466855"/><a:gd name="connsiteY5" fmla="*/ 1037681 h 1193075"/><a:gd name="connsiteX6" fmla="*/ 77809 w 466855"/><a:gd name="connsiteY6" fmla="*/ 1037457 h 1193075"/></a:gdLst><a:ahLst/><a:cxnLst><a:cxn ang="0"><a:pos x="connsiteX0" y="connsiteY0"/></a:cxn><a:cxn ang="0"><a:pos x="connsiteX1" y="connsiteY1"/></a:cxn><a:cxn ang="0"><a:pos x="connsiteX2" y="connsiteY2"/></a:cxn><a:cxn ang="0"><a:pos x="connsiteX3" y="connsiteY3"/></a:cxn><a:cxn ang="0"><a:pos x="connsiteX4" y="connsiteY4"/></a:cxn><a:cxn ang="0"><a:pos x="connsiteX5" y="connsiteY5"/></a:cxn><a:cxn ang="0"><a:pos x="connsiteX6" y="connsiteY6"/></a:cxn></a:cxnLst><a:rect l="l" t="t" r="r" b="b"/><a:pathLst><a:path w="466855" h="1193075"><a:moveTo><a:pt x="97170" y="1080218"/></a:moveTo><a:cubicBezTo><a:pt x="135539" y="1150938"/><a:pt x="182508" y="1193075"/><a:pt x="233428" y="1193075"/></a:cubicBezTo><a:cubicBezTo><a:pt x="362347" y="1193075"/><a:pt x="466856" y="925995"/><a:pt x="466856" y="596538"/></a:cubicBezTo><a:cubicBezTo><a:pt x="466856" y="267077"/><a:pt x="362347" y="0"/><a:pt x="233428" y="0"/></a:cubicBezTo><a:cubicBezTo><a:pt x="104509" y="0"/><a:pt x="0" y="267077"/><a:pt x="0" y="596538"/></a:cubicBezTo><a:cubicBezTo><a:pt x="0" y="771605"/><a:pt x="29691" y="928557"/><a:pt x="76692" y="1037681"/></a:cubicBezTo><a:cubicBezTo><a:pt x="77084" y="1037662"/><a:pt x="77413" y="1037457"/><a:pt x="77809" y="1037457"/></a:cubicBezTo></a:path></a:pathLst></a:custGeom><a:grpFill/><a:ln w="51594" cap="rnd"><a:gradFill><a:gsLst><a:gs pos="0"><a:srgbClr val="5E9EEE"/></a:gs><a:gs pos="100000"><a:srgbClr val="636BDB"/></a:gs></a:gsLst><a:lin ang="5400000" scaled="1"/></a:gradFill><a:prstDash val="solid"/><a:round/></a:ln></p:spPr><p:txBody><a:bodyPr rtlCol="0" anchor="ctr"/><a:lstStyle/><a:p><a:endParaRPr lang="ru-RU"/></a:p></p:txBody></p:sp><p:sp><p:nvSpPr><p:cNvPr id="23" name="Полилиния: фигура 22"><a:extLst><a:ext uri="{FF2B5EF4-FFF2-40B4-BE49-F238E27FC236}"><a16:creationId xmlns:a16="http://schemas.microsoft.com/office/drawing/2014/main" id="{C07C93E4-6EC9-49E6-95BB-77109F7D1287}"/></a:ext></a:extLst></p:cNvPr><p:cNvSpPr/><p:nvPr/></p:nvSpPr><p:spPr><a:xfrm><a:off x="1330205" y="7973082"/><a:ext cx="51872" cy="51872"/></a:xfrm><a:custGeom><a:avLst/><a:gdLst><a:gd name="connsiteX0" fmla="*/ 51873 w 51872"/><a:gd name="connsiteY0" fmla="*/ 25936 h 51872"/><a:gd name="connsiteX1" fmla="*/ 25936 w 51872"/><a:gd name="connsiteY1" fmla="*/ 51873 h 51872"/><a:gd name="connsiteX2" fmla="*/ 0 w 51872"/><a:gd name="connsiteY2" fmla="*/ 25936 h 51872"/><a:gd name="connsiteX3" fmla="*/ 25936 w 51872"/><a:gd name="connsiteY3" fmla="*/ 0 h 51872"/><a:gd name="connsiteX4" fmla="*/ 51873 w 51872"/><a:gd name="connsiteY4" fmla="*/ 25936 h 51872"/></a:gdLst><a:ahLst/><a:cxnLst><a:cxn ang="0"><a:pos x="connsiteX0" y="connsiteY0"/></a:cxn><a:cxn ang="0"><a:pos x="connsiteX1" y="connsiteY1"/></a:cxn><a:cxn ang="0"><a:pos x="connsiteX2" y="connsiteY2"/></a:cxn><a:cxn ang="0"><a:pos x="connsiteX3" y="connsiteY3"/></a:cxn><a:cxn ang="0"><a:pos x="connsiteX4" y="connsiteY4"/></a:cxn></a:cxnLst><a:rect l="l" t="t" r="r" b="b"/><a:pathLst><a:path w="51872" h="51872"><a:moveTo><a:pt x="51873" y="25936"/></a:moveTo><a:cubicBezTo><a:pt x="51873" y="40261"/><a:pt x="40261" y="51873"/><a:pt x="25936" y="51873"/></a:cubicBezTo><a:cubicBezTo><a:pt x="11612" y="51873"/><a:pt x="0" y="40261"/><a:pt x="0" y="25936"/></a:cubicBezTo><a:cubicBezTo><a:pt x="0" y="11612"/><a:pt x="11612" y="0"/><a:pt x="25936" y="0"/></a:cubicBezTo><a:cubicBezTo><a:pt x="40261" y="0"/><a:pt x="51873" y="11612"/><a:pt x="51873" y="25936"/></a:cubicBezTo><a:close/></a:path></a:pathLst></a:custGeom><a:grpFill/><a:ln w="51594" cap="rnd"><a:gradFill><a:gsLst><a:gs pos="0"><a:srgbClr val="5E9EEE"/></a:gs><a:gs pos="100000"><a:srgbClr val="636BDB"/></a:gs></a:gsLst><a:lin ang="5400000" scaled="1"/></a:gradFill><a:prstDash val="solid"/><a:round/></a:ln></p:spPr><p:txBody><a:bodyPr rtlCol="0" anchor="ctr"/><a:lstStyle/><a:p><a:endParaRPr lang="ru-RU"/></a:p></p:txBody></p:sp><p:sp><p:nvSpPr><p:cNvPr id="24" name="Полилиния: фигура 23"><a:extLst><a:ext uri="{FF2B5EF4-FFF2-40B4-BE49-F238E27FC236}"><a16:creationId xmlns:a16="http://schemas.microsoft.com/office/drawing/2014/main" id="{34E289BF-FB00-498C-A246-01048FC9EA4C}"/></a:ext></a:extLst></p:cNvPr><p:cNvSpPr/><p:nvPr/></p:nvSpPr><p:spPr><a:xfrm><a:off x="967096" y="7169052"/><a:ext cx="1089052" cy="726219"/></a:xfrm><a:custGeom><a:avLst/><a:gdLst><a:gd name="connsiteX0" fmla="*/ 1073676 w 1089052"/><a:gd name="connsiteY0" fmla="*/ 183721 h 726219"/><a:gd name="connsiteX1" fmla="*/ 1075822 w 1089052"/><a:gd name="connsiteY1" fmla="*/ 62562 h 726219"/><a:gd name="connsiteX2" fmla="*/ 424663 w 1089052"/><a:gd name="connsiteY2" fmla="*/ 159409 h 726219"/><a:gd name="connsiteX3" fmla="*/ 13505 w 1089052"/><a:gd name="connsiteY3" fmla="*/ 663659 h 726219"/><a:gd name="connsiteX4" fmla="*/ 664664 w 1089052"/><a:gd name="connsiteY4" fmla="*/ 566809 h 726219"/><a:gd name="connsiteX5" fmla="*/ 1050908 w 1089052"/><a:gd name="connsiteY5" fmla="*/ 229781 h 726219"/></a:gdLst><a:ahLst/><a:cxnLst><a:cxn ang="0"><a:pos x="connsiteX0" y="connsiteY0"/></a:cxn><a:cxn ang="0"><a:pos x="connsiteX1" y="connsiteY1"/></a:cxn><a:cxn ang="0"><a:pos x="connsiteX2" y="connsiteY2"/></a:cxn><a:cxn ang="0"><a:pos x="connsiteX3" y="connsiteY3"/></a:cxn><a:cxn ang="0"><a:pos x="connsiteX4" y="connsiteY4"/></a:cxn><a:cxn ang="0"><a:pos x="connsiteX5" y="connsiteY5"/></a:cxn></a:cxnLst><a:rect l="l" t="t" r="r" b="b"/><a:pathLst><a:path w="1089052" h="726219"><a:moveTo><a:pt x="1073676" y="183721"/></a:moveTo><a:cubicBezTo><a:pt x="1092643" y="136778"/><a:pt x="1094872" y="94900"/><a:pt x="1075822" y="62562"/></a:cubicBezTo><a:cubicBezTo><a:pt x="1009550" y="-49938"/><a:pt x="718015" y="-6578"/><a:pt x="424663" y="159409"/></a:cubicBezTo><a:cubicBezTo><a:pt x="131312" y="325399"/><a:pt x="-52770" y="551159"/><a:pt x="13505" y="663659"/></a:cubicBezTo><a:cubicBezTo><a:pt x="79778" y="776159"/><a:pt x="371312" y="732796"/><a:pt x="664664" y="566809"/></a:cubicBezTo><a:cubicBezTo><a:pt x="846896" y="463696"/><a:pt x="986833" y="337544"/><a:pt x="1050908" y="229781"/></a:cubicBezTo></a:path></a:pathLst></a:custGeom><a:grpFill/><a:ln w="51594" cap="rnd"><a:gradFill><a:gsLst><a:gs pos="0"><a:srgbClr val="5E9EEE"/></a:gs><a:gs pos="100000"><a:srgbClr val="636BDB"/></a:gs></a:gsLst><a:lin ang="5400000" scaled="1"/></a:gradFill><a:prstDash val="solid"/><a:round/></a:ln></p:spPr><p:txBody><a:bodyPr rtlCol="0" anchor="ctr"/><a:lstStyle/><a:p><a:endParaRPr lang="ru-RU"/></a:p></p:txBody></p:sp><p:sp><p:nvSpPr><p:cNvPr id="25" name="Полилиния: фигура 24"><a:extLst><a:ext uri="{FF2B5EF4-FFF2-40B4-BE49-F238E27FC236}"><a16:creationId xmlns:a16="http://schemas.microsoft.com/office/drawing/2014/main" id="{CF26E520-4C60-480B-99A5-4AF13CE1FF52}"/></a:ext></a:extLst></p:cNvPr><p:cNvSpPr/><p:nvPr/></p:nvSpPr><p:spPr><a:xfrm><a:off x="2004552" y="7350608"/><a:ext cx="51872" cy="51872"/></a:xfrm><a:custGeom><a:avLst/><a:gdLst><a:gd name="connsiteX0" fmla="*/ 51873 w 51872"/><a:gd name="connsiteY0" fmla="*/ 25936 h 51872"/><a:gd name="connsiteX1" fmla="*/ 25936 w 51872"/><a:gd name="connsiteY1" fmla="*/ 51873 h 51872"/><a:gd name="connsiteX2" fmla="*/ 0 w 51872"/><a:gd name="connsiteY2" fmla="*/ 25936 h 51872"/><a:gd name="connsiteX3" fmla="*/ 25936 w 51872"/><a:gd name="connsiteY3" fmla="*/ 0 h 51872"/><a:gd name="connsiteX4" fmla="*/ 51873 w 51872"/><a:gd name="connsiteY4" fmla="*/ 25936 h 51872"/></a:gdLst><a:ahLst/><a:cxnLst><a:cxn ang="0"><a:pos x="connsiteX0" y="connsiteY0"/></a:cxn><a:cxn ang="0"><a:pos x="connsiteX1" y="connsiteY1"/></a:cxn><a:cxn ang="0"><a:pos x="connsiteX2" y="connsiteY2"/></a:cxn><a:cxn ang="0"><a:pos x="connsiteX3" y="connsiteY3"/></a:cxn><a:cxn ang="0"><a:pos x="connsiteX4" y="connsiteY4"/></a:cxn></a:cxnLst><a:rect l="l" t="t" r="r" b="b"/><a:pathLst><a:path w="51872" h="51872"><a:moveTo><a:pt x="51873" y="25936"/></a:moveTo><a:cubicBezTo><a:pt x="51873" y="40261"/><a:pt x="40261" y="51873"/><a:pt x="25936" y="51873"/></a:cubicBezTo><a:cubicBezTo><a:pt x="11612" y="51873"/><a:pt x="0" y="40261"/><a:pt x="0" y="25936"/></a:cubicBezTo><a:cubicBezTo><a:pt x="0" y="11612"/><a:pt x="11612" y="0"/><a:pt x="25936" y="0"/></a:cubicBezTo><a:cubicBezTo><a:pt x="40261" y="0"/><a:pt x="51873" y="11612"/><a:pt x="51873" y="25936"/></a:cubicBezTo><a:close/></a:path></a:pathLst></a:custGeom><a:grpFill/><a:ln w="51594" cap="rnd"><a:gradFill><a:gsLst><a:gs pos="0"><a:srgbClr val="5E9EEE"/></a:gs><a:gs pos="100000"><a:srgbClr val="636BDB"/></a:gs></a:gsLst><a:lin ang="5400000" scaled="1"/></a:gradFill><a:prstDash val="solid"/><a:round/></a:ln></p:spPr><p:txBody><a:bodyPr rtlCol="0" anchor="ctr"/><a:lstStyle/><a:p><a:endParaRPr lang="ru-RU"/></a:p></p:txBody></p:sp></p:grpSp><p:pic><p:nvPicPr><p:cNvPr id="27" name="Рисунок 26"><a:extLst><a:ext uri="{FF2B5EF4-FFF2-40B4-BE49-F238E27FC236}"><a16:creationId xmlns:a16="http://schemas.microsoft.com/office/drawing/2014/main" id="{2F54BA9B-37B4-41A0-A373-0D9AAA4DDA66}"/></a:ext></a:extLst></p:cNvPr><p:cNvPicPr><a:picLocks noChangeAspect="1"/></p:cNvPicPr><p:nvPr/></p:nvPicPr><p:blipFill><a:blip r:embed="rId2" cstate="print"><a:duotone><a:schemeClr val="accent3"><a:shade val="45000"/><a:satMod val="135000"/></a:schemeClr><a:prstClr val="white"/></a:duotone><a:extLst><a:ext uri="{28A0092B-C50C-407E-A947-70E740481C1C}"><a14:useLocalDpi xmlns:a14="http://schemas.microsoft.com/office/drawing/2010/main" val="0"/></a:ext></a:extLst></a:blip><a:stretch><a:fillRect/></a:stretch></p:blipFill><p:spPr><a:xfrm><a:off x="9057301" y="6972770"/><a:ext cx="1335553" cy="1335553"/></a:xfrm><a:prstGeom prst="rect"><a:avLst/></a:prstGeom></p:spPr></p:pic></p:spTree></p:cSld><p:clrMapOvr><a:masterClrMapping/></p:clrMapOvr><p:transition spd="med"/></p:sld>