<?xml version="1.0" encoding="UTF-8" standalone="yes"?>
<p:sld xmlns:a="http://schemas.openxmlformats.org/drawingml/2006/main" xmlns:r="http://schemas.openxmlformats.org/officeDocument/2006/relationships" xmlns:p="http://schemas.openxmlformats.org/presentationml/2006/main"><p:cSld><p:spTree><p:nvGrpSpPr><p:cNvPr id="1" name=""/><p:cNvGrpSpPr/><p:nvPr/></p:nvGrpSpPr><p:grpSpPr><a:xfrm><a:off x="0" y="0"/><a:ext cx="0" cy="0"/><a:chOff x="0" y="0"/><a:chExt cx="0" cy="0"/></a:xfrm></p:grpSpPr><p:pic><p:nvPicPr><p:cNvPr id="5" name="Рисунок 4"><a:extLst><a:ext uri="{FF2B5EF4-FFF2-40B4-BE49-F238E27FC236}"><a16:creationId xmlns:a16="http://schemas.microsoft.com/office/drawing/2014/main" id="{8AE4AB15-8718-419D-8420-52A1A75BBD89}"/></a:ext></a:extLst></p:cNvPr><p:cNvPicPr><a:picLocks noGrp="1" noChangeAspect="1"/></p:cNvPicPr><p:nvPr><p:ph type="pic" sz="quarter" idx="10"/></p:nvPr></p:nvPicPr><p:blipFill><a:blip r:embed="rId2"><a:extLst><a:ext uri="{28A0092B-C50C-407E-A947-70E740481C1C}"><a14:useLocalDpi xmlns:a14="http://schemas.microsoft.com/office/drawing/2010/main" val="0"/></a:ext></a:extLst></a:blip><a:srcRect t="19965" b="19965"/><a:stretch><a:fillRect/></a:stretch></p:blipFill><p:spPr><a:xfrm><a:off x="2781300" y="1333500"/><a:ext cx="27590750" cy="11049000"/></a:xfrm><a:prstGeom prst="roundRect"><a:avLst><a:gd name="adj" fmla="val 50000"/></a:avLst></a:prstGeom></p:spPr></p:pic><p:sp><p:nvSpPr><p:cNvPr id="38" name="Кружок"/><p:cNvSpPr/><p:nvPr/></p:nvSpPr><p:spPr><a:xfrm><a:off x="3706961" y="2119477"/><a:ext cx="9400878" cy="9400879"/></a:xfrm><a:prstGeom prst="ellipse"><a:avLst/></a:prstGeom><a:solidFill><a:srgbClr val="FFFFFF"/></a:solidFill><a:ln w="12700"><a:miter lim="400000"/></a:ln></p:spPr><p:txBody><a:bodyPr lIns="0" tIns="0" rIns="0" bIns="0" anchor="ctr"/><a:lstStyle/><a:p><a:pPr><a:defRPr sz="3200" b="0"><a:solidFill><a:srgbClr val="FFFFFF"/></a:solidFill><a:latin typeface="+mn-lt"/><a:ea typeface="+mn-ea"/><a:cs typeface="+mn-cs"/><a:sym typeface="Helvetica Neue Medium"/></a:defRPr></a:pPr><a:endParaRPr><a:latin typeface="Arial" panose="020B0604020202020204" pitchFamily="34" charset="0"/><a:cs typeface="Arial" panose="020B0604020202020204" pitchFamily="34" charset="0"/></a:endParaRPr></a:p></p:txBody></p:sp><p:sp><p:nvSpPr><p:cNvPr id="40" name="Radiance"/><p:cNvSpPr txBox="1"/><p:nvPr/></p:nvSpPr><p:spPr><a:xfrm><a:off x="5428220" y="4908748"/><a:ext cx="5958361" cy="1949252"/></a:xfrm><a:prstGeom prst="rect"><a:avLst/></a:prstGeom><a:ln w="12700"><a:miter lim="400000"/></a:ln><a:extLst><a:ext uri="{C572A759-6A51-4108-AA02-DFA0A04FC94B}"><ma14:wrappingTextBoxFlag xmlns:ma14="http://schemas.microsoft.com/office/mac/drawingml/2011/main" xmlns:a14="http://schemas.microsoft.com/office/drawing/2010/main" xmlns:m="http://schemas.openxmlformats.org/officeDocument/2006/math" xmlns="" val="1"/></a:ext></a:extLst></p:spPr><p:txBody><a:bodyPr wrap="none" lIns="50800" tIns="50800" rIns="50800" bIns="50800" anchor="ctr"><a:spAutoFit/></a:bodyPr><a:lstStyle><a:lvl1pPr><a:defRPr sz="8000" b="0"><a:solidFill><a:srgbClr val="31333E"/></a:solidFill><a:latin typeface="Maven Pro Bold"/><a:ea typeface="Maven Pro Bold"/><a:cs typeface="Maven Pro Bold"/><a:sym typeface="Maven Pro Bold"/></a:defRPr></a:lvl1pPr></a:lstStyle><a:p><a:r><a:rPr lang="ru-RU" sz="6000" dirty="0"><a:solidFill><a:schemeClr val="tx1"/></a:solidFill><a:latin typeface="Montserrat ExtraBold" panose="00000900000000000000" pitchFamily="2" charset="-52"/><a:cs typeface="Arial" panose="020B0604020202020204" pitchFamily="34" charset="0"/></a:rPr><a:t>Презентация </a:t></a:r><a:endParaRPr lang="en-US" sz="6000" dirty="0"><a:solidFill><a:schemeClr val="tx1"/></a:solidFill><a:latin typeface="Montserrat ExtraBold" panose="00000900000000000000" pitchFamily="2" charset="-52"/><a:cs typeface="Arial" panose="020B0604020202020204" pitchFamily="34" charset="0"/></a:endParaRPr></a:p><a:p><a:r><a:rPr lang="ru-RU" sz="6000" dirty="0"><a:solidFill><a:schemeClr val="tx1"/></a:solidFill><a:latin typeface="Montserrat ExtraBold" panose="00000900000000000000" pitchFamily="2" charset="-52"/><a:cs typeface="Arial" panose="020B0604020202020204" pitchFamily="34" charset="0"/></a:rPr><a:t>проекта</a:t></a:r><a:endParaRPr lang="en-US" sz="6000" dirty="0"><a:solidFill><a:schemeClr val="tx1"/></a:solidFill><a:latin typeface="Montserrat ExtraBold" panose="00000900000000000000" pitchFamily="2" charset="-52"/><a:cs typeface="Arial" panose="020B0604020202020204" pitchFamily="34" charset="0"/></a:endParaRPr></a:p></p:txBody></p:sp><p:sp><p:nvSpPr><p:cNvPr id="41" name="Premium PowerPoint, Keynote, Google Slides Template"/><p:cNvSpPr txBox="1"/><p:nvPr/></p:nvSpPr><p:spPr><a:xfrm><a:off x="5161064" y="7104913"/><a:ext cx="6492672" cy="718145"/></a:xfrm><a:prstGeom prst="rect"><a:avLst/></a:prstGeom><a:ln w="12700"><a:miter lim="400000"/></a:ln><a:extLst><a:ext uri="{C572A759-6A51-4108-AA02-DFA0A04FC94B}"><ma14:wrappingTextBoxFlag xmlns:ma14="http://schemas.microsoft.com/office/mac/drawingml/2011/main" xmlns:a14="http://schemas.microsoft.com/office/drawing/2010/main" xmlns:m="http://schemas.openxmlformats.org/officeDocument/2006/math" xmlns="" val="1"/></a:ext></a:extLst></p:spPr><p:txBody><a:bodyPr wrap="square" lIns="50800" tIns="50800" rIns="50800" bIns="50800" anchor="ctr"><a:spAutoFit/></a:bodyPr><a:lstStyle><a:lvl1pPr><a:defRPr sz="2000" b="0"><a:solidFill><a:srgbClr val="646979"/></a:solidFill><a:latin typeface="OpenSans-Regular"/><a:ea typeface="OpenSans-Regular"/><a:cs typeface="OpenSans-Regular"/><a:sym typeface="OpenSans-Regular"/></a:defRPr></a:lvl1pPr></a:lstStyle><a:p><a:r><a:rPr lang="ru-RU" dirty="0"><a:solidFill><a:schemeClr val="bg2"/></a:solidFill><a:latin typeface="Montserrat" panose="00000500000000000000" pitchFamily="2" charset="-52"/><a:cs typeface="Arial" panose="020B0604020202020204" pitchFamily="34" charset="0"/></a:rPr><a:t>Организация проектной деятельности</a:t></a:r></a:p><a:p><a:r><a:rPr lang="ru-RU" dirty="0"><a:solidFill><a:schemeClr val="bg2"/></a:solidFill><a:latin typeface="Montserrat" panose="00000500000000000000" pitchFamily="2" charset="-52"/><a:cs typeface="Arial" panose="020B0604020202020204" pitchFamily="34" charset="0"/></a:rPr><a:t>Школа педагогического мастерства</a:t></a:r></a:p></p:txBody></p:sp><p:grpSp><p:nvGrpSpPr><p:cNvPr id="3" name="Группа 2"><a:extLst><a:ext uri="{FF2B5EF4-FFF2-40B4-BE49-F238E27FC236}"><a16:creationId xmlns:a16="http://schemas.microsoft.com/office/drawing/2014/main" id="{4BCFE98C-80C2-4DBC-90CF-CF7C43B1B02B}"/></a:ext></a:extLst></p:cNvPr><p:cNvGrpSpPr/><p:nvPr/></p:nvGrpSpPr><p:grpSpPr><a:xfrm><a:off x="7607299" y="8383957"/><a:ext cx="1600202" cy="449760"/><a:chOff x="7607299" y="8997067"/><a:chExt cx="1600202" cy="449760"/></a:xfrm></p:grpSpPr><p:sp><p:nvSpPr><p:cNvPr id="42" name="Закругленный прямоугольник"/><p:cNvSpPr/><p:nvPr/></p:nvSpPr><p:spPr><a:xfrm><a:off x="7620000" y="8997067"/><a:ext cx="1574800" cy="449760"/></a:xfrm><a:prstGeom prst="roundRect"><a:avLst><a:gd name="adj" fmla="val 18045"/></a:avLst></a:prstGeom><a:solidFill><a:schemeClr val="accent5"/></a:solidFill><a:ln w="12700" cap="flat"><a:noFill/><a:miter lim="400000"/></a:ln><a:effectLst/></p:spPr><p:txBody><a:bodyPr wrap="square" lIns="0" tIns="0" rIns="0" bIns="0" numCol="1" anchor="ctr"><a:noAutofit/></a:bodyPr><a:lstStyle/><a:p><a:pPr><a:defRPr sz="3200" b="0"><a:solidFill><a:srgbClr val="FFFFFF"/></a:solidFill><a:latin typeface="+mn-lt"/><a:ea typeface="+mn-ea"/><a:cs typeface="+mn-cs"/><a:sym typeface="Helvetica Neue Medium"/></a:defRPr></a:pPr><a:endParaRPr><a:latin typeface="Arial" panose="020B0604020202020204" pitchFamily="34" charset="0"/><a:cs typeface="Arial" panose="020B0604020202020204" pitchFamily="34" charset="0"/></a:endParaRPr></a:p></p:txBody></p:sp><p:sp><p:nvSpPr><p:cNvPr id="43" name="PRO"/><p:cNvSpPr txBox="1"/><p:nvPr/></p:nvSpPr><p:spPr><a:xfrm><a:off x="7607299" y="9032151"/><a:ext cx="1600202" cy="379591"/></a:xfrm><a:prstGeom prst="rect"><a:avLst/></a:prstGeom><a:noFill/><a:ln w="12700" cap="flat"><a:noFill/><a:miter lim="400000"/></a:ln><a:effectLst/><a:extLst><a:ext uri="{C572A759-6A51-4108-AA02-DFA0A04FC94B}"><ma14:wrappingTextBoxFlag xmlns:ma14="http://schemas.microsoft.com/office/mac/drawingml/2011/main" xmlns:a14="http://schemas.microsoft.com/office/drawing/2010/main" xmlns:m="http://schemas.openxmlformats.org/officeDocument/2006/math" xmlns="" val="1"/></a:ext></a:extLst></p:spPr><p:txBody><a:bodyPr wrap="square" lIns="50800" tIns="50800" rIns="50800" bIns="50800" numCol="1" anchor="ctr"><a:spAutoFit/></a:bodyPr><a:lstStyle><a:lvl1pPr><a:defRPr sz="1800"><a:solidFill><a:srgbClr val="646979"/></a:solidFill><a:latin typeface="OpenSans-Bold"/><a:ea typeface="OpenSans-Bold"/><a:cs typeface="OpenSans-Bold"/><a:sym typeface="OpenSans-Bold"/></a:defRPr></a:lvl1pPr></a:lstStyle><a:p><a:r><a:rPr lang="en-US" dirty="0"><a:solidFill><a:schemeClr val="bg2"/></a:solidFill><a:latin typeface="Arial" panose="020B0604020202020204" pitchFamily="34" charset="0"/><a:cs typeface="Arial" panose="020B0604020202020204" pitchFamily="34" charset="0"/></a:rPr><a:t>07.02.2022</a:t></a:r></a:p></p:txBody></p:sp></p:grpSp></p:spTree></p:cSld><p:clrMapOvr><a:masterClrMapping/></p:clrMapOvr><p:transition spd="med"/></p:sld>