<?xml version="1.0" encoding="UTF-8" standalone="yes"?>
<p:sld xmlns:a="http://schemas.openxmlformats.org/drawingml/2006/main" xmlns:r="http://schemas.openxmlformats.org/officeDocument/2006/relationships" xmlns:p="http://schemas.openxmlformats.org/presentationml/2006/main"><p:cSld><p:spTree><p:nvGrpSpPr><p:cNvPr id="1" name=""/><p:cNvGrpSpPr/><p:nvPr/></p:nvGrpSpPr><p:grpSpPr><a:xfrm><a:off x="0" y="0"/><a:ext cx="0" cy="0"/><a:chOff x="0" y="0"/><a:chExt cx="0" cy="0"/></a:xfrm></p:grpSpPr><p:pic><p:nvPicPr><p:cNvPr id="4" name="Рисунок 3"><a:extLst><a:ext uri="{FF2B5EF4-FFF2-40B4-BE49-F238E27FC236}"><a16:creationId xmlns:a16="http://schemas.microsoft.com/office/drawing/2014/main" id="{DBE8EDBF-3E77-46C7-9D8D-43E6949FD2E3}"/></a:ext></a:extLst></p:cNvPr><p:cNvPicPr><a:picLocks noGrp="1" noChangeAspect="1"/></p:cNvPicPr><p:nvPr><p:ph type="pic" sz="quarter" idx="10"/></p:nvPr></p:nvPicPr><p:blipFill><a:blip r:embed="rId2"><a:extLst><a:ext uri="{28A0092B-C50C-407E-A947-70E740481C1C}"><a14:useLocalDpi xmlns:a14="http://schemas.microsoft.com/office/drawing/2010/main" val="0"/></a:ext></a:extLst></a:blip><a:srcRect t="16664" b="16664"/><a:stretch><a:fillRect/></a:stretch></p:blipFill><p:spPr><a:xfrm><a:off x="-5380708" y="-772651"/><a:ext cx="18034000" cy="18034000"/></a:xfrm><a:prstGeom prst="ellipse"><a:avLst/></a:prstGeom></p:spPr></p:pic><p:sp><p:nvSpPr><p:cNvPr id="817" name="Contact us"/><p:cNvSpPr txBox="1"/><p:nvPr/></p:nvSpPr><p:spPr><a:xfrm><a:off x="13824563" y="2934661"/><a:ext cx="7767163" cy="1333698"/></a:xfrm><a:prstGeom prst="rect"><a:avLst/></a:prstGeom><a:noFill/><a:ln w="12700" cap="flat"><a:noFill/><a:miter lim="400000"/></a:ln><a:effectLst/><a:extLst><a:ext uri="{C572A759-6A51-4108-AA02-DFA0A04FC94B}"><ma14:wrappingTextBoxFlag xmlns:ma14="http://schemas.microsoft.com/office/mac/drawingml/2011/main" xmlns:a14="http://schemas.microsoft.com/office/drawing/2010/main" xmlns:m="http://schemas.openxmlformats.org/officeDocument/2006/math" xmlns="" val="1"/></a:ext></a:extLst></p:spPr><p:txBody><a:bodyPr wrap="square" lIns="50800" tIns="50800" rIns="50800" bIns="50800" numCol="1" anchor="ctr"><a:spAutoFit/></a:bodyPr><a:lstStyle><a:lvl1pPr algn="l"><a:defRPr sz="8000" b="0"><a:solidFill><a:srgbClr val="31333D"/></a:solidFill><a:latin typeface="Maven Pro Medium"/><a:ea typeface="Maven Pro Medium"/><a:cs typeface="Maven Pro Medium"/><a:sym typeface="Maven Pro Medium"/></a:defRPr></a:lvl1pPr></a:lstStyle><a:p><a:r><a:rPr lang="ru-RU" dirty="0"><a:latin typeface="Montserrat ExtraBold" panose="00000900000000000000" pitchFamily="2" charset="-52"/></a:rPr><a:t>Задавайте</a:t></a:r><a:endParaRPr dirty="0"><a:latin typeface="Montserrat ExtraBold" panose="00000900000000000000" pitchFamily="2" charset="-52"/></a:endParaRPr></a:p></p:txBody></p:sp><p:sp><p:nvSpPr><p:cNvPr id="818" name="Фигура"/><p:cNvSpPr/><p:nvPr/></p:nvSpPr><p:spPr><a:xfrm><a:off x="13906368" y="4780432"/><a:ext cx="1576919" cy="560673"/></a:xfrm><a:custGeom><a:avLst/><a:gdLst/><a:ahLst/><a:cxnLst><a:cxn ang="0"><a:pos x="wd2" y="hd2"/></a:cxn><a:cxn ang="5400000"><a:pos x="wd2" y="hd2"/></a:cxn><a:cxn ang="10800000"><a:pos x="wd2" y="hd2"/></a:cxn><a:cxn ang="16200000"><a:pos x="wd2" y="hd2"/></a:cxn></a:cxnLst><a:rect l="0" t="0" r="r" b="b"/><a:pathLst><a:path w="21380" h="21310" extrusionOk="0"><a:moveTo><a:pt x="10829" y="4"/></a:moveTo><a:cubicBezTo><a:pt x="8668" y="-147"/><a:pt x="6864" y="4633"/><a:pt x="6858" y="10653"/></a:cubicBezTo><a:cubicBezTo><a:pt x="6852" y="16420"/><a:pt x="8513" y="21087"/><a:pt x="10581" y="21303"/></a:cubicBezTo><a:cubicBezTo><a:pt x="12027" y="21453"/><a:pt x="13378" y="19280"/><a:pt x="14063" y="15706"/></a:cubicBezTo><a:cubicBezTo><a:pt x="14350" y="14244"/><a:pt x="14842" y="13182"/><a:pt x="15419" y="12765"/></a:cubicBezTo><a:cubicBezTo><a:pt x="16212" y="12191"/><a:pt x="17052" y="12890"/><a:pt x="17603" y="14590"/></a:cubicBezTo><a:cubicBezTo><a:pt x="18900" y="18813"/><a:pt x="21371" y="16270"/><a:pt x="21381" y="10698"/></a:cubicBezTo><a:cubicBezTo><a:pt x="21390" y="5071"/><a:pt x="18891" y="2453"/><a:pt x="17587" y="6731"/></a:cubicBezTo><a:cubicBezTo><a:pt x="17150" y="8044"/><a:pt x="16527" y="8760"/><a:pt x="15887" y="8692"/></a:cubicBezTo><a:cubicBezTo><a:pt x="15103" y="8610"/><a:pt x="14394" y="7388"/><a:pt x="14014" y="5464"/></a:cubicBezTo><a:cubicBezTo><a:pt x="13376" y="2181"/><a:pt x="12162" y="97"/><a:pt x="10829" y="4"/></a:cubicBezTo><a:close/><a:moveTo><a:pt x="2155" y="4559"/></a:moveTo><a:cubicBezTo><a:pt x="1603" y="4559"/><a:pt x="1053" y="5159"/><a:pt x="632" y="6339"/></a:cubicBezTo><a:cubicBezTo><a:pt x="-210" y="8699"/><a:pt x="-210" y="12517"/><a:pt x="632" y="14877"/></a:cubicBezTo><a:cubicBezTo><a:pt x="1474" y="17237"/><a:pt x="2836" y="17237"/><a:pt x="3677" y="14877"/></a:cubicBezTo><a:cubicBezTo><a:pt x="4519" y="12517"/><a:pt x="4519" y="8699"/><a:pt x="3677" y="6339"/></a:cubicBezTo><a:cubicBezTo><a:pt x="3257" y="5159"/><a:pt x="2706" y="4559"/><a:pt x="2155" y="4559"/></a:cubicBezTo><a:close/></a:path></a:pathLst></a:custGeom><a:gradFill flip="none" rotWithShape="1"><a:gsLst><a:gs pos="0"><a:schemeClr val="accent2"/></a:gs><a:gs pos="100000"><a:schemeClr val="accent1"/></a:gs></a:gsLst><a:lin ang="2015830" scaled="0"/></a:gradFill><a:ln w="12700" cap="flat"><a:noFill/><a:miter lim="400000"/></a:ln><a:effectLst/></p:spPr><p:txBody><a:bodyPr wrap="square" lIns="0" tIns="0" rIns="0" bIns="0" numCol="1" anchor="ctr"><a:noAutofit/></a:bodyPr><a:lstStyle/><a:p><a:pPr><a:defRPr sz="3200" b="0"><a:solidFill><a:srgbClr val="FFFFFF"/></a:solidFill><a:latin typeface="+mn-lt"/><a:ea typeface="+mn-ea"/><a:cs typeface="+mn-cs"/><a:sym typeface="Helvetica Neue Medium"/></a:defRPr></a:pPr><a:endParaRPr/></a:p></p:txBody></p:sp><p:sp><p:nvSpPr><p:cNvPr id="819" name="Lorem ipsum sed dolor sit sed amet, consectetur adipiscing elit, sed do eiusmod tempor incididunt ut labore et dolore magna aliqua. Ut proideenim ad minim veniam, laboris quis proident nostrud exercitation ullamco laboris nisi ut aliquip ex ea commo ut consequat. Duis aute irure dolor in"/><p:cNvSpPr txBox="1"/><p:nvPr/></p:nvSpPr><p:spPr><a:xfrm><a:off x="13881368" y="5885027"/><a:ext cx="7767163" cy="3906006"/></a:xfrm><a:prstGeom prst="rect"><a:avLst/></a:prstGeom><a:noFill/><a:ln w="12700" cap="flat"><a:noFill/><a:miter lim="400000"/></a:ln><a:effectLst/><a:extLst><a:ext uri="{C572A759-6A51-4108-AA02-DFA0A04FC94B}"><ma14:wrappingTextBoxFlag xmlns:ma14="http://schemas.microsoft.com/office/mac/drawingml/2011/main" xmlns:a14="http://schemas.microsoft.com/office/drawing/2010/main" xmlns:m="http://schemas.openxmlformats.org/officeDocument/2006/math" xmlns="" val="1"/></a:ext></a:extLst></p:spPr><p:txBody><a:bodyPr wrap="square" lIns="50800" tIns="50800" rIns="50800" bIns="50800" numCol="1" anchor="t"><a:spAutoFit/></a:bodyPr><a:lstStyle><a:lvl1pPr algn="l"><a:lnSpc><a:spcPct val="120000"/></a:lnSpc><a:spcBef><a:spcPts val="2000"/></a:spcBef><a:defRPr sz="2600" b="0"><a:solidFill><a:srgbClr val="646979"/></a:solidFill><a:latin typeface="Open Sans"/><a:ea typeface="Open Sans"/><a:cs typeface="Open Sans"/><a:sym typeface="Open Sans"/></a:defRPr></a:lvl1pPr></a:lstStyle><a:p><a:r><a:rPr dirty="0"><a:latin typeface="Montserrat" panose="00000500000000000000" pitchFamily="2" charset="-52"/></a:rPr><a:t>Lorem ipsum sed dolor sit sed </a:t></a:r><a:r><a:rPr dirty="0" err="1"><a:latin typeface="Montserrat" panose="00000500000000000000" pitchFamily="2" charset="-52"/></a:rPr><a:t>amet</a:t></a:r><a:r><a:rPr dirty="0"><a:latin typeface="Montserrat" panose="00000500000000000000" pitchFamily="2" charset="-52"/></a:rPr><a:t>, </a:t></a:r><a:r><a:rPr dirty="0" err="1"><a:latin typeface="Montserrat" panose="00000500000000000000" pitchFamily="2" charset="-52"/></a:rPr><a:t>consectet</a:t></a:r><a:r><a:rPr lang="ru-RU" dirty="0" err="1"><a:latin typeface="Montserrat" panose="00000500000000000000" pitchFamily="2" charset="-52"/></a:rPr><a:t>фывфыв</a:t></a:r><a:r><a:rPr dirty="0" err="1"><a:latin typeface="Montserrat" panose="00000500000000000000" pitchFamily="2" charset="-52"/></a:rPr><a:t>ur</a:t></a:r><a:r><a:rPr dirty="0"><a:latin typeface="Montserrat" panose="00000500000000000000" pitchFamily="2" charset="-52"/></a:rPr><a:t> </a:t></a:r><a:r><a:rPr dirty="0" err="1"><a:latin typeface="Montserrat" panose="00000500000000000000" pitchFamily="2" charset="-52"/></a:rPr><a:t>adipiscing</a:t></a:r><a:r><a:rPr dirty="0"><a:latin typeface="Montserrat" panose="00000500000000000000" pitchFamily="2" charset="-52"/></a:rPr><a:t> </a:t></a:r><a:r><a:rPr dirty="0" err="1"><a:latin typeface="Montserrat" panose="00000500000000000000" pitchFamily="2" charset="-52"/></a:rPr><a:t>elit</a:t></a:r><a:r><a:rPr dirty="0"><a:latin typeface="Montserrat" panose="00000500000000000000" pitchFamily="2" charset="-52"/></a:rPr><a:t>, sed do </a:t></a:r><a:r><a:rPr dirty="0" err="1"><a:latin typeface="Montserrat" panose="00000500000000000000" pitchFamily="2" charset="-52"/></a:rPr><a:t>eiusmod</a:t></a:r><a:r><a:rPr dirty="0"><a:latin typeface="Montserrat" panose="00000500000000000000" pitchFamily="2" charset="-52"/></a:rPr><a:t> </a:t></a:r><a:r><a:rPr dirty="0" err="1"><a:latin typeface="Montserrat" panose="00000500000000000000" pitchFamily="2" charset="-52"/></a:rPr><a:t>tempor</a:t></a:r><a:r><a:rPr dirty="0"><a:latin typeface="Montserrat" panose="00000500000000000000" pitchFamily="2" charset="-52"/></a:rPr><a:t> </a:t></a:r><a:r><a:rPr dirty="0" err="1"><a:latin typeface="Montserrat" panose="00000500000000000000" pitchFamily="2" charset="-52"/></a:rPr><a:t>incididunt</a:t></a:r><a:r><a:rPr dirty="0"><a:latin typeface="Montserrat" panose="00000500000000000000" pitchFamily="2" charset="-52"/></a:rPr><a:t> </a:t></a:r><a:r><a:rPr dirty="0" err="1"><a:latin typeface="Montserrat" panose="00000500000000000000" pitchFamily="2" charset="-52"/></a:rPr><a:t>ut</a:t></a:r><a:r><a:rPr dirty="0"><a:latin typeface="Montserrat" panose="00000500000000000000" pitchFamily="2" charset="-52"/></a:rPr><a:t> labore et dolore magna </a:t></a:r><a:r><a:rPr dirty="0" err="1"><a:latin typeface="Montserrat" panose="00000500000000000000" pitchFamily="2" charset="-52"/></a:rPr><a:t>aliqua</a:t></a:r><a:r><a:rPr dirty="0"><a:latin typeface="Montserrat" panose="00000500000000000000" pitchFamily="2" charset="-52"/></a:rPr><a:t>. Ut </a:t></a:r><a:r><a:rPr dirty="0" err="1"><a:latin typeface="Montserrat" panose="00000500000000000000" pitchFamily="2" charset="-52"/></a:rPr><a:t>proideenim</a:t></a:r><a:r><a:rPr dirty="0"><a:latin typeface="Montserrat" panose="00000500000000000000" pitchFamily="2" charset="-52"/></a:rPr><a:t> ad minim </a:t></a:r><a:r><a:rPr dirty="0" err="1"><a:latin typeface="Montserrat" panose="00000500000000000000" pitchFamily="2" charset="-52"/></a:rPr><a:t>veniam</a:t></a:r><a:r><a:rPr dirty="0"><a:latin typeface="Montserrat" panose="00000500000000000000" pitchFamily="2" charset="-52"/></a:rPr><a:t>, </a:t></a:r><a:r><a:rPr dirty="0" err="1"><a:latin typeface="Montserrat" panose="00000500000000000000" pitchFamily="2" charset="-52"/></a:rPr><a:t>laboris</a:t></a:r><a:r><a:rPr dirty="0"><a:latin typeface="Montserrat" panose="00000500000000000000" pitchFamily="2" charset="-52"/></a:rPr><a:t> </a:t></a:r><a:r><a:rPr dirty="0" err="1"><a:latin typeface="Montserrat" panose="00000500000000000000" pitchFamily="2" charset="-52"/></a:rPr><a:t>quis</a:t></a:r><a:r><a:rPr dirty="0"><a:latin typeface="Montserrat" panose="00000500000000000000" pitchFamily="2" charset="-52"/></a:rPr><a:t> </a:t></a:r><a:r><a:rPr dirty="0" err="1"><a:latin typeface="Montserrat" panose="00000500000000000000" pitchFamily="2" charset="-52"/></a:rPr><a:t>proident</a:t></a:r><a:r><a:rPr dirty="0"><a:latin typeface="Montserrat" panose="00000500000000000000" pitchFamily="2" charset="-52"/></a:rPr><a:t> </a:t></a:r><a:r><a:rPr dirty="0" err="1"><a:latin typeface="Montserrat" panose="00000500000000000000" pitchFamily="2" charset="-52"/></a:rPr><a:t>nostrud</a:t></a:r><a:r><a:rPr dirty="0"><a:latin typeface="Montserrat" panose="00000500000000000000" pitchFamily="2" charset="-52"/></a:rPr><a:t> exercitation </a:t></a:r><a:r><a:rPr dirty="0" err="1"><a:latin typeface="Montserrat" panose="00000500000000000000" pitchFamily="2" charset="-52"/></a:rPr><a:t>ullamco</a:t></a:r><a:r><a:rPr dirty="0"><a:latin typeface="Montserrat" panose="00000500000000000000" pitchFamily="2" charset="-52"/></a:rPr><a:t> </a:t></a:r><a:r><a:rPr dirty="0" err="1"><a:latin typeface="Montserrat" panose="00000500000000000000" pitchFamily="2" charset="-52"/></a:rPr><a:t>laboris</a:t></a:r><a:r><a:rPr dirty="0"><a:latin typeface="Montserrat" panose="00000500000000000000" pitchFamily="2" charset="-52"/></a:rPr><a:t> nisi </a:t></a:r><a:r><a:rPr dirty="0" err="1"><a:latin typeface="Montserrat" panose="00000500000000000000" pitchFamily="2" charset="-52"/></a:rPr><a:t>ut</a:t></a:r><a:r><a:rPr dirty="0"><a:latin typeface="Montserrat" panose="00000500000000000000" pitchFamily="2" charset="-52"/></a:rPr><a:t> </a:t></a:r><a:r><a:rPr dirty="0" err="1"><a:latin typeface="Montserrat" panose="00000500000000000000" pitchFamily="2" charset="-52"/></a:rPr><a:t>aliquip</a:t></a:r><a:r><a:rPr dirty="0"><a:latin typeface="Montserrat" panose="00000500000000000000" pitchFamily="2" charset="-52"/></a:rPr><a:t> ex </a:t></a:r><a:r><a:rPr dirty="0" err="1"><a:latin typeface="Montserrat" panose="00000500000000000000" pitchFamily="2" charset="-52"/></a:rPr><a:t>ea</a:t></a:r><a:r><a:rPr dirty="0"><a:latin typeface="Montserrat" panose="00000500000000000000" pitchFamily="2" charset="-52"/></a:rPr><a:t> commo </a:t></a:r><a:r><a:rPr dirty="0" err="1"><a:latin typeface="Montserrat" panose="00000500000000000000" pitchFamily="2" charset="-52"/></a:rPr><a:t>ut</a:t></a:r><a:r><a:rPr dirty="0"><a:latin typeface="Montserrat" panose="00000500000000000000" pitchFamily="2" charset="-52"/></a:rPr><a:t> </a:t></a:r><a:r><a:rPr dirty="0" err="1"><a:latin typeface="Montserrat" panose="00000500000000000000" pitchFamily="2" charset="-52"/></a:rPr><a:t>consequat</a:t></a:r><a:r><a:rPr dirty="0"><a:latin typeface="Montserrat" panose="00000500000000000000" pitchFamily="2" charset="-52"/></a:rPr><a:t>. Duis </a:t></a:r><a:r><a:rPr dirty="0" err="1"><a:latin typeface="Montserrat" panose="00000500000000000000" pitchFamily="2" charset="-52"/></a:rPr><a:t>aute</a:t></a:r><a:r><a:rPr dirty="0"><a:latin typeface="Montserrat" panose="00000500000000000000" pitchFamily="2" charset="-52"/></a:rPr><a:t> </a:t></a:r><a:r><a:rPr dirty="0" err="1"><a:latin typeface="Montserrat" panose="00000500000000000000" pitchFamily="2" charset="-52"/></a:rPr><a:t>irure</a:t></a:r><a:r><a:rPr dirty="0"><a:latin typeface="Montserrat" panose="00000500000000000000" pitchFamily="2" charset="-52"/></a:rPr><a:t> dolor in</a:t></a:r></a:p></p:txBody></p:sp></p:spTree></p:cSld><p:clrMapOvr><a:masterClrMapping/></p:clrMapOvr><p:transition spd="med"/></p:sld>