﻿<?xml version="1.0" encoding="utf-8" standalone="yes"?>
<Properties xmlns="http://schemas.openxmlformats.org/officeDocument/2006/extended-properties" xmlns:vt="http://schemas.openxmlformats.org/officeDocument/2006/docPropsVTypes">
  <Template>sh_poPfr</Template>
  <TotalTime>62</TotalTime>
  <Pages>2</Pages>
  <Words>456</Words>
  <Characters>2601</Characters>
  <Application>Microsoft Office Word</Application>
  <DocSecurity>2</DocSecurity>
  <Lines>21</Lines>
  <Paragraphs>6</Paragraphs>
  <ScaleCrop>false</ScaleCrop>
  <HeadingPairs>
    <vt:vector size="2" baseType="variant">
      <vt:variant>
        <vt:lpstr>Название</vt:lpstr>
      </vt:variant>
      <vt:variant>
        <vt:i4>1</vt:i4>
      </vt:variant>
    </vt:vector>
  </HeadingPairs>
  <TitlesOfParts>
    <vt:vector size="1" baseType="lpstr">
      <vt:lpstr></vt:lpstr>
    </vt:vector>
  </TitlesOfParts>
  <Company></Company>
  <LinksUpToDate>false</LinksUpToDate>
  <CharactersWithSpaces>3051</CharactersWithSpaces>
  <SharedDoc>false</SharedDoc>
  <HyperlinksChanged>false</HyperlinksChanged>
  <AppVersion>14.0000</AppVersion>
</Properties>