<?xml version="1.0" encoding="UTF-8" standalone="yes"?>
<w:numbering xmlns:wpc="http://schemas.microsoft.com/office/word/2010/wordprocessingCanvas" xmlns:mc="http://schemas.openxmlformats.org/markup-compatibility/2006" xmlns:o="urn:schemas-microsoft-com:office:office" xmlns:r="http://schemas.openxmlformats.org/officeDocument/2006/relationships" xmlns:m="http://schemas.openxmlformats.org/officeDocument/2006/math" xmlns:v="urn:schemas-microsoft-com:vml" xmlns:wp14="http://schemas.microsoft.com/office/word/2010/wordprocessingDrawing" xmlns:wp="http://schemas.openxmlformats.org/drawingml/2006/wordprocessingDrawing" xmlns:w10="urn:schemas-microsoft-com:office:word" xmlns:w="http://schemas.openxmlformats.org/wordprocessingml/2006/main" xmlns:w14="http://schemas.microsoft.com/office/word/2010/wordml" xmlns:wpg="http://schemas.microsoft.com/office/word/2010/wordprocessingGroup" xmlns:wpi="http://schemas.microsoft.com/office/word/2010/wordprocessingInk" xmlns:wne="http://schemas.microsoft.com/office/word/2006/wordml" xmlns:wps="http://schemas.microsoft.com/office/word/2010/wordprocessingShape" mc:Ignorable="w14 wp14"><w:abstractNum w:abstractNumId="0"><w:nsid w:val="25FE3644"/><w:multiLevelType w:val="hybridMultilevel"/><w:tmpl w:val="355EAC7C"/><w:lvl w:ilvl="0" w:tplc="6D84E58E"><w:start w:val="1"/><w:numFmt w:val="decimal"/><w:lvlText w:val="%1."/><w:lvlJc w:val="left"/><w:pPr><w:ind w:left="927" w:hanging="360"/></w:pPr></w:lvl><w:lvl w:ilvl="1" w:tplc="04190019"><w:start w:val="1"/><w:numFmt w:val="lowerLetter"/><w:lvlText w:val="%2."/><w:lvlJc w:val="left"/><w:pPr><w:ind w:left="1647" w:hanging="360"/></w:pPr></w:lvl><w:lvl w:ilvl="2" w:tplc="0419001B"><w:start w:val="1"/><w:numFmt w:val="lowerRoman"/><w:lvlText w:val="%3."/><w:lvlJc w:val="right"/><w:pPr><w:ind w:left="2367" w:hanging="180"/></w:pPr></w:lvl><w:lvl w:ilvl="3" w:tplc="0419000F"><w:start w:val="1"/><w:numFmt w:val="decimal"/><w:lvlText w:val="%4."/><w:lvlJc w:val="left"/><w:pPr><w:ind w:left="3087" w:hanging="360"/></w:pPr></w:lvl><w:lvl w:ilvl="4" w:tplc="04190019"><w:start w:val="1"/><w:numFmt w:val="lowerLetter"/><w:lvlText w:val="%5."/><w:lvlJc w:val="left"/><w:pPr><w:ind w:left="3807" w:hanging="360"/></w:pPr></w:lvl><w:lvl w:ilvl="5" w:tplc="0419001B"><w:start w:val="1"/><w:numFmt w:val="lowerRoman"/><w:lvlText w:val="%6."/><w:lvlJc w:val="right"/><w:pPr><w:ind w:left="4527" w:hanging="180"/></w:pPr></w:lvl><w:lvl w:ilvl="6" w:tplc="0419000F"><w:start w:val="1"/><w:numFmt w:val="decimal"/><w:lvlText w:val="%7."/><w:lvlJc w:val="left"/><w:pPr><w:ind w:left="5247" w:hanging="360"/></w:pPr></w:lvl><w:lvl w:ilvl="7" w:tplc="04190019"><w:start w:val="1"/><w:numFmt w:val="lowerLetter"/><w:lvlText w:val="%8."/><w:lvlJc w:val="left"/><w:pPr><w:ind w:left="5967" w:hanging="360"/></w:pPr></w:lvl><w:lvl w:ilvl="8" w:tplc="0419001B"><w:start w:val="1"/><w:numFmt w:val="lowerRoman"/><w:lvlText w:val="%9."/><w:lvlJc w:val="right"/><w:pPr><w:ind w:left="6687" w:hanging="180"/></w:pPr></w:lvl></w:abstractNum><w:abstractNum w:abstractNumId="1"><w:nsid w:val="6A410917"/><w:multiLevelType w:val="multilevel"/><w:tmpl w:val="657CC2B0"/><w:lvl w:ilvl="0"><w:start w:val="1"/><w:numFmt w:val="decimal"/><w:lvlText w:val="%1."/><w:lvlJc w:val="left"/><w:pPr><w:ind w:left="927" w:hanging="360"/></w:pPr><w:rPr><w:rFonts w:hint="default"/><w:b w:val="0"/></w:rPr></w:lvl><w:lvl w:ilvl="1"><w:start w:val="1"/><w:numFmt w:val="decimal"/><w:isLgl/><w:lvlText w:val="%1.%2."/><w:lvlJc w:val="left"/><w:pPr><w:ind w:left="1287" w:hanging="720"/></w:pPr><w:rPr><w:rFonts w:hint="default"/></w:rPr></w:lvl><w:lvl w:ilvl="2"><w:start w:val="1"/><w:numFmt w:val="decimal"/><w:isLgl/><w:lvlText w:val="%1.%2.%3."/><w:lvlJc w:val="left"/><w:pPr><w:ind w:left="1287" w:hanging="720"/></w:pPr><w:rPr><w:rFonts w:hint="default"/></w:rPr></w:lvl><w:lvl w:ilvl="3"><w:start w:val="1"/><w:numFmt w:val="decimal"/><w:isLgl/><w:lvlText w:val="%1.%2.%3.%4."/><w:lvlJc w:val="left"/><w:pPr><w:ind w:left="1647" w:hanging="1080"/></w:pPr><w:rPr><w:rFonts w:hint="default"/></w:rPr></w:lvl><w:lvl w:ilvl="4"><w:start w:val="1"/><w:numFmt w:val="decimal"/><w:isLgl/><w:lvlText w:val="%1.%2.%3.%4.%5."/><w:lvlJc w:val="left"/><w:pPr><w:ind w:left="1647" w:hanging="1080"/></w:pPr><w:rPr><w:rFonts w:hint="default"/></w:rPr></w:lvl><w:lvl w:ilvl="5"><w:start w:val="1"/><w:numFmt w:val="decimal"/><w:isLgl/><w:lvlText w:val="%1.%2.%3.%4.%5.%6."/><w:lvlJc w:val="left"/><w:pPr><w:ind w:left="2007" w:hanging="1440"/></w:pPr><w:rPr><w:rFonts w:hint="default"/></w:rPr></w:lvl><w:lvl w:ilvl="6"><w:start w:val="1"/><w:numFmt w:val="decimal"/><w:isLgl/><w:lvlText w:val="%1.%2.%3.%4.%5.%6.%7."/><w:lvlJc w:val="left"/><w:pPr><w:ind w:left="2367" w:hanging="1800"/></w:pPr><w:rPr><w:rFonts w:hint="default"/></w:rPr></w:lvl><w:lvl w:ilvl="7"><w:start w:val="1"/><w:numFmt w:val="decimal"/><w:isLgl/><w:lvlText w:val="%1.%2.%3.%4.%5.%6.%7.%8."/><w:lvlJc w:val="left"/><w:pPr><w:ind w:left="2367" w:hanging="1800"/></w:pPr><w:rPr><w:rFonts w:hint="default"/></w:rPr></w:lvl><w:lvl w:ilvl="8"><w:start w:val="1"/><w:numFmt w:val="decimal"/><w:isLgl/><w:lvlText w:val="%1.%2.%3.%4.%5.%6.%7.%8.%9."/><w:lvlJc w:val="left"/><w:pPr><w:ind w:left="2727" w:hanging="2160"/></w:pPr><w:rPr><w:rFonts w:hint="default"/></w:rPr></w:lvl></w:abstractNum><w:num w:numId="1"><w:abstractNumId w:val="0"/><w:lvlOverride w:ilvl="0"><w:startOverride w:val="1"/></w:lvlOverride><w:lvlOverride w:ilvl="1"><w:startOverride w:val="1"/></w:lvlOverride><w:lvlOverride w:ilvl="2"><w:startOverride w:val="1"/></w:lvlOverride><w:lvlOverride w:ilvl="3"><w:startOverride w:val="1"/></w:lvlOverride><w:lvlOverride w:ilvl="4"><w:startOverride w:val="1"/></w:lvlOverride><w:lvlOverride w:ilvl="5"><w:startOverride w:val="1"/></w:lvlOverride><w:lvlOverride w:ilvl="6"><w:startOverride w:val="1"/></w:lvlOverride><w:lvlOverride w:ilvl="7"><w:startOverride w:val="1"/></w:lvlOverride><w:lvlOverride w:ilvl="8"><w:startOverride w:val="1"/></w:lvlOverride></w:num><w:num w:numId="2"><w:abstractNumId w:val="1"/></w:num></w:numbering>