<?xml version="1.0" encoding="UTF-8" standalone="yes"?>
<worksheet xmlns="http://schemas.openxmlformats.org/spreadsheetml/2006/main" xmlns:r="http://schemas.openxmlformats.org/officeDocument/2006/relationships" xmlns:mc="http://schemas.openxmlformats.org/markup-compatibility/2006" mc:Ignorable="x14ac" xmlns:x14ac="http://schemas.microsoft.com/office/spreadsheetml/2009/9/ac"><dimension ref="A1:BI43"/><sheetViews><sheetView showGridLines="0" workbookViewId="0"><selection activeCell="M4" sqref="M4:Y4"/></sheetView></sheetViews><sheetFormatPr defaultColWidth="1.7109375" defaultRowHeight="20.25" customHeight="1" x14ac:dyDescent="0.25"/><cols><col min="1" max="53" width="1.7109375" style="1" customWidth="1"/><col min="54" max="54" width="0.85546875" style="1" customWidth="1"/><col min="55" max="16384" width="1.7109375" style="1"/></cols><sheetData><row r="1" spans="1:53" ht="6" customHeight="1" x14ac:dyDescent="0.25"/><row r="2" spans="1:53" ht="20.25" customHeight="1" x14ac:dyDescent="0.25"><c r="A2" s="53" t="s"><v>47</v></c><c r="B2" s="53"/><c r="C2" s="53"/><c r="D2" s="53"/><c r="E2" s="53"/><c r="F2" s="53"/><c r="G2" s="53"/><c r="H2" s="53"/><c r="I2" s="53"/><c r="J2" s="53"/><c r="K2" s="53"/><c r="L2" s="53"/><c r="M2" s="53"/><c r="N2" s="53"/><c r="O2" s="53"/><c r="P2" s="53"/><c r="Q2" s="53"/><c r="R2" s="53"/><c r="S2" s="53"/><c r="T2" s="53"/><c r="U2" s="53"/><c r="V2" s="53"/><c r="W2" s="53"/><c r="X2" s="53"/><c r="Y2" s="53"/><c r="Z2" s="53"/><c r="AA2" s="53"/><c r="AB2" s="53"/><c r="AC2" s="53"/><c r="AD2" s="53"/><c r="AE2" s="53"/><c r="AF2" s="53"/><c r="AG2" s="53"/><c r="AH2" s="53"/><c r="AI2" s="53"/><c r="AJ2" s="53"/><c r="AK2" s="53"/><c r="AL2" s="53"/><c r="AM2" s="53"/><c r="AN2" s="53"/><c r="AO2" s="53"/><c r="AP2" s="53"/><c r="AQ2" s="53"/><c r="AR2" s="53"/><c r="AS2" s="53"/><c r="AT2" s="53"/><c r="AU2" s="53"/><c r="AV2" s="53"/><c r="AW2" s="53"/><c r="AX2" s="53"/><c r="AY2" s="53"/><c r="AZ2" s="53"/></row><row r="3" spans="1:53" ht="26.25" customHeight="1" x14ac:dyDescent="0.25"><c r="A3" s="64" t="s"><v>48</v></c><c r="B3" s="65"/><c r="C3" s="65"/><c r="D3" s="65"/><c r="E3" s="65"/><c r="F3" s="65"/><c r="G3" s="65"/><c r="H3" s="65"/><c r="I3" s="65"/><c r="J3" s="65"/><c r="K3" s="65"/><c r="L3" s="65"/><c r="M3" s="65"/><c r="N3" s="65"/><c r="O3" s="65"/><c r="P3" s="65"/><c r="Q3" s="65"/><c r="R3" s="65"/><c r="S3" s="65"/><c r="T3" s="65"/><c r="U3" s="65"/><c r="V3" s="65"/><c r="W3" s="65"/><c r="X3" s="65"/><c r="Y3" s="65"/><c r="Z3" s="65"/><c r="AA3" s="65"/><c r="AB3" s="65"/><c r="AC3" s="65"/><c r="AD3" s="65"/><c r="AE3" s="65"/><c r="AF3" s="65"/><c r="AG3" s="65"/><c r="AH3" s="65"/><c r="AI3" s="65"/><c r="AJ3" s="65"/><c r="AK3" s="65"/><c r="AL3" s="65"/><c r="AM3" s="65"/><c r="AN3" s="65"/><c r="AO3" s="65"/><c r="AP3" s="65"/><c r="AQ3" s="65"/><c r="AR3" s="65"/><c r="AS3" s="65"/><c r="AT3" s="65"/><c r="AU3" s="65"/><c r="AV3" s="65"/><c r="AW3" s="65"/><c r="AX3" s="65"/><c r="AY3" s="65"/><c r="AZ3" s="65"/></row><row r="4" spans="1:53" ht="44.25" customHeight="1" x14ac:dyDescent="0.25"><c r="A4" s="5" t="s"><v>49</v></c><c r="M4" s="28"/><c r="N4" s="29"/><c r="O4" s="29"/><c r="P4" s="29"/><c r="Q4" s="29"/><c r="R4" s="29"/><c r="S4" s="29"/><c r="T4" s="29"/><c r="U4" s="29"/><c r="V4" s="29"/><c r="W4" s="29"/><c r="X4" s="29"/><c r="Y4" s="30"/><c r="Z4" s="6"/><c r="AA4" s="67" t="s"><v>50</v></c><c r="AB4" s="68"/><c r="AC4" s="68"/><c r="AD4" s="68"/><c r="AE4" s="68"/><c r="AF4" s="68"/><c r="AG4" s="68"/><c r="AH4" s="68"/><c r="AI4" s="68"/><c r="AJ4" s="68"/><c r="AK4" s="68"/><c r="AL4" s="68"/><c r="AM4" s="68"/><c r="AN4" s="68"/><c r="AO4" s="68"/><c r="AP4" s="35"/><c r="AQ4" s="36"/><c r="AR4" s="36"/><c r="AS4" s="36"/><c r="AT4" s="36"/><c r="AU4" s="36"/><c r="AV4" s="36"/><c r="AW4" s="36"/><c r="AX4" s="36"/><c r="AY4" s="36"/><c r="AZ4" s="36"/><c r="BA4" s="37"/></row><row r="5" spans="1:53" ht="9.75" customHeight="1" x14ac:dyDescent="0.25"><c r="M5" s="4"/><c r="N5" s="4"/><c r="O5" s="4"/><c r="P5" s="4"/><c r="Q5" s="4"/><c r="R5" s="4"/><c r="S5" s="4"/><c r="T5" s="4"/><c r="U5" s="4"/><c r="V5" s="4"/><c r="W5" s="4"/><c r="X5" s="4"/><c r="Y5" s="4"/><c r="Z5" s="4"/><c r="AA5" s="22"/><c r="AB5" s="14"/><c r="AC5" s="14"/><c r="AD5" s="14"/><c r="AE5" s="14"/><c r="AF5" s="14"/><c r="AG5" s="14"/><c r="AH5" s="14"/><c r="AI5" s="14"/><c r="AJ5" s="14"/><c r="AK5" s="14"/><c r="AL5" s="14"/><c r="AM5" s="14"/><c r="AN5" s="14"/><c r="AO5" s="14"/><c r="AP5" s="38"/><c r="AQ5" s="39"/><c r="AR5" s="39"/><c r="AS5" s="39"/><c r="AT5" s="39"/><c r="AU5" s="39"/><c r="AV5" s="39"/><c r="AW5" s="39"/><c r="AX5" s="39"/><c r="AY5" s="39"/><c r="AZ5" s="39"/><c r="BA5" s="40"/></row><row r="6" spans="1:53" ht="16.5" customHeight="1" x14ac:dyDescent="0.25"><c r="A6" s="5" t="s"><v>51</v></c><c r="M6" s="28"/><c r="N6" s="29"/><c r="O6" s="29"/><c r="P6" s="29"/><c r="Q6" s="29"/><c r="R6" s="29"/><c r="S6" s="29"/><c r="T6" s="29"/><c r="U6" s="29"/><c r="V6" s="29"/><c r="W6" s="29"/><c r="X6" s="29"/><c r="Y6" s="30"/><c r="Z6" s="6"/><c r="AA6" s="7"/><c r="AB6" s="6"/><c r="AC6" s="6"/><c r="AD6" s="6"/><c r="AE6" s="6"/><c r="AF6" s="6"/><c r="AG6" s="6"/><c r="AH6" s="6"/><c r="AI6" s="6"/><c r="AJ6" s="6"/><c r="AK6" s="6"/><c r="AL6" s="6"/><c r="AM6" s="6"/><c r="AN6" s="6"/><c r="AO6" s="6"/><c r="AP6" s="41"/><c r="AQ6" s="42"/><c r="AR6" s="42"/><c r="AS6" s="42"/><c r="AT6" s="42"/><c r="AU6" s="42"/><c r="AV6" s="42"/><c r="AW6" s="42"/><c r="AX6" s="42"/><c r="AY6" s="42"/><c r="AZ6" s="42"/><c r="BA6" s="43"/></row><row r="7" spans="1:53" ht="9.75" customHeight="1" x14ac:dyDescent="0.25"><c r="M7" s="4"/><c r="N7" s="4"/><c r="O7" s="4"/><c r="P7" s="4"/><c r="Q7" s="4"/><c r="R7" s="4"/><c r="S7" s="4"/><c r="T7" s="4"/><c r="U7" s="4"/><c r="V7" s="4"/><c r="W7" s="4"/><c r="X7" s="4"/><c r="Y7" s="4"/><c r="Z7" s="4"/><c r="AA7" s="22"/><c r="AB7" s="14"/><c r="AC7" s="14"/><c r="AD7" s="14"/><c r="AE7" s="14"/><c r="AF7" s="14"/><c r="AG7" s="14"/><c r="AH7" s="14"/><c r="AI7" s="14"/><c r="AJ7" s="14"/><c r="AK7" s="14"/><c r="AL7" s="14"/><c r="AM7" s="14"/><c r="AN7" s="14"/><c r="AO7" s="14"/></row><row r="8" spans="1:53" ht="16.5" customHeight="1" x14ac:dyDescent="0.25"><c r="A8" s="5" t="s"><v>52</v></c><c r="M8" s="35"/><c r="N8" s="36"/><c r="O8" s="36"/><c r="P8" s="36"/><c r="Q8" s="36"/><c r="R8" s="36"/><c r="S8" s="36"/><c r="T8" s="36"/><c r="U8" s="36"/><c r="V8" s="36"/><c r="W8" s="36"/><c r="X8" s="36"/><c r="Y8" s="37"/><c r="Z8" s="6"/><c r="AA8" s="23" t="s"><v>53</v></c><c r="AB8" s="6"/><c r="AC8" s="6"/><c r="AD8" s="6"/><c r="AE8" s="6"/><c r="AF8" s="6"/><c r="AG8" s="6"/><c r="AH8" s="6"/><c r="AI8" s="6"/><c r="AJ8" s="6"/><c r="AK8" s="6"/><c r="AL8" s="6"/><c r="AM8" s="6"/><c r="AN8" s="6"/><c r="AO8" s="6"/><c r="AP8" s="6"/><c r="AQ8" s="6"/><c r="AR8" s="6"/><c r="AS8" s="6"/><c r="AT8" s="6"/><c r="AU8" s="6"/><c r="AV8" s="6"/><c r="AW8" s="6"/><c r="AX8" s="6"/><c r="AY8" s="6"/><c r="AZ8" s="6"/></row><row r="9" spans="1:53" ht="16.5" customHeight="1" x14ac:dyDescent="0.25"><c r="A9" s="5"/><c r="M9" s="41"/><c r="N9" s="42"/><c r="O9" s="42"/><c r="P9" s="42"/><c r="Q9" s="42"/><c r="R9" s="42"/><c r="S9" s="42"/><c r="T9" s="42"/><c r="U9" s="42"/><c r="V9" s="42"/><c r="W9" s="42"/><c r="X9" s="42"/><c r="Y9" s="43"/><c r="Z9" s="6"/><c r="AA9" s="23" t="s"><v>54</v></c><c r="AB9" s="6"/><c r="AC9" s="6"/><c r="AD9" s="6"/><c r="AE9" s="6"/><c r="AF9" s="6"/><c r="AG9" s="6"/><c r="AH9" s="6"/><c r="AI9" s="6"/><c r="AJ9" s="6"/><c r="AK9" s="6"/><c r="AL9" s="6"/><c r="AM9" s="6"/><c r="AN9" s="6"/><c r="AO9" s="6"/><c r="AP9" s="28"/><c r="AQ9" s="29"/><c r="AR9" s="29"/><c r="AS9" s="29"/><c r="AT9" s="29"/><c r="AU9" s="29"/><c r="AV9" s="29"/><c r="AW9" s="29"/><c r="AX9" s="29"/><c r="AY9" s="29"/><c r="AZ9" s="29"/><c r="BA9" s="30"/></row><row r="10" spans="1:53" ht="9.75" customHeight="1" x14ac:dyDescent="0.25"><c r="M10" s="4"/><c r="N10" s="4"/><c r="O10" s="4"/><c r="P10" s="4"/><c r="Q10" s="4"/><c r="R10" s="4"/><c r="S10" s="4"/><c r="T10" s="4"/><c r="U10" s="4"/><c r="V10" s="4"/><c r="W10" s="4"/><c r="X10" s="4"/><c r="Y10" s="4"/><c r="Z10" s="4"/><c r="AA10" s="22"/><c r="AB10" s="14"/><c r="AC10" s="14"/><c r="AD10" s="14"/><c r="AE10" s="14"/><c r="AF10" s="14"/><c r="AG10" s="14"/><c r="AH10" s="14"/><c r="AI10" s="14"/><c r="AJ10" s="14"/><c r="AK10" s="14"/><c r="AL10" s="14"/><c r="AM10" s="14"/><c r="AN10" s="14"/><c r="AO10" s="14"/><c r="AP10" s="25" t="s"><v>55</v></c><c r="AQ10" s="25"/><c r="AR10" s="25"/><c r="AS10" s="25"/><c r="AT10" s="25"/><c r="AU10" s="25"/><c r="AV10" s="25"/><c r="AW10" s="25"/><c r="AX10" s="25"/><c r="AY10" s="25"/><c r="AZ10" s="25"/><c r="BA10" s="25"/></row><row r="11" spans="1:53" ht="16.5" customHeight="1" x14ac:dyDescent="0.25"><c r="A11" s="72" t="s"><v>56</v></c><c r="B11" s="72"/><c r="C11" s="72"/><c r="D11" s="72"/><c r="E11" s="72"/><c r="F11" s="72"/><c r="G11" s="72"/><c r="H11" s="72"/><c r="I11" s="72"/><c r="J11" s="72"/><c r="K11" s="72"/><c r="L11" s="72"/><c r="M11" s="28"/><c r="N11" s="29"/><c r="O11" s="29"/><c r="P11" s="29"/><c r="Q11" s="29"/><c r="R11" s="29"/><c r="S11" s="29"/><c r="T11" s="29"/><c r="U11" s="29"/><c r="V11" s="29"/><c r="W11" s="29"/><c r="X11" s="29"/><c r="Y11" s="30"/><c r="Z11" s="15"/><c r="AA11" s="23" t="s"><v>57</v></c><c r="AB11" s="6"/><c r="AC11" s="6"/><c r="AD11" s="6"/><c r="AE11" s="6"/><c r="AF11" s="6"/><c r="AG11" s="6"/><c r="AH11" s="6"/><c r="AI11" s="6"/><c r="AJ11" s="6"/><c r="AK11" s="6"/><c r="AL11" s="6"/><c r="AM11" s="6"/><c r="AN11" s="6"/><c r="AO11" s="6"/><c r="AP11" s="28"/><c r="AQ11" s="29"/><c r="AR11" s="29"/><c r="AS11" s="29"/><c r="AT11" s="29"/><c r="AU11" s="29"/><c r="AV11" s="29"/><c r="AW11" s="29"/><c r="AX11" s="29"/><c r="AY11" s="29"/><c r="AZ11" s="29"/><c r="BA11" s="30"/></row><row r="12" spans="1:53" ht="27" customHeight="1" x14ac:dyDescent="0.25"><c r="A12" s="72"/><c r="B12" s="72"/><c r="C12" s="72"/><c r="D12" s="72"/><c r="E12" s="72"/><c r="F12" s="72"/><c r="G12" s="72"/><c r="H12" s="72"/><c r="I12" s="72"/><c r="J12" s="72"/><c r="K12" s="72"/><c r="L12" s="72"/><c r="M12" s="4"/><c r="N12" s="4"/><c r="O12" s="4"/><c r="P12" s="4"/><c r="Q12" s="4"/><c r="R12" s="4"/><c r="S12" s="4"/><c r="T12" s="4"/><c r="U12" s="4"/><c r="V12" s="4"/><c r="W12" s="4"/><c r="X12" s="4"/><c r="Y12" s="4"/><c r="Z12" s="4"/><c r="AA12" s="22"/><c r="AB12" s="14"/><c r="AC12" s="14"/><c r="AD12" s="14"/><c r="AE12" s="14"/><c r="AF12" s="14"/><c r="AG12" s="14"/><c r="AH12" s="14"/><c r="AI12" s="14"/><c r="AJ12" s="14"/><c r="AK12" s="14"/><c r="AL12" s="14"/><c r="AM12" s="14"/><c r="AN12" s="14"/><c r="AO12" s="14"/><c r="AP12" s="34" t="s"><v>58</v></c><c r="AQ12" s="34"/><c r="AR12" s="34"/><c r="AS12" s="34"/><c r="AT12" s="34"/><c r="AU12" s="34"/><c r="AV12" s="34"/><c r="AW12" s="34"/><c r="AX12" s="34"/><c r="AY12" s="34"/><c r="AZ12" s="34"/><c r="BA12" s="34"/></row><row r="13" spans="1:53" ht="16.5" customHeight="1" x14ac:dyDescent="0.25"><c r="A13" s="50" t="s"><v>61</v></c><c r="B13" s="50"/><c r="C13" s="50"/><c r="D13" s="50"/><c r="E13" s="50"/><c r="F13" s="50"/><c r="G13" s="50"/><c r="H13" s="50"/><c r="I13" s="50"/><c r="J13" s="50"/><c r="K13" s="50"/><c r="L13" s="50"/><c r="M13" s="28"/><c r="N13" s="29"/><c r="O13" s="29"/><c r="P13" s="29"/><c r="Q13" s="29"/><c r="R13" s="29"/><c r="S13" s="29"/><c r="T13" s="29"/><c r="U13" s="29"/><c r="V13" s="29"/><c r="W13" s="29"/><c r="X13" s="29"/><c r="Y13" s="30"/><c r="Z13" s="6"/><c r="AA13" s="69" t="s"><v>59</v></c><c r="AB13" s="70"/><c r="AC13" s="70"/><c r="AD13" s="70"/><c r="AE13" s="70"/><c r="AF13" s="70"/><c r="AG13" s="70"/><c r="AH13" s="70"/><c r="AI13" s="70"/><c r="AJ13" s="70"/><c r="AK13" s="70"/><c r="AL13" s="70"/><c r="AM13" s="70"/><c r="AN13" s="70"/><c r="AO13" s="70"/><c r="AP13" s="35"/><c r="AQ13" s="36"/><c r="AR13" s="36"/><c r="AS13" s="36"/><c r="AT13" s="36"/><c r="AU13" s="36"/><c r="AV13" s="36"/><c r="AW13" s="36"/><c r="AX13" s="36"/><c r="AY13" s="36"/><c r="AZ13" s="36"/><c r="BA13" s="37"/></row><row r="14" spans="1:53" ht="20.25" customHeight="1" x14ac:dyDescent="0.25"><c r="A14" s="50"/><c r="B14" s="50"/><c r="C14" s="50"/><c r="D14" s="50"/><c r="E14" s="50"/><c r="F14" s="50"/><c r="G14" s="50"/><c r="H14" s="50"/><c r="I14" s="50"/><c r="J14" s="50"/><c r="K14" s="50"/><c r="L14" s="50"/><c r="M14" s="4"/><c r="N14" s="4"/><c r="O14" s="4"/><c r="P14" s="4"/><c r="Q14" s="4"/><c r="R14" s="4"/><c r="S14" s="4"/><c r="T14" s="4"/><c r="U14" s="4"/><c r="V14" s="4"/><c r="W14" s="4"/><c r="X14" s="4"/><c r="Y14" s="4"/><c r="Z14" s="4"/><c r="AA14" s="71"/><c r="AB14" s="70"/><c r="AC14" s="70"/><c r="AD14" s="70"/><c r="AE14" s="70"/><c r="AF14" s="70"/><c r="AG14" s="70"/><c r="AH14" s="70"/><c r="AI14" s="70"/><c r="AJ14" s="70"/><c r="AK14" s="70"/><c r="AL14" s="70"/><c r="AM14" s="70"/><c r="AN14" s="70"/><c r="AO14" s="70"/><c r="AP14" s="41"/><c r="AQ14" s="42"/><c r="AR14" s="42"/><c r="AS14" s="42"/><c r="AT14" s="42"/><c r="AU14" s="42"/><c r="AV14" s="42"/><c r="AW14" s="42"/><c r="AX14" s="42"/><c r="AY14" s="42"/><c r="AZ14" s="42"/><c r="BA14" s="43"/></row><row r="15" spans="1:53" ht="20.25" customHeight="1" x14ac:dyDescent="0.25"><c r="A15" s="12"/><c r="B15" s="12"/><c r="C15" s="12"/><c r="D15" s="12"/><c r="E15" s="12"/><c r="F15" s="12"/><c r="G15" s="12"/><c r="H15" s="12"/><c r="I15" s="12"/><c r="J15" s="12"/><c r="K15" s="12"/><c r="L15" s="12"/><c r="M15" s="4"/><c r="N15" s="4"/><c r="O15" s="4"/><c r="P15" s="4"/><c r="Q15" s="4"/><c r="R15" s="4"/><c r="S15" s="4"/><c r="T15" s="4"/><c r="U15" s="4"/><c r="V15" s="4"/><c r="W15" s="4"/><c r="X15" s="4"/><c r="Y15" s="4"/><c r="Z15" s="4"/><c r="AA15" s="16"/><c r="AB15" s="16"/><c r="AC15" s="16"/><c r="AD15" s="16"/><c r="AE15" s="16"/><c r="AF15" s="16"/><c r="AG15" s="16"/><c r="AH15" s="16"/><c r="AI15" s="16"/><c r="AJ15" s="16"/><c r="AK15" s="16"/><c r="AL15" s="16"/><c r="AM15" s="16"/><c r="AN15" s="16"/><c r="AO15" s="16"/><c r="AP15" s="24" t="s"><v>60</v></c><c r="AQ15" s="24"/><c r="AR15" s="24"/><c r="AS15" s="24"/><c r="AT15" s="24"/><c r="AU15" s="24"/><c r="AV15" s="24"/><c r="AW15" s="24"/><c r="AX15" s="24"/><c r="AY15" s="24"/><c r="AZ15" s="24"/><c r="BA15" s="24"/></row><row r="16" spans="1:53" ht="26.25" customHeight="1" x14ac:dyDescent="0.25"><c r="A16" s="64" t="s"><v>62</v></c><c r="B16" s="65"/><c r="C16" s="65"/><c r="D16" s="65"/><c r="E16" s="65"/><c r="F16" s="65"/><c r="G16" s="65"/><c r="H16" s="65"/><c r="I16" s="65"/><c r="J16" s="65"/><c r="K16" s="65"/><c r="L16" s="65"/><c r="M16" s="65"/><c r="N16" s="65"/><c r="O16" s="65"/><c r="P16" s="65"/><c r="Q16" s="65"/><c r="R16" s="65"/><c r="S16" s="65"/><c r="T16" s="65"/><c r="U16" s="65"/><c r="V16" s="65"/><c r="W16" s="65"/><c r="X16" s="65"/><c r="Y16" s="65"/><c r="Z16" s="65"/><c r="AA16" s="65"/><c r="AB16" s="65"/><c r="AC16" s="65"/><c r="AD16" s="65"/><c r="AE16" s="65"/><c r="AF16" s="65"/><c r="AG16" s="65"/><c r="AH16" s="65"/><c r="AI16" s="65"/><c r="AJ16" s="65"/><c r="AK16" s="65"/><c r="AL16" s="65"/><c r="AM16" s="65"/><c r="AN16" s="65"/><c r="AO16" s="65"/><c r="AP16" s="65"/><c r="AQ16" s="65"/><c r="AR16" s="65"/><c r="AS16" s="65"/><c r="AT16" s="65"/><c r="AU16" s="65"/><c r="AV16" s="65"/><c r="AW16" s="65"/><c r="AX16" s="65"/><c r="AY16" s="65"/><c r="AZ16" s="65"/></row><row r="17" spans="1:53" ht="20.25" customHeight="1" x14ac:dyDescent="0.25"><c r="A17" s="66"/><c r="B17" s="66"/><c r="C17" s="66"/><c r="D17" s="66"/><c r="E17" s="66"/><c r="F17" s="66"/><c r="G17" s="66"/><c r="H17" s="66"/><c r="I17" s="66"/><c r="J17" s="66"/><c r="K17" s="66"/><c r="L17" s="66"/><c r="M17" s="66"/><c r="N17" s="66"/><c r="O17" s="66"/><c r="P17" s="66"/><c r="Q17" s="66"/><c r="R17" s="66"/><c r="S17" s="66"/><c r="T17" s="66"/><c r="U17" s="66"/><c r="V17" s="66"/><c r="W17" s="66"/><c r="X17" s="66"/><c r="Y17" s="66"/><c r="Z17" s="66"/><c r="AA17" s="66"/><c r="AB17" s="66"/><c r="AC17" s="66"/><c r="AD17" s="66"/><c r="AE17" s="66"/><c r="AF17" s="66"/><c r="AG17" s="66"/><c r="AH17" s="66"/><c r="AI17" s="66"/><c r="AJ17" s="66"/><c r="AK17" s="66"/><c r="AL17" s="66"/><c r="AM17" s="66"/><c r="AN17" s="66"/><c r="AO17" s="66"/><c r="AP17" s="66"/><c r="AQ17" s="66"/><c r="AR17" s="66"/><c r="AS17" s="66"/><c r="AT17" s="66"/><c r="AU17" s="66"/><c r="AV17" s="66"/><c r="AW17" s="66"/><c r="AX17" s="66"/><c r="AY17" s="66"/><c r="AZ17" s="66"/><c r="BA17" s="66"/></row><row r="18" spans="1:53" ht="20.25" customHeight="1" x14ac:dyDescent="0.25"><c r="A18" s="66"/><c r="B18" s="66"/><c r="C18" s="66"/><c r="D18" s="66"/><c r="E18" s="66"/><c r="F18" s="66"/><c r="G18" s="66"/><c r="H18" s="66"/><c r="I18" s="66"/><c r="J18" s="66"/><c r="K18" s="66"/><c r="L18" s="66"/><c r="M18" s="66"/><c r="N18" s="66"/><c r="O18" s="66"/><c r="P18" s="66"/><c r="Q18" s="66"/><c r="R18" s="66"/><c r="S18" s="66"/><c r="T18" s="66"/><c r="U18" s="66"/><c r="V18" s="66"/><c r="W18" s="66"/><c r="X18" s="66"/><c r="Y18" s="66"/><c r="Z18" s="66"/><c r="AA18" s="66"/><c r="AB18" s="66"/><c r="AC18" s="66"/><c r="AD18" s="66"/><c r="AE18" s="66"/><c r="AF18" s="66"/><c r="AG18" s="66"/><c r="AH18" s="66"/><c r="AI18" s="66"/><c r="AJ18" s="66"/><c r="AK18" s="66"/><c r="AL18" s="66"/><c r="AM18" s="66"/><c r="AN18" s="66"/><c r="AO18" s="66"/><c r="AP18" s="66"/><c r="AQ18" s="66"/><c r="AR18" s="66"/><c r="AS18" s="66"/><c r="AT18" s="66"/><c r="AU18" s="66"/><c r="AV18" s="66"/><c r="AW18" s="66"/><c r="AX18" s="66"/><c r="AY18" s="66"/><c r="AZ18" s="66"/><c r="BA18" s="66"/></row><row r="19" spans="1:53" ht="20.25" customHeight="1" x14ac:dyDescent="0.25"><c r="A19" s="66"/><c r="B19" s="66"/><c r="C19" s="66"/><c r="D19" s="66"/><c r="E19" s="66"/><c r="F19" s="66"/><c r="G19" s="66"/><c r="H19" s="66"/><c r="I19" s="66"/><c r="J19" s="66"/><c r="K19" s="66"/><c r="L19" s="66"/><c r="M19" s="66"/><c r="N19" s="66"/><c r="O19" s="66"/><c r="P19" s="66"/><c r="Q19" s="66"/><c r="R19" s="66"/><c r="S19" s="66"/><c r="T19" s="66"/><c r="U19" s="66"/><c r="V19" s="66"/><c r="W19" s="66"/><c r="X19" s="66"/><c r="Y19" s="66"/><c r="Z19" s="66"/><c r="AA19" s="66"/><c r="AB19" s="66"/><c r="AC19" s="66"/><c r="AD19" s="66"/><c r="AE19" s="66"/><c r="AF19" s="66"/><c r="AG19" s="66"/><c r="AH19" s="66"/><c r="AI19" s="66"/><c r="AJ19" s="66"/><c r="AK19" s="66"/><c r="AL19" s="66"/><c r="AM19" s="66"/><c r="AN19" s="66"/><c r="AO19" s="66"/><c r="AP19" s="66"/><c r="AQ19" s="66"/><c r="AR19" s="66"/><c r="AS19" s="66"/><c r="AT19" s="66"/><c r="AU19" s="66"/><c r="AV19" s="66"/><c r="AW19" s="66"/><c r="AX19" s="66"/><c r="AY19" s="66"/><c r="AZ19" s="66"/><c r="BA19" s="66"/></row><row r="20" spans="1:53" ht="20.25" customHeight="1" x14ac:dyDescent="0.25"><c r="A20" s="66"/><c r="B20" s="66"/><c r="C20" s="66"/><c r="D20" s="66"/><c r="E20" s="66"/><c r="F20" s="66"/><c r="G20" s="66"/><c r="H20" s="66"/><c r="I20" s="66"/><c r="J20" s="66"/><c r="K20" s="66"/><c r="L20" s="66"/><c r="M20" s="66"/><c r="N20" s="66"/><c r="O20" s="66"/><c r="P20" s="66"/><c r="Q20" s="66"/><c r="R20" s="66"/><c r="S20" s="66"/><c r="T20" s="66"/><c r="U20" s="66"/><c r="V20" s="66"/><c r="W20" s="66"/><c r="X20" s="66"/><c r="Y20" s="66"/><c r="Z20" s="66"/><c r="AA20" s="66"/><c r="AB20" s="66"/><c r="AC20" s="66"/><c r="AD20" s="66"/><c r="AE20" s="66"/><c r="AF20" s="66"/><c r="AG20" s="66"/><c r="AH20" s="66"/><c r="AI20" s="66"/><c r="AJ20" s="66"/><c r="AK20" s="66"/><c r="AL20" s="66"/><c r="AM20" s="66"/><c r="AN20" s="66"/><c r="AO20" s="66"/><c r="AP20" s="66"/><c r="AQ20" s="66"/><c r="AR20" s="66"/><c r="AS20" s="66"/><c r="AT20" s="66"/><c r="AU20" s="66"/><c r="AV20" s="66"/><c r="AW20" s="66"/><c r="AX20" s="66"/><c r="AY20" s="66"/><c r="AZ20" s="66"/><c r="BA20" s="66"/></row><row r="21" spans="1:53" ht="20.25" customHeight="1" x14ac:dyDescent="0.25"><c r="A21" s="66"/><c r="B21" s="66"/><c r="C21" s="66"/><c r="D21" s="66"/><c r="E21" s="66"/><c r="F21" s="66"/><c r="G21" s="66"/><c r="H21" s="66"/><c r="I21" s="66"/><c r="J21" s="66"/><c r="K21" s="66"/><c r="L21" s="66"/><c r="M21" s="66"/><c r="N21" s="66"/><c r="O21" s="66"/><c r="P21" s="66"/><c r="Q21" s="66"/><c r="R21" s="66"/><c r="S21" s="66"/><c r="T21" s="66"/><c r="U21" s="66"/><c r="V21" s="66"/><c r="W21" s="66"/><c r="X21" s="66"/><c r="Y21" s="66"/><c r="Z21" s="66"/><c r="AA21" s="66"/><c r="AB21" s="66"/><c r="AC21" s="66"/><c r="AD21" s="66"/><c r="AE21" s="66"/><c r="AF21" s="66"/><c r="AG21" s="66"/><c r="AH21" s="66"/><c r="AI21" s="66"/><c r="AJ21" s="66"/><c r="AK21" s="66"/><c r="AL21" s="66"/><c r="AM21" s="66"/><c r="AN21" s="66"/><c r="AO21" s="66"/><c r="AP21" s="66"/><c r="AQ21" s="66"/><c r="AR21" s="66"/><c r="AS21" s="66"/><c r="AT21" s="66"/><c r="AU21" s="66"/><c r="AV21" s="66"/><c r="AW21" s="66"/><c r="AX21" s="66"/><c r="AY21" s="66"/><c r="AZ21" s="66"/><c r="BA21" s="66"/></row><row r="22" spans="1:53" ht="20.25" customHeight="1" x14ac:dyDescent="0.25"><c r="A22" s="66"/><c r="B22" s="66"/><c r="C22" s="66"/><c r="D22" s="66"/><c r="E22" s="66"/><c r="F22" s="66"/><c r="G22" s="66"/><c r="H22" s="66"/><c r="I22" s="66"/><c r="J22" s="66"/><c r="K22" s="66"/><c r="L22" s="66"/><c r="M22" s="66"/><c r="N22" s="66"/><c r="O22" s="66"/><c r="P22" s="66"/><c r="Q22" s="66"/><c r="R22" s="66"/><c r="S22" s="66"/><c r="T22" s="66"/><c r="U22" s="66"/><c r="V22" s="66"/><c r="W22" s="66"/><c r="X22" s="66"/><c r="Y22" s="66"/><c r="Z22" s="66"/><c r="AA22" s="66"/><c r="AB22" s="66"/><c r="AC22" s="66"/><c r="AD22" s="66"/><c r="AE22" s="66"/><c r="AF22" s="66"/><c r="AG22" s="66"/><c r="AH22" s="66"/><c r="AI22" s="66"/><c r="AJ22" s="66"/><c r="AK22" s="66"/><c r="AL22" s="66"/><c r="AM22" s="66"/><c r="AN22" s="66"/><c r="AO22" s="66"/><c r="AP22" s="66"/><c r="AQ22" s="66"/><c r="AR22" s="66"/><c r="AS22" s="66"/><c r="AT22" s="66"/><c r="AU22" s="66"/><c r="AV22" s="66"/><c r="AW22" s="66"/><c r="AX22" s="66"/><c r="AY22" s="66"/><c r="AZ22" s="66"/><c r="BA22" s="66"/></row><row r="23" spans="1:53" ht="20.25" customHeight="1" x14ac:dyDescent="0.25"><c r="A23" s="12"/><c r="B23" s="12"/><c r="C23" s="12"/><c r="D23" s="12"/><c r="E23" s="12"/><c r="F23" s="12"/><c r="G23" s="12"/><c r="H23" s="12"/><c r="I23" s="12"/><c r="J23" s="12"/><c r="K23" s="12"/><c r="L23" s="12"/><c r="M23" s="4"/><c r="N23" s="4"/><c r="O23" s="4"/><c r="P23" s="4"/><c r="Q23" s="4"/><c r="R23" s="4"/><c r="S23" s="4"/><c r="T23" s="4"/><c r="U23" s="4"/><c r="V23" s="4"/><c r="W23" s="4"/><c r="X23" s="4"/><c r="Y23" s="4"/><c r="Z23" s="4"/><c r="AA23" s="16"/><c r="AB23" s="16"/><c r="AC23" s="16"/><c r="AD23" s="16"/><c r="AE23" s="16"/><c r="AF23" s="16"/><c r="AG23" s="16"/><c r="AH23" s="16"/><c r="AI23" s="16"/><c r="AJ23" s="16"/><c r="AK23" s="16"/><c r="AL23" s="16"/><c r="AM23" s="16"/><c r="AN23" s="16"/><c r="AO23" s="16"/><c r="AP23" s="10"/><c r="AQ23" s="10"/><c r="AR23" s="10"/><c r="AS23" s="10"/><c r="AT23" s="10"/><c r="AU23" s="10"/><c r="AV23" s="10"/><c r="AW23" s="10"/><c r="AX23" s="10"/><c r="AY23" s="10"/><c r="AZ23" s="10"/><c r="BA23" s="10"/></row><row r="24" spans="1:53" ht="26.25" customHeight="1" x14ac:dyDescent="0.25"><c r="A24" s="64" t="s"><v>63</v></c><c r="B24" s="65"/><c r="C24" s="65"/><c r="D24" s="65"/><c r="E24" s="65"/><c r="F24" s="65"/><c r="G24" s="65"/><c r="H24" s="65"/><c r="I24" s="65"/><c r="J24" s="65"/><c r="K24" s="65"/><c r="L24" s="65"/><c r="M24" s="65"/><c r="N24" s="65"/><c r="O24" s="65"/><c r="P24" s="65"/><c r="Q24" s="65"/><c r="R24" s="65"/><c r="S24" s="65"/><c r="T24" s="65"/><c r="U24" s="65"/><c r="V24" s="65"/><c r="W24" s="65"/><c r="X24" s="65"/><c r="Y24" s="65"/><c r="Z24" s="65"/><c r="AA24" s="65"/><c r="AB24" s="65"/><c r="AC24" s="65"/><c r="AD24" s="65"/><c r="AE24" s="65"/><c r="AF24" s="65"/><c r="AG24" s="65"/><c r="AH24" s="65"/><c r="AI24" s="65"/><c r="AJ24" s="65"/><c r="AK24" s="65"/><c r="AL24" s="65"/><c r="AM24" s="65"/><c r="AN24" s="65"/><c r="AO24" s="65"/><c r="AP24" s="65"/><c r="AQ24" s="65"/><c r="AR24" s="65"/><c r="AS24" s="65"/><c r="AT24" s="65"/><c r="AU24" s="65"/><c r="AV24" s="65"/><c r="AW24" s="65"/><c r="AX24" s="65"/><c r="AY24" s="65"/><c r="AZ24" s="65"/></row><row r="25" spans="1:53" ht="44.25" customHeight="1" x14ac:dyDescent="0.25"><c r="A25" s="60" t="s"><v>64</v></c><c r="B25" s="60"/><c r="C25" s="60"/><c r="D25" s="60"/><c r="E25" s="60"/><c r="F25" s="60"/><c r="G25" s="60"/><c r="H25" s="60"/><c r="I25" s="60"/><c r="J25" s="60" t="s"><v>65</v></c><c r="K25" s="60"/><c r="L25" s="60"/><c r="M25" s="60"/><c r="N25" s="60"/><c r="O25" s="60"/><c r="P25" s="60"/><c r="Q25" s="60"/><c r="R25" s="60"/><c r="S25" s="60"/><c r="T25" s="60"/><c r="U25" s="60"/><c r="V25" s="60"/><c r="W25" s="60"/><c r="X25" s="60"/><c r="Y25" s="60"/><c r="Z25" s="60"/><c r="AA25" s="60"/><c r="AB25" s="60"/><c r="AC25" s="60"/><c r="AD25" s="60"/><c r="AE25" s="60"/><c r="AF25" s="60" t="s"><v>66</v></c><c r="AG25" s="60"/><c r="AH25" s="60"/><c r="AI25" s="60"/><c r="AJ25" s="60"/><c r="AK25" s="60"/><c r="AL25" s="60"/><c r="AM25" s="60"/><c r="AN25" s="60"/><c r="AO25" s="60"/><c r="AP25" s="60"/><c r="AQ25" s="60"/><c r="AR25" s="60" t="s"><v>67</v></c><c r="AS25" s="60"/><c r="AT25" s="60"/><c r="AU25" s="60"/><c r="AV25" s="60"/><c r="AW25" s="60"/><c r="AX25" s="60"/><c r="AY25" s="60"/><c r="AZ25" s="60"/><c r="BA25" s="60"/></row><row r="26" spans="1:53" ht="20.25" customHeight="1" x14ac:dyDescent="0.25"><c r="A26" s="60" t="s"><v>68</v></c><c r="B26" s="60"/><c r="C26" s="60"/><c r="D26" s="60"/><c r="E26" s="60"/><c r="F26" s="60"/><c r="G26" s="60"/><c r="H26" s="60"/><c r="I26" s="60"/><c r="J26" s="60" t="s"><v>69</v></c><c r="K26" s="60"/><c r="L26" s="60"/><c r="M26" s="60"/><c r="N26" s="60"/><c r="O26" s="60"/><c r="P26" s="60"/><c r="Q26" s="60"/><c r="R26" s="60"/><c r="S26" s="60"/><c r="T26" s="60"/><c r="U26" s="60"/><c r="V26" s="60"/><c r="W26" s="60"/><c r="X26" s="60"/><c r="Y26" s="60"/><c r="Z26" s="60"/><c r="AA26" s="60"/><c r="AB26" s="60"/><c r="AC26" s="60"/><c r="AD26" s="60"/><c r="AE26" s="60"/><c r="AF26" s="60" t="s"><v>70</v></c><c r="AG26" s="60"/><c r="AH26" s="60"/><c r="AI26" s="60"/><c r="AJ26" s="60"/><c r="AK26" s="60"/><c r="AL26" s="60"/><c r="AM26" s="60"/><c r="AN26" s="60"/><c r="AO26" s="60"/><c r="AP26" s="60"/><c r="AQ26" s="60"/><c r="AR26" s="60" t="s"><v>71</v></c><c r="AS26" s="60"/><c r="AT26" s="60"/><c r="AU26" s="60"/><c r="AV26" s="60"/><c r="AW26" s="60"/><c r="AX26" s="60"/><c r="AY26" s="60"/><c r="AZ26" s="60"/><c r="BA26" s="60"/></row><row r="27" spans="1:53" ht="20.25" customHeight="1" x14ac:dyDescent="0.25"><c r="A27" s="60"/><c r="B27" s="60"/><c r="C27" s="60"/><c r="D27" s="60"/><c r="E27" s="60"/><c r="F27" s="60"/><c r="G27" s="60"/><c r="H27" s="60"/><c r="I27" s="60"/><c r="J27" s="60"/><c r="K27" s="60"/><c r="L27" s="60"/><c r="M27" s="60"/><c r="N27" s="60"/><c r="O27" s="60"/><c r="P27" s="60"/><c r="Q27" s="60"/><c r="R27" s="60"/><c r="S27" s="60"/><c r="T27" s="60"/><c r="U27" s="60"/><c r="V27" s="60"/><c r="W27" s="60"/><c r="X27" s="60"/><c r="Y27" s="60"/><c r="Z27" s="60"/><c r="AA27" s="60"/><c r="AB27" s="60"/><c r="AC27" s="60"/><c r="AD27" s="60"/><c r="AE27" s="60"/><c r="AF27" s="60"/><c r="AG27" s="60"/><c r="AH27" s="60"/><c r="AI27" s="60"/><c r="AJ27" s="60"/><c r="AK27" s="60"/><c r="AL27" s="60"/><c r="AM27" s="60"/><c r="AN27" s="60"/><c r="AO27" s="60"/><c r="AP27" s="60"/><c r="AQ27" s="60"/><c r="AR27" s="60"/><c r="AS27" s="60"/><c r="AT27" s="60"/><c r="AU27" s="60"/><c r="AV27" s="60"/><c r="AW27" s="60"/><c r="AX27" s="60"/><c r="AY27" s="60"/><c r="AZ27" s="60"/><c r="BA27" s="60"/></row><row r="28" spans="1:53" ht="20.25" customHeight="1" x14ac:dyDescent="0.25"><c r="A28" s="60"/><c r="B28" s="60"/><c r="C28" s="60"/><c r="D28" s="60"/><c r="E28" s="60"/><c r="F28" s="60"/><c r="G28" s="60"/><c r="H28" s="60"/><c r="I28" s="60"/><c r="J28" s="60"/><c r="K28" s="60"/><c r="L28" s="60"/><c r="M28" s="60"/><c r="N28" s="60"/><c r="O28" s="60"/><c r="P28" s="60"/><c r="Q28" s="60"/><c r="R28" s="60"/><c r="S28" s="60"/><c r="T28" s="60"/><c r="U28" s="60"/><c r="V28" s="60"/><c r="W28" s="60"/><c r="X28" s="60"/><c r="Y28" s="60"/><c r="Z28" s="60"/><c r="AA28" s="60"/><c r="AB28" s="60"/><c r="AC28" s="60"/><c r="AD28" s="60"/><c r="AE28" s="60"/><c r="AF28" s="60"/><c r="AG28" s="60"/><c r="AH28" s="60"/><c r="AI28" s="60"/><c r="AJ28" s="60"/><c r="AK28" s="60"/><c r="AL28" s="60"/><c r="AM28" s="60"/><c r="AN28" s="60"/><c r="AO28" s="60"/><c r="AP28" s="60"/><c r="AQ28" s="60"/><c r="AR28" s="60"/><c r="AS28" s="60"/><c r="AT28" s="60"/><c r="AU28" s="60"/><c r="AV28" s="60"/><c r="AW28" s="60"/><c r="AX28" s="60"/><c r="AY28" s="60"/><c r="AZ28" s="60"/><c r="BA28" s="60"/></row><row r="29" spans="1:53" ht="19.5" customHeight="1" x14ac:dyDescent="0.25"><c r="A29" s="60"/><c r="B29" s="60"/><c r="C29" s="60"/><c r="D29" s="60"/><c r="E29" s="60"/><c r="F29" s="60"/><c r="G29" s="60"/><c r="H29" s="60"/><c r="I29" s="60"/><c r="J29" s="60"/><c r="K29" s="60"/><c r="L29" s="60"/><c r="M29" s="60"/><c r="N29" s="60"/><c r="O29" s="60"/><c r="P29" s="60"/><c r="Q29" s="60"/><c r="R29" s="60"/><c r="S29" s="60"/><c r="T29" s="60"/><c r="U29" s="60"/><c r="V29" s="60"/><c r="W29" s="60"/><c r="X29" s="60"/><c r="Y29" s="60"/><c r="Z29" s="60"/><c r="AA29" s="60"/><c r="AB29" s="60"/><c r="AC29" s="60"/><c r="AD29" s="60"/><c r="AE29" s="60"/><c r="AF29" s="60"/><c r="AG29" s="60"/><c r="AH29" s="60"/><c r="AI29" s="60"/><c r="AJ29" s="60"/><c r="AK29" s="60"/><c r="AL29" s="60"/><c r="AM29" s="60"/><c r="AN29" s="60"/><c r="AO29" s="60"/><c r="AP29" s="60"/><c r="AQ29" s="60"/><c r="AR29" s="60"/><c r="AS29" s="60"/><c r="AT29" s="60"/><c r="AU29" s="60"/><c r="AV29" s="60"/><c r="AW29" s="60"/><c r="AX29" s="60"/><c r="AY29" s="60"/><c r="AZ29" s="60"/><c r="BA29" s="60"/></row><row r="30" spans="1:53" ht="19.5" customHeight="1" x14ac:dyDescent="0.25"><c r="A30" s="60"/><c r="B30" s="60"/><c r="C30" s="60"/><c r="D30" s="60"/><c r="E30" s="60"/><c r="F30" s="60"/><c r="G30" s="60"/><c r="H30" s="60"/><c r="I30" s="60"/><c r="J30" s="60"/><c r="K30" s="60"/><c r="L30" s="60"/><c r="M30" s="60"/><c r="N30" s="60"/><c r="O30" s="60"/><c r="P30" s="60"/><c r="Q30" s="60"/><c r="R30" s="60"/><c r="S30" s="60"/><c r="T30" s="60"/><c r="U30" s="60"/><c r="V30" s="60"/><c r="W30" s="60"/><c r="X30" s="60"/><c r="Y30" s="60"/><c r="Z30" s="60"/><c r="AA30" s="60"/><c r="AB30" s="60"/><c r="AC30" s="60"/><c r="AD30" s="60"/><c r="AE30" s="60"/><c r="AF30" s="60"/><c r="AG30" s="60"/><c r="AH30" s="60"/><c r="AI30" s="60"/><c r="AJ30" s="60"/><c r="AK30" s="60"/><c r="AL30" s="60"/><c r="AM30" s="60"/><c r="AN30" s="60"/><c r="AO30" s="60"/><c r="AP30" s="60"/><c r="AQ30" s="60"/><c r="AR30" s="60"/><c r="AS30" s="60"/><c r="AT30" s="60"/><c r="AU30" s="60"/><c r="AV30" s="60"/><c r="AW30" s="60"/><c r="AX30" s="60"/><c r="AY30" s="60"/><c r="AZ30" s="60"/><c r="BA30" s="60"/></row><row r="31" spans="1:53" ht="20.25" customHeight="1" x14ac:dyDescent="0.25"><c r="A31" s="60"/><c r="B31" s="60"/><c r="C31" s="60"/><c r="D31" s="60"/><c r="E31" s="60"/><c r="F31" s="60"/><c r="G31" s="60"/><c r="H31" s="60"/><c r="I31" s="60"/><c r="J31" s="60"/><c r="K31" s="60"/><c r="L31" s="60"/><c r="M31" s="60"/><c r="N31" s="60"/><c r="O31" s="60"/><c r="P31" s="60"/><c r="Q31" s="60"/><c r="R31" s="60"/><c r="S31" s="60"/><c r="T31" s="60"/><c r="U31" s="60"/><c r="V31" s="60"/><c r="W31" s="60"/><c r="X31" s="60"/><c r="Y31" s="60"/><c r="Z31" s="60"/><c r="AA31" s="60"/><c r="AB31" s="60"/><c r="AC31" s="60"/><c r="AD31" s="60"/><c r="AE31" s="60"/><c r="AF31" s="60"/><c r="AG31" s="60"/><c r="AH31" s="60"/><c r="AI31" s="60"/><c r="AJ31" s="60"/><c r="AK31" s="60"/><c r="AL31" s="60"/><c r="AM31" s="60"/><c r="AN31" s="60"/><c r="AO31" s="60"/><c r="AP31" s="60"/><c r="AQ31" s="60"/><c r="AR31" s="60"/><c r="AS31" s="60"/><c r="AT31" s="60"/><c r="AU31" s="60"/><c r="AV31" s="60"/><c r="AW31" s="60"/><c r="AX31" s="60"/><c r="AY31" s="60"/><c r="AZ31" s="60"/><c r="BA31" s="60"/></row><row r="32" spans="1:53" ht="19.5" customHeight="1" x14ac:dyDescent="0.25"><c r="A32" s="12"/><c r="B32" s="12"/><c r="C32" s="12"/><c r="D32" s="12"/><c r="E32" s="12"/><c r="F32" s="12"/><c r="G32" s="12"/><c r="H32" s="12"/><c r="I32" s="12"/><c r="J32" s="12"/><c r="K32" s="12"/><c r="L32" s="12"/><c r="M32" s="4"/><c r="N32" s="4"/><c r="O32" s="4"/><c r="P32" s="4"/><c r="Q32" s="4"/><c r="R32" s="4"/><c r="S32" s="4"/><c r="T32" s="4"/><c r="U32" s="4"/><c r="V32" s="4"/><c r="W32" s="4"/><c r="X32" s="4"/><c r="Y32" s="4"/><c r="Z32" s="4"/><c r="AA32" s="16"/><c r="AB32" s="16"/><c r="AC32" s="16"/><c r="AD32" s="16"/><c r="AE32" s="16"/><c r="AF32" s="16"/><c r="AG32" s="16"/><c r="AH32" s="16"/><c r="AI32" s="16"/><c r="AJ32" s="16"/><c r="AK32" s="16"/><c r="AL32" s="16"/><c r="AM32" s="16"/><c r="AN32" s="16"/><c r="AO32" s="16"/><c r="AP32" s="10"/><c r="AQ32" s="10"/><c r="AR32" s="10"/><c r="AS32" s="10"/><c r="AT32" s="10"/><c r="AU32" s="10"/><c r="AV32" s="10"/><c r="AW32" s="10"/><c r="AX32" s="10"/><c r="AY32" s="10"/><c r="AZ32" s="10"/><c r="BA32" s="10"/></row><row r="33" spans="1:61" ht="15.75" customHeight="1" x14ac:dyDescent="0.25"><c r="A33" s="61" t="s"><v>72</v></c><c r="B33" s="61"/><c r="C33" s="61"/><c r="D33" s="61"/><c r="E33" s="61"/><c r="F33" s="61"/><c r="G33" s="61"/><c r="H33" s="61"/><c r="I33" s="61"/><c r="J33" s="61"/><c r="K33" s="61"/><c r="L33" s="61"/><c r="M33" s="61"/><c r="N33" s="61"/><c r="O33" s="61"/><c r="P33" s="61"/><c r="Q33" s="17"/><c r="R33" s="17"/><c r="S33" s="17"/><c r="T33" s="17"/><c r="U33" s="17"/><c r="V33" s="17"/><c r="W33" s="17"/><c r="X33" s="17"/><c r="Y33" s="17"/><c r="Z33" s="17"/><c r="AA33" s="18"/><c r="AB33" s="18"/><c r="AC33" s="18"/><c r="AD33" s="18"/><c r="AE33" s="18"/><c r="AF33" s="18"/><c r="AG33" s="18"/><c r="AH33" s="18"/><c r="AI33" s="18"/><c r="AJ33" s="18"/><c r="AK33" s="18"/><c r="AL33" s="18"/><c r="AM33" s="18"/><c r="AN33" s="18"/><c r="AO33" s="18"/><c r="AP33" s="17"/><c r="AQ33" s="17"/><c r="AR33" s="17"/><c r="AS33" s="17"/><c r="AT33" s="17"/><c r="AU33" s="17"/><c r="AV33" s="17"/><c r="AW33" s="17"/><c r="AX33" s="17"/><c r="AY33" s="17"/><c r="AZ33" s="17"/><c r="BA33" s="17"/></row><row r="34" spans="1:61" ht="15.75" customHeight="1" x14ac:dyDescent="0.25"><c r="A34" s="61"/><c r="B34" s="61"/><c r="C34" s="61"/><c r="D34" s="61"/><c r="E34" s="61"/><c r="F34" s="61"/><c r="G34" s="61"/><c r="H34" s="61"/><c r="I34" s="61"/><c r="J34" s="61"/><c r="K34" s="61"/><c r="L34" s="61"/><c r="M34" s="61"/><c r="N34" s="61"/><c r="O34" s="61"/><c r="P34" s="61"/><c r="Q34" s="62"/><c r="R34" s="62"/><c r="S34" s="62"/><c r="T34" s="62"/><c r="U34" s="62"/><c r="V34" s="62"/><c r="W34" s="62"/><c r="X34" s="62"/><c r="Y34" s="62"/><c r="Z34" s="62"/><c r="AA34" s="62"/><c r="AB34" s="62"/><c r="AC34" s="62"/><c r="AD34" s="62"/><c r="AE34" s="18"/><c r="AF34" s="63"/><c r="AG34" s="63"/><c r="AH34" s="63"/><c r="AI34" s="63"/><c r="AJ34" s="63"/><c r="AK34" s="63"/><c r="AL34" s="63"/><c r="AM34" s="63"/><c r="AN34" s="18"/><c r="AO34" s="62"/><c r="AP34" s="62"/><c r="AQ34" s="62"/><c r="AR34" s="62"/><c r="AS34" s="62"/><c r="AT34" s="62"/><c r="AU34" s="62"/><c r="AV34" s="62"/><c r="AW34" s="62"/><c r="AX34" s="62"/><c r="AY34" s="62"/><c r="AZ34" s="62"/><c r="BA34" s="62"/></row><row r="35" spans="1:61" ht="15.75" customHeight="1" x14ac:dyDescent="0.25"><c r="A35" s="12"/><c r="B35" s="12"/><c r="C35" s="12"/><c r="D35" s="12"/><c r="E35" s="12"/><c r="F35" s="12"/><c r="G35" s="12"/><c r="H35" s="12"/><c r="I35" s="12"/><c r="J35" s="12"/><c r="K35" s="12"/><c r="L35" s="12"/><c r="M35" s="12"/><c r="N35" s="12"/><c r="O35" s="12"/><c r="P35" s="12"/><c r="Q35" s="59" t="s"><v>73</v></c><c r="R35" s="59"/><c r="S35" s="59"/><c r="T35" s="59"/><c r="U35" s="59"/><c r="V35" s="59"/><c r="W35" s="59"/><c r="X35" s="59"/><c r="Y35" s="59"/><c r="Z35" s="59"/><c r="AA35" s="59"/><c r="AB35" s="59"/><c r="AC35" s="59"/><c r="AD35" s="59"/><c r="AE35" s="16"/><c r="AF35" s="59" t="s"><v>74</v></c><c r="AG35" s="59"/><c r="AH35" s="59"/><c r="AI35" s="59"/><c r="AJ35" s="59"/><c r="AK35" s="59"/><c r="AL35" s="59"/><c r="AM35" s="59"/><c r="AN35" s="16"/><c r="AO35" s="59" t="s"><v>75</v></c><c r="AP35" s="59"/><c r="AQ35" s="59"/><c r="AR35" s="59"/><c r="AS35" s="59"/><c r="AT35" s="59"/><c r="AU35" s="59"/><c r="AV35" s="59"/><c r="AW35" s="59"/><c r="AX35" s="59"/><c r="AY35" s="59"/><c r="AZ35" s="59"/><c r="BA35" s="59"/></row><row r="36" spans="1:61" ht="15.75" customHeight="1" x14ac:dyDescent="0.25"><c r="A36" s="12"/><c r="B36" s="12"/><c r="C36" s="12"/><c r="D36" s="12"/><c r="E36" s="12"/><c r="F36" s="12"/><c r="G36" s="12"/><c r="H36" s="12"/><c r="I36" s="12"/><c r="J36" s="12"/><c r="K36" s="12"/><c r="L36" s="12"/><c r="M36" s="12"/><c r="N36" s="12"/><c r="O36" s="12"/><c r="P36" s="12"/><c r="Q36" s="4"/><c r="R36" s="4"/><c r="S36" s="4"/><c r="T36" s="4"/><c r="U36" s="4"/><c r="V36" s="4"/><c r="W36" s="4"/><c r="X36" s="4"/><c r="Y36" s="4"/><c r="Z36" s="4"/><c r="AA36" s="16"/><c r="AB36" s="16"/><c r="AC36" s="16"/><c r="AD36" s="16"/><c r="AE36" s="16"/><c r="AF36" s="16"/><c r="AG36" s="16"/><c r="AH36" s="16"/><c r="AI36" s="16"/><c r="AJ36" s="16"/><c r="AK36" s="16"/><c r="AL36" s="16"/><c r="AM36" s="16"/><c r="AN36" s="16"/><c r="AO36" s="16"/><c r="AP36" s="10"/><c r="AQ36" s="10"/><c r="AR36" s="10"/><c r="AS36" s="10"/><c r="AT36" s="10"/><c r="AU36" s="10"/><c r="AV36" s="10"/><c r="AW36" s="10"/><c r="AX36" s="10"/><c r="AY36" s="10"/><c r="AZ36" s="10"/><c r="BA36" s="10"/></row><row r="37" spans="1:61" ht="15.75" customHeight="1" x14ac:dyDescent="0.25"><c r="A37" s="61" t="s"><v>76</v></c><c r="B37" s="61"/><c r="C37" s="61"/><c r="D37" s="61"/><c r="E37" s="61"/><c r="F37" s="61"/><c r="G37" s="61"/><c r="H37" s="61"/><c r="I37" s="61"/><c r="J37" s="61"/><c r="K37" s="61"/><c r="L37" s="61"/><c r="M37" s="61"/><c r="N37" s="61"/><c r="O37" s="61"/><c r="P37" s="61"/><c r="Q37" s="17"/><c r="R37" s="17"/><c r="S37" s="17"/><c r="T37" s="17"/><c r="U37" s="17"/><c r="V37" s="17"/><c r="W37" s="17"/><c r="X37" s="17"/><c r="Y37" s="17"/><c r="Z37" s="17"/><c r="AA37" s="18"/><c r="AB37" s="18"/><c r="AC37" s="18"/><c r="AD37" s="18"/><c r="AE37" s="18"/><c r="AF37" s="18"/><c r="AG37" s="18"/><c r="AH37" s="18"/><c r="AI37" s="18"/><c r="AJ37" s="18"/><c r="AK37" s="18"/><c r="AL37" s="18"/><c r="AM37" s="18"/><c r="AN37" s="18"/><c r="AO37" s="18"/><c r="AP37" s="17"/><c r="AQ37" s="17"/><c r="AR37" s="17"/><c r="AS37" s="17"/><c r="AT37" s="17"/><c r="AU37" s="17"/><c r="AV37" s="17"/><c r="AW37" s="17"/><c r="AX37" s="17"/><c r="AY37" s="17"/><c r="AZ37" s="17"/><c r="BA37" s="17"/></row><row r="38" spans="1:61" ht="15.75" customHeight="1" x14ac:dyDescent="0.25"><c r="A38" s="61"/><c r="B38" s="61"/><c r="C38" s="61"/><c r="D38" s="61"/><c r="E38" s="61"/><c r="F38" s="61"/><c r="G38" s="61"/><c r="H38" s="61"/><c r="I38" s="61"/><c r="J38" s="61"/><c r="K38" s="61"/><c r="L38" s="61"/><c r="M38" s="61"/><c r="N38" s="61"/><c r="O38" s="61"/><c r="P38" s="61"/><c r="Q38" s="17"/><c r="R38" s="17"/><c r="S38" s="17"/><c r="T38" s="17"/><c r="U38" s="17"/><c r="V38" s="17"/><c r="W38" s="17"/><c r="X38" s="17"/><c r="Y38" s="17"/><c r="Z38" s="17"/><c r="AA38" s="17"/><c r="AB38" s="17"/><c r="AC38" s="17"/><c r="AD38" s="17"/><c r="AE38" s="18"/><c r="AF38" s="63"/><c r="AG38" s="63"/><c r="AH38" s="63"/><c r="AI38" s="63"/><c r="AJ38" s="63"/><c r="AK38" s="63"/><c r="AL38" s="63"/><c r="AM38" s="63"/><c r="AN38" s="18"/><c r="AO38" s="62"/><c r="AP38" s="62"/><c r="AQ38" s="62"/><c r="AR38" s="62"/><c r="AS38" s="62"/><c r="AT38" s="62"/><c r="AU38" s="62"/><c r="AV38" s="62"/><c r="AW38" s="62"/><c r="AX38" s="62"/><c r="AY38" s="62"/><c r="AZ38" s="62"/><c r="BA38" s="62"/></row><row r="39" spans="1:61" ht="15.75" customHeight="1" x14ac:dyDescent="0.25"><c r="A39" s="19" t="s"><v>77</v></c><c r="B39" s="73"/><c r="C39" s="73"/><c r="D39" s="73"/><c r="E39" s="20" t="s"><v>77</v></c><c r="F39" s="73"/><c r="G39" s="73"/><c r="H39" s="73"/><c r="I39" s="73"/><c r="J39" s="73"/><c r="K39" s="73"/><c r="L39" s="73"/><c r="M39" s="73"/><c r="N39" s="74" t="s"><v>78</v></c><c r="O39" s="74"/><c r="P39" s="75"/><c r="Q39" s="75"/><c r="R39" s="21" t="s"><v>79</v></c><c r="S39" s="4"/><c r="T39" s="4"/><c r="U39" s="4"/><c r="V39" s="4"/><c r="W39" s="4"/><c r="X39" s="4"/><c r="Y39" s="4"/><c r="Z39" s="4"/><c r="AA39" s="4"/><c r="AB39" s="4"/><c r="AC39" s="4"/><c r="AD39" s="4"/><c r="AE39" s="16"/><c r="AF39" s="59" t="s"><v>74</v></c><c r="AG39" s="59"/><c r="AH39" s="59"/><c r="AI39" s="59"/><c r="AJ39" s="59"/><c r="AK39" s="59"/><c r="AL39" s="59"/><c r="AM39" s="59"/><c r="AN39" s="16"/><c r="AO39" s="59" t="s"><v>75</v></c><c r="AP39" s="59"/><c r="AQ39" s="59"/><c r="AR39" s="59"/><c r="AS39" s="59"/><c r="AT39" s="59"/><c r="AU39" s="59"/><c r="AV39" s="59"/><c r="AW39" s="59"/><c r="AX39" s="59"/><c r="AY39" s="59"/><c r="AZ39" s="59"/><c r="BA39" s="59"/></row><row r="40" spans="1:61" ht="20.25" customHeight="1" x14ac:dyDescent="0.25"><c r="A40" s="12"/><c r="B40" s="12"/><c r="C40" s="12"/><c r="D40" s="12"/><c r="E40" s="12"/><c r="F40" s="12"/><c r="G40" s="12"/><c r="H40" s="12"/><c r="I40" s="12"/><c r="J40" s="12"/><c r="K40" s="12"/><c r="L40" s="12"/><c r="M40" s="4"/><c r="N40" s="4"/><c r="O40" s="4"/><c r="P40" s="4"/><c r="Q40" s="4"/><c r="R40" s="4"/><c r="S40" s="4"/><c r="T40" s="4"/><c r="U40" s="4"/><c r="V40" s="4"/><c r="W40" s="4"/><c r="X40" s="4"/><c r="Y40" s="4"/><c r="Z40" s="4"/><c r="AA40" s="16"/><c r="AB40" s="16"/><c r="AC40" s="16"/><c r="AD40" s="16"/><c r="AE40" s="16"/><c r="AF40" s="16"/><c r="AG40" s="16"/><c r="AH40" s="16"/><c r="AI40" s="16"/><c r="AJ40" s="16"/><c r="AK40" s="16"/><c r="AL40" s="16"/><c r="AM40" s="16"/><c r="AN40" s="16"/><c r="AO40" s="16"/><c r="AP40" s="10"/><c r="AQ40" s="10"/><c r="AR40" s="10"/><c r="AS40" s="10"/><c r="AT40" s="10"/><c r="AU40" s="10"/><c r="AV40" s="10"/><c r="AW40" s="10"/><c r="AX40" s="10"/><c r="AY40" s="10"/><c r="AZ40" s="10"/><c r="BA40" s="10"/></row><row r="41" spans="1:61" ht="16.5" customHeight="1" x14ac:dyDescent="0.25"><c r="A41" s="50" t="s"><v>80</v></c><c r="B41" s="50"/><c r="C41" s="50"/><c r="D41" s="50"/><c r="E41" s="50"/><c r="F41" s="50"/><c r="G41" s="50"/><c r="H41" s="50"/><c r="I41" s="50"/><c r="J41" s="50"/><c r="K41" s="50"/><c r="L41" s="50"/><c r="M41" s="28"/><c r="N41" s="29"/><c r="O41" s="29"/><c r="P41" s="29"/><c r="Q41" s="29"/><c r="R41" s="29"/><c r="S41" s="29"/><c r="T41" s="29"/><c r="U41" s="29"/><c r="V41" s="30"/><c r="W41" s="6"/><c r="X41" s="28"/><c r="Y41" s="29"/><c r="Z41" s="29"/><c r="AA41" s="29"/><c r="AB41" s="29"/><c r="AC41" s="29"/><c r="AD41" s="29"/><c r="AE41" s="29"/><c r="AF41" s="29"/><c r="AG41" s="29"/><c r="AH41" s="29"/><c r="AI41" s="29"/><c r="AJ41" s="29"/><c r="AK41" s="29"/><c r="AL41" s="29"/><c r="AM41" s="29"/><c r="AN41" s="29"/><c r="AO41" s="30"/><c r="AP41" s="6"/><c r="AQ41" s="28"/><c r="AR41" s="29"/><c r="AS41" s="29"/><c r="AT41" s="29"/><c r="AU41" s="29"/><c r="AV41" s="29"/><c r="AW41" s="29"/><c r="AX41" s="29"/><c r="AY41" s="29"/><c r="AZ41" s="29"/><c r="BA41" s="30"/></row><row r="42" spans="1:61" ht="35.25" customHeight="1" x14ac:dyDescent="0.25"><c r="A42" s="50"/><c r="B42" s="50"/><c r="C42" s="50"/><c r="D42" s="50"/><c r="E42" s="50"/><c r="F42" s="50"/><c r="G42" s="50"/><c r="H42" s="50"/><c r="I42" s="50"/><c r="J42" s="50"/><c r="K42" s="50"/><c r="L42" s="50"/><c r="M42" s="46" t="s"><v>81</v></c><c r="N42" s="46"/><c r="O42" s="46"/><c r="P42" s="46"/><c r="Q42" s="46"/><c r="R42" s="46"/><c r="S42" s="46"/><c r="T42" s="46"/><c r="U42" s="46"/><c r="V42" s="46"/><c r="W42" s="9"/><c r="X42" s="57" t="s"><v>82</v></c><c r="Y42" s="57"/><c r="Z42" s="57"/><c r="AA42" s="57"/><c r="AB42" s="57"/><c r="AC42" s="57"/><c r="AD42" s="57"/><c r="AE42" s="57"/><c r="AF42" s="57"/><c r="AG42" s="57"/><c r="AH42" s="57"/><c r="AI42" s="57"/><c r="AJ42" s="57"/><c r="AK42" s="57"/><c r="AL42" s="57"/><c r="AM42" s="57"/><c r="AN42" s="57"/><c r="AO42" s="57"/><c r="AP42" s="9"/><c r="AQ42" s="46" t="s"><v>83</v></c><c r="AR42" s="46"/><c r="AS42" s="46"/><c r="AT42" s="46"/><c r="AU42" s="46"/><c r="AV42" s="46"/><c r="AW42" s="46"/><c r="AX42" s="46"/><c r="AY42" s="46"/><c r="AZ42" s="46"/><c r="BA42" s="46"/><c r="BB42" s="9"/><c r="BC42" s="9"/><c r="BD42" s="9"/></row><row r="43" spans="1:61" ht="20.25" customHeight="1" x14ac:dyDescent="0.25"><c r="AA43" s="14"/><c r="AB43" s="14"/><c r="AC43" s="14"/><c r="AD43" s="14"/><c r="AE43" s="14"/><c r="AF43" s="14"/><c r="AG43" s="14"/><c r="AH43" s="14"/><c r="AI43" s="14"/><c r="AJ43" s="14"/><c r="AK43" s="14"/><c r="AL43" s="14"/><c r="AM43" s="14"/><c r="AN43" s="14"/><c r="AO43" s="14"/><c r="AP43" s="14"/><c r="AQ43" s="14"/><c r="AR43" s="14"/><c r="AS43" s="14"/><c r="AT43" s="14"/><c r="AU43" s="14"/><c r="AV43" s="14"/><c r="AW43" s="14"/><c r="AX43" s="14"/><c r="AY43" s="14"/><c r="AZ43" s="14"/><c r="BA43" s="14"/><c r="BB43" s="14"/><c r="BC43" s="14"/><c r="BD43" s="14"/><c r="BE43" s="14"/><c r="BF43" s="14"/><c r="BG43" s="14"/><c r="BH43" s="14"/><c r="BI43" s="14"/></row></sheetData><mergeCells count="77"><mergeCell ref="A22:BA22"/><mergeCell ref="A24:AZ24"/><mergeCell ref="A25:I25"/><mergeCell ref="A41:L42"/><mergeCell ref="X42:AO42"/><mergeCell ref="AQ42:BA42"/><mergeCell ref="X41:AO41"/><mergeCell ref="AQ41:BA41"/><mergeCell ref="M41:V41"/><mergeCell ref="M42:V42"/><mergeCell ref="AF39:AM39"/><mergeCell ref="AO39:BA39"/><mergeCell ref="B39:D39"/><mergeCell ref="F39:M39"/><mergeCell ref="N39:O39"/><mergeCell ref="P39:Q39"/><mergeCell ref="AP11:BA11"/><mergeCell ref="AP12:BA12"/><mergeCell ref="AP15:BA15"/><mergeCell ref="AA13:AO14"/><mergeCell ref="M11:Y11"/><mergeCell ref="A11:L12"/><mergeCell ref="A37:P38"/><mergeCell ref="AF38:AM38"/><mergeCell ref="M13:Y13"/><mergeCell ref="A18:BA18"/><mergeCell ref="A19:BA19"/><mergeCell ref="AO38:BA38"/><mergeCell ref="A20:BA20"/><mergeCell ref="A21:BA21"/><mergeCell ref="A13:L14"/><mergeCell ref="AP13:BA14"/><mergeCell ref="M6:Y6"/><mergeCell ref="AP4:BA6"/><mergeCell ref="AP9:BA9"/><mergeCell ref="AP10:BA10"/><mergeCell ref="M8:Y9"/><mergeCell ref="A2:AZ2"/><mergeCell ref="A3:AZ3"/><mergeCell ref="M4:Y4"/><mergeCell ref="AA4:AO4"/><mergeCell ref="A16:AZ16"/><mergeCell ref="A17:BA17"/><mergeCell ref="AO35:BA35"/><mergeCell ref="A26:I26"/><mergeCell ref="A27:I27"/><mergeCell ref="A28:I28"/><mergeCell ref="A29:I29"/><mergeCell ref="A30:I30"/><mergeCell ref="A31:I31"/><mergeCell ref="Q35:AD35"/><mergeCell ref="AF35:AM35"/><mergeCell ref="A33:P34"/><mergeCell ref="Q34:AD34"/><mergeCell ref="AF34:AM34"/><mergeCell ref="AO34:BA34"/><mergeCell ref="AR29:BA29"/><mergeCell ref="AR31:BA31"/><mergeCell ref="AF31:AQ31"/><mergeCell ref="J29:AE29"/><mergeCell ref="J31:AE31"/><mergeCell ref="J30:AE30"/><mergeCell ref="AF30:AQ30"/><mergeCell ref="AF25:AQ25"/><mergeCell ref="AF26:AQ26"/><mergeCell ref="AR30:BA30"/><mergeCell ref="AF27:AQ27"/><mergeCell ref="AF28:AQ28"/><mergeCell ref="AR25:BA25"/><mergeCell ref="AR26:BA26"/><mergeCell ref="AR27:BA27"/><mergeCell ref="AR28:BA28"/><mergeCell ref="AF29:AQ29"/><mergeCell ref="J25:AE25"/><mergeCell ref="J26:AE26"/><mergeCell ref="J27:AE27"/><mergeCell ref="J28:AE28"/></mergeCells><phoneticPr fontId="2" type="noConversion"/><pageMargins left="0.59055118110236227" right="0.59055118110236227" top="0.39370078740157483" bottom="0.39370078740157483" header="0.51181102362204722" footer="0.51181102362204722"/><pageSetup paperSize="9" orientation="portrait" r:id="rId1"/><headerFooter alignWithMargins="0"/></worksheet>