<?xml version="1.0" encoding="UTF-8" standalone="yes"?>
<worksheet xmlns="http://schemas.openxmlformats.org/spreadsheetml/2006/main" xmlns:r="http://schemas.openxmlformats.org/officeDocument/2006/relationships" xmlns:mc="http://schemas.openxmlformats.org/markup-compatibility/2006" mc:Ignorable="x14ac" xmlns:x14ac="http://schemas.microsoft.com/office/spreadsheetml/2009/9/ac"><dimension ref="A1:BB55"/><sheetViews><sheetView showGridLines="0" tabSelected="1" workbookViewId="0"><selection activeCell="A7" sqref="A7:BA7"/></sheetView></sheetViews><sheetFormatPr defaultColWidth="1.7109375" defaultRowHeight="20.25" customHeight="1" x14ac:dyDescent="0.25"/><cols><col min="1" max="53" width="1.7109375" style="1" customWidth="1"/><col min="54" max="54" width="0.85546875" style="1" customWidth="1"/><col min="55" max="16384" width="1.7109375" style="1"/></cols><sheetData><row r="1" spans="1:54" ht="58.5" customHeight="1" x14ac:dyDescent="0.25"><c r="A1" s="51" t="s"><v>46</v></c><c r="B1" s="52"/><c r="C1" s="52"/><c r="D1" s="52"/><c r="E1" s="52"/><c r="F1" s="52"/><c r="G1" s="52"/><c r="H1" s="52"/><c r="I1" s="52"/><c r="J1" s="52"/><c r="K1" s="52"/><c r="L1" s="52"/><c r="M1" s="52"/><c r="N1" s="52"/><c r="O1" s="52"/><c r="P1" s="52"/><c r="Q1" s="52"/><c r="R1" s="52"/><c r="S1" s="52"/><c r="T1" s="52"/><c r="U1" s="52"/><c r="V1" s="52"/><c r="W1" s="52"/><c r="X1" s="52"/><c r="Y1" s="52"/><c r="Z1" s="52"/><c r="AA1" s="52"/><c r="AB1" s="52"/><c r="AC1" s="52"/><c r="AD1" s="52"/><c r="AE1" s="52"/><c r="AF1" s="52"/><c r="AG1" s="52"/><c r="AH1" s="52"/><c r="AI1" s="52"/><c r="AJ1" s="52"/><c r="AK1" s="52"/><c r="AL1" s="52"/><c r="AM1" s="52"/><c r="AN1" s="52"/><c r="AO1" s="52"/><c r="AP1" s="52"/><c r="AQ1" s="52"/><c r="AR1" s="52"/><c r="AS1" s="52"/><c r="AT1" s="52"/><c r="AU1" s="52"/><c r="AV1" s="52"/><c r="AW1" s="52"/><c r="AX1" s="52"/><c r="AY1" s="52"/><c r="AZ1" s="52"/><c r="BA1" s="52"/></row><row r="2" spans="1:54" ht="9" customHeight="1" x14ac:dyDescent="0.25"/><row r="3" spans="1:54" ht="14.25" customHeight="1" x14ac:dyDescent="0.25"><c r="A3" s="1" t="s"><v>0</v></c><c r="BA3" s="2" t="s"><v>1</v></c></row><row r="4" spans="1:54" ht="6" customHeight="1" x14ac:dyDescent="0.25"/><row r="5" spans="1:54" ht="20.25" customHeight="1" x14ac:dyDescent="0.25"><c r="A5" s="53" t="s"><v>2</v></c><c r="B5" s="53"/><c r="C5" s="53"/><c r="D5" s="53"/><c r="E5" s="53"/><c r="F5" s="53"/><c r="G5" s="53"/><c r="H5" s="53"/><c r="I5" s="53"/><c r="J5" s="53"/><c r="K5" s="53"/><c r="L5" s="53"/><c r="M5" s="53"/><c r="N5" s="53"/><c r="O5" s="53"/><c r="P5" s="53"/><c r="Q5" s="53"/><c r="R5" s="53"/><c r="S5" s="53"/><c r="T5" s="53"/><c r="U5" s="53"/><c r="V5" s="53"/><c r="W5" s="53"/><c r="X5" s="53"/><c r="Y5" s="53"/><c r="Z5" s="53"/><c r="AA5" s="53"/><c r="AB5" s="53"/><c r="AC5" s="53"/><c r="AD5" s="53"/><c r="AE5" s="53"/><c r="AF5" s="53"/><c r="AG5" s="53"/><c r="AH5" s="53"/><c r="AI5" s="53"/><c r="AJ5" s="53"/><c r="AK5" s="53"/><c r="AL5" s="53"/><c r="AM5" s="53"/><c r="AN5" s="53"/><c r="AO5" s="53"/><c r="AP5" s="53"/><c r="AQ5" s="53"/><c r="AR5" s="53"/><c r="AS5" s="53"/><c r="AT5" s="53"/><c r="AU5" s="53"/><c r="AV5" s="53"/><c r="AW5" s="53"/><c r="AX5" s="53"/><c r="AY5" s="53"/><c r="AZ5" s="53"/><c r="BA5" s="53"/></row><row r="6" spans="1:54" ht="32.25" customHeight="1" x14ac:dyDescent="0.25"><c r="A6" s="48" t="s"><v>3</v></c><c r="B6" s="49"/><c r="C6" s="49"/><c r="D6" s="49"/><c r="E6" s="49"/><c r="F6" s="49"/><c r="G6" s="49"/><c r="H6" s="49"/><c r="I6" s="49"/><c r="J6" s="49"/><c r="K6" s="49"/><c r="L6" s="49"/><c r="M6" s="49"/><c r="N6" s="49"/><c r="O6" s="49"/><c r="P6" s="49"/><c r="Q6" s="49"/><c r="R6" s="49"/><c r="S6" s="49"/><c r="T6" s="49"/><c r="U6" s="49"/><c r="V6" s="49"/><c r="W6" s="49"/><c r="X6" s="49"/><c r="Y6" s="49"/><c r="Z6" s="49"/><c r="AA6" s="49"/><c r="AB6" s="49"/><c r="AC6" s="49"/><c r="AD6" s="49"/><c r="AE6" s="49"/><c r="AF6" s="49"/><c r="AG6" s="49"/><c r="AH6" s="49"/><c r="AI6" s="49"/><c r="AJ6" s="49"/><c r="AK6" s="49"/><c r="AL6" s="49"/><c r="AM6" s="49"/><c r="AN6" s="49"/><c r="AO6" s="49"/><c r="AP6" s="49"/><c r="AQ6" s="49"/><c r="AR6" s="49"/><c r="AS6" s="49"/><c r="AT6" s="49"/><c r="AU6" s="49"/><c r="AV6" s="49"/><c r="AW6" s="49"/><c r="AX6" s="49"/><c r="AY6" s="49"/><c r="AZ6" s="49"/><c r="BA6" s="49"/></row><row r="7" spans="1:54" ht="16.5" customHeight="1" x14ac:dyDescent="0.25"><c r="A7" s="54"/><c r="B7" s="55"/><c r="C7" s="55"/><c r="D7" s="55"/><c r="E7" s="55"/><c r="F7" s="55"/><c r="G7" s="55"/><c r="H7" s="55"/><c r="I7" s="55"/><c r="J7" s="55"/><c r="K7" s="55"/><c r="L7" s="55"/><c r="M7" s="55"/><c r="N7" s="55"/><c r="O7" s="55"/><c r="P7" s="55"/><c r="Q7" s="55"/><c r="R7" s="55"/><c r="S7" s="55"/><c r="T7" s="55"/><c r="U7" s="55"/><c r="V7" s="55"/><c r="W7" s="55"/><c r="X7" s="55"/><c r="Y7" s="55"/><c r="Z7" s="55"/><c r="AA7" s="55"/><c r="AB7" s="55"/><c r="AC7" s="55"/><c r="AD7" s="55"/><c r="AE7" s="55"/><c r="AF7" s="55"/><c r="AG7" s="55"/><c r="AH7" s="55"/><c r="AI7" s="55"/><c r="AJ7" s="55"/><c r="AK7" s="55"/><c r="AL7" s="55"/><c r="AM7" s="55"/><c r="AN7" s="55"/><c r="AO7" s="55"/><c r="AP7" s="55"/><c r="AQ7" s="55"/><c r="AR7" s="55"/><c r="AS7" s="55"/><c r="AT7" s="55"/><c r="AU7" s="55"/><c r="AV7" s="55"/><c r="AW7" s="55"/><c r="AX7" s="55"/><c r="AY7" s="55"/><c r="AZ7" s="55"/><c r="BA7" s="56"/></row><row r="8" spans="1:54" ht="20.25" customHeight="1" x14ac:dyDescent="0.25"><c r="A8" s="57" t="s"><v>4</v></c><c r="B8" s="57"/><c r="C8" s="57"/><c r="D8" s="57"/><c r="E8" s="57"/><c r="F8" s="57"/><c r="G8" s="57"/><c r="H8" s="57"/><c r="I8" s="57"/><c r="J8" s="57"/><c r="K8" s="57"/><c r="L8" s="57"/><c r="M8" s="57"/><c r="N8" s="57"/><c r="O8" s="57"/><c r="P8" s="57"/><c r="Q8" s="57"/><c r="R8" s="57"/><c r="S8" s="57"/><c r="T8" s="57"/><c r="U8" s="57"/><c r="V8" s="57"/><c r="W8" s="57"/><c r="X8" s="57"/><c r="Y8" s="57"/><c r="Z8" s="57"/><c r="AA8" s="57"/><c r="AB8" s="57"/><c r="AC8" s="57"/><c r="AD8" s="57"/><c r="AE8" s="57"/><c r="AF8" s="57"/><c r="AG8" s="57"/><c r="AH8" s="57"/><c r="AI8" s="57"/><c r="AJ8" s="57"/><c r="AK8" s="57"/><c r="AL8" s="57"/><c r="AM8" s="57"/><c r="AN8" s="57"/><c r="AO8" s="57"/><c r="AP8" s="57"/><c r="AQ8" s="57"/><c r="AR8" s="57"/><c r="AS8" s="57"/><c r="AT8" s="57"/><c r="AU8" s="57"/><c r="AV8" s="57"/><c r="AW8" s="57"/><c r="AX8" s="57"/><c r="AY8" s="57"/><c r="AZ8" s="57"/><c r="BA8" s="57"/></row><row r="9" spans="1:54" ht="16.5" customHeight="1" x14ac:dyDescent="0.25"><c r="A9" s="26" t="s"><v>5</v></c><c r="B9" s="26"/><c r="C9" s="26"/><c r="D9" s="26"/><c r="E9" s="26"/><c r="F9" s="26"/><c r="G9" s="26"/><c r="H9" s="26"/><c r="I9" s="26"/><c r="J9" s="58"/><c r="K9" s="58"/><c r="L9" s="58"/><c r="M9" s="58"/><c r="N9" s="58"/><c r="O9" s="58"/><c r="P9" s="58"/><c r="Q9" s="58"/><c r="R9" s="58"/><c r="S9" s="58"/><c r="T9" s="58"/><c r="U9" s="58"/><c r="V9" s="58"/><c r="AF9" s="26" t="s"><v>6</v></c><c r="AG9" s="26"/><c r="AH9" s="26"/><c r="AI9" s="26"/><c r="AJ9" s="26"/><c r="AK9" s="26"/><c r="AL9" s="26"/><c r="AM9" s="26"/><c r="AN9" s="26"/><c r="AO9" s="26"/><c r="AP9" s="47"/><c r="AQ9" s="47"/><c r="AR9" s="47"/><c r="AS9" s="47"/><c r="AT9" s="47"/><c r="AU9" s="47"/><c r="AV9" s="47"/><c r="AW9" s="47"/><c r="AX9" s="47"/><c r="AY9" s="47"/><c r="AZ9" s="47"/><c r="BA9" s="47"/></row><row r="10" spans="1:54" ht="16.5" customHeight="1" x14ac:dyDescent="0.25"><c r="A10" s="26"/><c r="B10" s="26"/><c r="C10" s="26"/><c r="D10" s="26"/><c r="E10" s="26"/><c r="F10" s="26"/><c r="G10" s="26"/><c r="H10" s="26"/><c r="I10" s="26"/><c r="J10" s="58"/><c r="K10" s="58"/><c r="L10" s="58"/><c r="M10" s="58"/><c r="N10" s="58"/><c r="O10" s="58"/><c r="P10" s="58"/><c r="Q10" s="58"/><c r="R10" s="58"/><c r="S10" s="58"/><c r="T10" s="58"/><c r="U10" s="58"/><c r="V10" s="58"/><c r="AF10" s="26"/><c r="AG10" s="26"/><c r="AH10" s="26"/><c r="AI10" s="26"/><c r="AJ10" s="26"/><c r="AK10" s="26"/><c r="AL10" s="26"/><c r="AM10" s="26"/><c r="AN10" s="26"/><c r="AO10" s="26"/><c r="AP10" s="47"/><c r="AQ10" s="47"/><c r="AR10" s="47"/><c r="AS10" s="47"/><c r="AT10" s="47"/><c r="AU10" s="47"/><c r="AV10" s="47"/><c r="AW10" s="47"/><c r="AX10" s="47"/><c r="AY10" s="47"/><c r="AZ10" s="47"/><c r="BA10" s="47"/></row><row r="11" spans="1:54" ht="42" customHeight="1" x14ac:dyDescent="0.25"><c r="A11" s="26"/><c r="B11" s="26"/><c r="C11" s="26"/><c r="D11" s="26"/><c r="E11" s="26"/><c r="F11" s="26"/><c r="G11" s="26"/><c r="H11" s="26"/><c r="I11" s="26"/><c r="J11" s="59" t="s"><v>7</v></c><c r="K11" s="59"/><c r="L11" s="59"/><c r="M11" s="59"/><c r="N11" s="59"/><c r="O11" s="59"/><c r="P11" s="59"/><c r="Q11" s="59"/><c r="R11" s="59"/><c r="S11" s="59"/><c r="T11" s="59"/><c r="U11" s="59"/><c r="V11" s="59"/><c r="AF11" s="26"/><c r="AG11" s="26"/><c r="AH11" s="26"/><c r="AI11" s="26"/><c r="AJ11" s="26"/><c r="AK11" s="26"/><c r="AL11" s="26"/><c r="AM11" s="26"/><c r="AN11" s="26"/><c r="AO11" s="26"/><c r="AP11" s="46" t="s"><v>8</v></c><c r="AQ11" s="46"/><c r="AR11" s="46"/><c r="AS11" s="46"/><c r="AT11" s="46"/><c r="AU11" s="46"/><c r="AV11" s="46"/><c r="AW11" s="46"/><c r="AX11" s="46"/><c r="AY11" s="46"/><c r="AZ11" s="46"/><c r="BA11" s="46"/><c r="BB11" s="3"/></row><row r="12" spans="1:54" ht="16.5" customHeight="1" x14ac:dyDescent="0.25"><c r="A12" s="48" t="s"><v>9</v></c><c r="B12" s="49"/><c r="C12" s="49"/><c r="D12" s="49"/><c r="E12" s="49"/><c r="F12" s="49"/><c r="G12" s="49"/><c r="H12" s="49"/><c r="I12" s="49"/><c r="J12" s="49"/><c r="K12" s="49"/><c r="L12" s="49"/><c r="M12" s="49"/><c r="N12" s="49"/><c r="O12" s="49"/><c r="P12" s="49"/><c r="Q12" s="49"/><c r="R12" s="49"/><c r="S12" s="49"/><c r="T12" s="49"/><c r="U12" s="49"/><c r="V12" s="49"/><c r="W12" s="49"/><c r="X12" s="49"/><c r="Y12" s="49"/><c r="Z12" s="49"/><c r="AA12" s="49"/><c r="AB12" s="49"/><c r="AC12" s="49"/><c r="AD12" s="49"/><c r="AE12" s="49"/><c r="AF12" s="49"/><c r="AG12" s="49"/><c r="AH12" s="49"/><c r="AI12" s="49"/><c r="AJ12" s="49"/><c r="AK12" s="49"/><c r="AL12" s="49"/><c r="AM12" s="49"/><c r="AN12" s="49"/><c r="AO12" s="49"/><c r="AP12" s="49"/><c r="AQ12" s="49"/><c r="AR12" s="49"/><c r="AS12" s="49"/><c r="AT12" s="49"/><c r="AU12" s="49"/><c r="AV12" s="49"/><c r="AW12" s="49"/><c r="AX12" s="49"/><c r="AY12" s="49"/><c r="AZ12" s="49"/><c r="BA12" s="49"/></row><row r="13" spans="1:54" ht="16.5" customHeight="1" x14ac:dyDescent="0.25"><c r="A13" s="5" t="s"><v>10</v></c><c r="N13" s="28"/><c r="O13" s="29"/><c r="P13" s="29"/><c r="Q13" s="29"/><c r="R13" s="29"/><c r="S13" s="29"/><c r="T13" s="29"/><c r="U13" s="29"/><c r="V13" s="29"/><c r="W13" s="29"/><c r="X13" s="29"/><c r="Y13" s="29"/><c r="Z13" s="29"/><c r="AA13" s="29"/><c r="AB13" s="29"/><c r="AC13" s="29"/><c r="AD13" s="29"/><c r="AE13" s="29"/><c r="AF13" s="29"/><c r="AG13" s="29"/><c r="AH13" s="29"/><c r="AI13" s="29"/><c r="AJ13" s="29"/><c r="AK13" s="29"/><c r="AL13" s="29"/><c r="AM13" s="29"/><c r="AN13" s="29"/><c r="AO13" s="29"/><c r="AP13" s="29"/><c r="AQ13" s="29"/><c r="AR13" s="29"/><c r="AS13" s="29"/><c r="AT13" s="29"/><c r="AU13" s="29"/><c r="AV13" s="29"/><c r="AW13" s="29"/><c r="AX13" s="29"/><c r="AY13" s="29"/><c r="AZ13" s="29"/><c r="BA13" s="30"/></row><row r="14" spans="1:54" ht="10.5" customHeight="1" x14ac:dyDescent="0.25"><c r="N14" s="4"/><c r="O14" s="4"/><c r="P14" s="4"/><c r="Q14" s="4"/><c r="R14" s="4"/><c r="S14" s="4"/><c r="T14" s="4"/><c r="U14" s="4"/><c r="V14" s="4"/><c r="W14" s="4"/><c r="X14" s="4"/><c r="Y14" s="4"/><c r="Z14" s="4"/><c r="AA14" s="4"/></row><row r="15" spans="1:54" ht="16.5" customHeight="1" x14ac:dyDescent="0.25"><c r="A15" s="5" t="s"><v>11</v></c><c r="N15" s="28"/><c r="O15" s="29"/><c r="P15" s="29"/><c r="Q15" s="29"/><c r="R15" s="29"/><c r="S15" s="29"/><c r="T15" s="29"/><c r="U15" s="29"/><c r="V15" s="29"/><c r="W15" s="29"/><c r="X15" s="29"/><c r="Y15" s="29"/><c r="Z15" s="29"/><c r="AA15" s="29"/><c r="AB15" s="29"/><c r="AC15" s="29"/><c r="AD15" s="29"/><c r="AE15" s="29"/><c r="AF15" s="29"/><c r="AG15" s="29"/><c r="AH15" s="29"/><c r="AI15" s="29"/><c r="AJ15" s="29"/><c r="AK15" s="29"/><c r="AL15" s="29"/><c r="AM15" s="29"/><c r="AN15" s="29"/><c r="AO15" s="29"/><c r="AP15" s="29"/><c r="AQ15" s="29"/><c r="AR15" s="29"/><c r="AS15" s="29"/><c r="AT15" s="29"/><c r="AU15" s="29"/><c r="AV15" s="29"/><c r="AW15" s="29"/><c r="AX15" s="29"/><c r="AY15" s="29"/><c r="AZ15" s="29"/><c r="BA15" s="30"/></row><row r="16" spans="1:54" ht="10.5" customHeight="1" x14ac:dyDescent="0.25"><c r="N16" s="4"/><c r="O16" s="4"/><c r="P16" s="4"/><c r="Q16" s="4"/><c r="R16" s="4"/><c r="S16" s="4"/><c r="T16" s="4"/><c r="U16" s="4"/><c r="V16" s="4"/><c r="W16" s="4"/><c r="X16" s="4"/><c r="Y16" s="4"/><c r="Z16" s="4"/><c r="AA16" s="4"/></row><row r="17" spans="1:53" ht="16.5" customHeight="1" x14ac:dyDescent="0.25"><c r="A17" s="5" t="s"><v>12</v></c><c r="N17" s="28"/><c r="O17" s="29"/><c r="P17" s="29"/><c r="Q17" s="29"/><c r="R17" s="29"/><c r="S17" s="29"/><c r="T17" s="29"/><c r="U17" s="29"/><c r="V17" s="29"/><c r="W17" s="29"/><c r="X17" s="29"/><c r="Y17" s="29"/><c r="Z17" s="29"/><c r="AA17" s="29"/><c r="AB17" s="29"/><c r="AC17" s="29"/><c r="AD17" s="29"/><c r="AE17" s="29"/><c r="AF17" s="29"/><c r="AG17" s="29"/><c r="AH17" s="29"/><c r="AI17" s="29"/><c r="AJ17" s="29"/><c r="AK17" s="29"/><c r="AL17" s="29"/><c r="AM17" s="29"/><c r="AN17" s="29"/><c r="AO17" s="29"/><c r="AP17" s="29"/><c r="AQ17" s="29"/><c r="AR17" s="29"/><c r="AS17" s="29"/><c r="AT17" s="29"/><c r="AU17" s="29"/><c r="AV17" s="29"/><c r="AW17" s="29"/><c r="AX17" s="29"/><c r="AY17" s="29"/><c r="AZ17" s="29"/><c r="BA17" s="30"/></row><row r="18" spans="1:53" ht="10.5" customHeight="1" x14ac:dyDescent="0.25"><c r="N18" s="4"/><c r="O18" s="4"/><c r="P18" s="4"/><c r="Q18" s="4"/><c r="R18" s="4"/><c r="S18" s="4"/><c r="T18" s="4"/><c r="U18" s="4"/><c r="V18" s="4"/><c r="W18" s="4"/><c r="X18" s="4"/><c r="Y18" s="4"/><c r="Z18" s="4"/><c r="AA18" s="4"/></row><row r="19" spans="1:53" ht="16.5" customHeight="1" x14ac:dyDescent="0.25"><c r="A19" s="5" t="s"><v>13</v></c><c r="N19" s="28"/><c r="O19" s="29"/><c r="P19" s="29"/><c r="Q19" s="29"/><c r="R19" s="29"/><c r="S19" s="29"/><c r="T19" s="29"/><c r="U19" s="29"/><c r="V19" s="29"/><c r="W19" s="29"/><c r="X19" s="29"/><c r="Y19" s="29"/><c r="Z19" s="29"/><c r="AA19" s="30"/><c r="AB19" s="6"/><c r="AC19" s="6"/><c r="AD19" s="6"/><c r="AE19" s="6"/><c r="AF19" s="6"/><c r="AG19" s="6"/><c r="AH19" s="6"/><c r="AI19" s="6"/><c r="AJ19" s="6"/><c r="AK19" s="6"/><c r="AL19" s="6"/><c r="AM19" s="6"/><c r="AN19" s="6"/><c r="AO19" s="6"/><c r="AP19" s="6"/><c r="AQ19" s="6"/><c r="AR19" s="6"/><c r="AS19" s="6"/><c r="AT19" s="6"/><c r="AU19" s="6"/><c r="AV19" s="6"/><c r="AW19" s="6"/><c r="AX19" s="6"/><c r="AY19" s="6"/><c r="AZ19" s="6"/><c r="BA19" s="6"/></row><row r="20" spans="1:53" ht="10.5" customHeight="1" x14ac:dyDescent="0.25"><c r="N20" s="4"/><c r="O20" s="4"/><c r="P20" s="4"/><c r="Q20" s="4"/><c r="R20" s="4"/><c r="S20" s="4"/><c r="T20" s="4"/><c r="U20" s="4"/><c r="V20" s="4"/><c r="W20" s="4"/><c r="X20" s="4"/><c r="Y20" s="4"/><c r="Z20" s="4"/><c r="AA20" s="4"/></row><row r="21" spans="1:53" ht="16.5" customHeight="1" x14ac:dyDescent="0.25"><c r="A21" s="5" t="s"><v>14</v></c><c r="N21" s="28"/><c r="O21" s="29"/><c r="P21" s="29"/><c r="Q21" s="29"/><c r="R21" s="29"/><c r="S21" s="29"/><c r="T21" s="29"/><c r="U21" s="29"/><c r="V21" s="29"/><c r="W21" s="29"/><c r="X21" s="29"/><c r="Y21" s="29"/><c r="Z21" s="29"/><c r="AA21" s="29"/><c r="AB21" s="29"/><c r="AC21" s="29"/><c r="AD21" s="29"/><c r="AE21" s="29"/><c r="AF21" s="29"/><c r="AG21" s="29"/><c r="AH21" s="29"/><c r="AI21" s="29"/><c r="AJ21" s="29"/><c r="AK21" s="29"/><c r="AL21" s="29"/><c r="AM21" s="29"/><c r="AN21" s="29"/><c r="AO21" s="29"/><c r="AP21" s="29"/><c r="AQ21" s="29"/><c r="AR21" s="29"/><c r="AS21" s="29"/><c r="AT21" s="29"/><c r="AU21" s="29"/><c r="AV21" s="29"/><c r="AW21" s="29"/><c r="AX21" s="29"/><c r="AY21" s="29"/><c r="AZ21" s="29"/><c r="BA21" s="30"/></row><row r="22" spans="1:53" ht="10.5" customHeight="1" x14ac:dyDescent="0.25"><c r="N22" s="4"/><c r="O22" s="4"/><c r="P22" s="4"/><c r="Q22" s="4"/><c r="R22" s="4"/><c r="S22" s="4"/><c r="T22" s="4"/><c r="U22" s="4"/><c r="V22" s="4"/><c r="W22" s="4"/><c r="X22" s="4"/><c r="Y22" s="4"/><c r="Z22" s="4"/><c r="AA22" s="4"/></row><row r="23" spans="1:53" ht="16.5" customHeight="1" x14ac:dyDescent="0.25"><c r="A23" s="5" t="s"><v>15</v></c><c r="N23" s="28"/><c r="O23" s="29"/><c r="P23" s="29"/><c r="Q23" s="29"/><c r="R23" s="29"/><c r="S23" s="29"/><c r="T23" s="29"/><c r="U23" s="29"/><c r="V23" s="29"/><c r="W23" s="29"/><c r="X23" s="29"/><c r="Y23" s="29"/><c r="Z23" s="29"/><c r="AA23" s="30"/><c r="AB23" s="6"/><c r="AC23" s="6"/><c r="AD23" s="6"/><c r="AE23" s="6"/><c r="AF23" s="6"/><c r="AG23" s="6"/><c r="AH23" s="6"/><c r="AI23" s="6"/><c r="AJ23" s="6"/><c r="AK23" s="6"/><c r="AL23" s="6"/><c r="AM23" s="6"/><c r="AN23" s="6"/><c r="AO23" s="6"/><c r="AP23" s="6"/><c r="AQ23" s="6"/><c r="AR23" s="6"/><c r="AS23" s="6"/><c r="AT23" s="6"/><c r="AU23" s="6"/><c r="AV23" s="6"/><c r="AW23" s="6"/><c r="AX23" s="6"/><c r="AY23" s="6"/><c r="AZ23" s="6"/><c r="BA23" s="6"/></row><row r="24" spans="1:53" ht="10.5" customHeight="1" x14ac:dyDescent="0.25"><c r="N24" s="34" t="s"><v>16</v></c><c r="O24" s="34"/><c r="P24" s="34"/><c r="Q24" s="34"/><c r="R24" s="34"/><c r="S24" s="34"/><c r="T24" s="34"/><c r="U24" s="34"/><c r="V24" s="34"/><c r="W24" s="34"/><c r="X24" s="34"/><c r="Y24" s="34"/><c r="Z24" s="34"/><c r="AA24" s="34"/></row><row r="25" spans="1:53" ht="16.5" customHeight="1" x14ac:dyDescent="0.25"><c r="A25" s="5"/><c r="N25" s="35"/><c r="O25" s="36"/><c r="P25" s="36"/><c r="Q25" s="36"/><c r="R25" s="36"/><c r="S25" s="36"/><c r="T25" s="36"/><c r="U25" s="36"/><c r="V25" s="36"/><c r="W25" s="36"/><c r="X25" s="36"/><c r="Y25" s="36"/><c r="Z25" s="36"/><c r="AA25" s="37"/><c r="AB25" s="6"/><c r="AC25" s="28"/><c r="AD25" s="29"/><c r="AE25" s="29"/><c r="AF25" s="29"/><c r="AG25" s="29"/><c r="AH25" s="29"/><c r="AI25" s="29"/><c r="AJ25" s="29"/><c r="AK25" s="29"/><c r="AL25" s="29"/><c r="AM25" s="30"/><c r="AN25" s="6"/><c r="AO25" s="28"/><c r="AP25" s="29"/><c r="AQ25" s="29"/><c r="AR25" s="29"/><c r="AS25" s="29"/><c r="AT25" s="29"/><c r="AU25" s="29"/><c r="AV25" s="29"/><c r="AW25" s="29"/><c r="AX25" s="29"/><c r="AY25" s="29"/><c r="AZ25" s="29"/><c r="BA25" s="30"/></row><row r="26" spans="1:53" ht="10.5" customHeight="1" x14ac:dyDescent="0.25"><c r="N26" s="38"/><c r="O26" s="39"/><c r="P26" s="39"/><c r="Q26" s="39"/><c r="R26" s="39"/><c r="S26" s="39"/><c r="T26" s="39"/><c r="U26" s="39"/><c r="V26" s="39"/><c r="W26" s="39"/><c r="X26" s="39"/><c r="Y26" s="39"/><c r="Z26" s="39"/><c r="AA26" s="40"/><c r="AC26" s="45" t="s"><v>18</v></c><c r="AD26" s="45"/><c r="AE26" s="45"/><c r="AF26" s="45"/><c r="AG26" s="45"/><c r="AH26" s="45"/><c r="AI26" s="45"/><c r="AJ26" s="45"/><c r="AK26" s="45"/><c r="AL26" s="45"/><c r="AM26" s="45"/><c r="AN26" s="9"/><c r="AO26" s="45" t="s"><v>19</v></c><c r="AP26" s="45"/><c r="AQ26" s="45"/><c r="AR26" s="45"/><c r="AS26" s="45"/><c r="AT26" s="45"/><c r="AU26" s="45"/><c r="AV26" s="45"/><c r="AW26" s="45"/><c r="AX26" s="45"/><c r="AY26" s="45"/><c r="AZ26" s="45"/><c r="BA26" s="45"/></row><row r="27" spans="1:53" ht="16.5" customHeight="1" x14ac:dyDescent="0.25"><c r="A27" s="5"/><c r="N27" s="41"/><c r="O27" s="42"/><c r="P27" s="42"/><c r="Q27" s="42"/><c r="R27" s="42"/><c r="S27" s="42"/><c r="T27" s="42"/><c r="U27" s="42"/><c r="V27" s="42"/><c r="W27" s="42"/><c r="X27" s="42"/><c r="Y27" s="42"/><c r="Z27" s="42"/><c r="AA27" s="43"/><c r="AB27" s="13"/><c r="AC27" s="28"/><c r="AD27" s="29"/><c r="AE27" s="29"/><c r="AF27" s="29"/><c r="AG27" s="29"/><c r="AH27" s="29"/><c r="AI27" s="29"/><c r="AJ27" s="29"/><c r="AK27" s="29"/><c r="AL27" s="29"/><c r="AM27" s="30"/><c r="AN27" s="13"/><c r="AO27" s="28"/><c r="AP27" s="29"/><c r="AQ27" s="29"/><c r="AR27" s="29"/><c r="AS27" s="29"/><c r="AT27" s="29"/><c r="AU27" s="29"/><c r="AV27" s="29"/><c r="AW27" s="29"/><c r="AX27" s="29"/><c r="AY27" s="29"/><c r="AZ27" s="29"/><c r="BA27" s="30"/></row><row r="28" spans="1:53" ht="10.5" customHeight="1" x14ac:dyDescent="0.25"><c r="N28" s="34" t="s"><v>17</v></c><c r="O28" s="34"/><c r="P28" s="34"/><c r="Q28" s="34"/><c r="R28" s="34"/><c r="S28" s="34"/><c r="T28" s="34"/><c r="U28" s="34"/><c r="V28" s="34"/><c r="W28" s="34"/><c r="X28" s="34"/><c r="Y28" s="34"/><c r="Z28" s="34"/><c r="AA28" s="34"/><c r="AB28" s="24" t="s"><v>20</v></c><c r="AC28" s="34"/><c r="AD28" s="34"/><c r="AE28" s="34"/><c r="AF28" s="34"/><c r="AG28" s="34"/><c r="AH28" s="34"/><c r="AI28" s="34"/><c r="AJ28" s="34"/><c r="AK28" s="34"/><c r="AL28" s="34"/><c r="AM28" s="34"/><c r="AN28" s="24"/><c r="AO28" s="45" t="s"><v>84</v></c><c r="AP28" s="45"/><c r="AQ28" s="45"/><c r="AR28" s="45"/><c r="AS28" s="45"/><c r="AT28" s="45"/><c r="AU28" s="45"/><c r="AV28" s="45"/><c r="AW28" s="45"/><c r="AX28" s="45"/><c r="AY28" s="45"/><c r="AZ28" s="45"/><c r="BA28" s="45"/></row><row r="29" spans="1:53" ht="16.5" customHeight="1" x14ac:dyDescent="0.25"><c r="A29" s="5" t="s"><v>21</v></c><c r="N29" s="28"/><c r="O29" s="29"/><c r="P29" s="29"/><c r="Q29" s="29"/><c r="R29" s="29"/><c r="S29" s="29"/><c r="T29" s="29"/><c r="U29" s="29"/><c r="V29" s="29"/><c r="W29" s="29"/><c r="X29" s="29"/><c r="Y29" s="29"/><c r="Z29" s="29"/><c r="AA29" s="29"/><c r="AB29" s="29"/><c r="AC29" s="29"/><c r="AD29" s="29"/><c r="AE29" s="29"/><c r="AF29" s="29"/><c r="AG29" s="30"/><c r="AH29" s="6"/><c r="AI29" s="28"/><c r="AJ29" s="29"/><c r="AK29" s="29"/><c r="AL29" s="29"/><c r="AM29" s="29"/><c r="AN29" s="29"/><c r="AO29" s="29"/><c r="AP29" s="29"/><c r="AQ29" s="29"/><c r="AR29" s="29"/><c r="AS29" s="29"/><c r="AT29" s="29"/><c r="AU29" s="29"/><c r="AV29" s="29"/><c r="AW29" s="29"/><c r="AX29" s="29"/><c r="AY29" s="29"/><c r="AZ29" s="29"/><c r="BA29" s="30"/></row><row r="30" spans="1:53" s="11" customFormat="1" ht="10.5" customHeight="1" x14ac:dyDescent="0.25"><c r="N30" s="24" t="s"><v>22</v></c><c r="O30" s="24"/><c r="P30" s="24"/><c r="Q30" s="24"/><c r="R30" s="24"/><c r="S30" s="24"/><c r="T30" s="24"/><c r="U30" s="24"/><c r="V30" s="24"/><c r="W30" s="24"/><c r="X30" s="24"/><c r="Y30" s="24"/><c r="Z30" s="24"/><c r="AA30" s="24"/><c r="AB30" s="24"/><c r="AC30" s="24"/><c r="AD30" s="24"/><c r="AE30" s="24"/><c r="AF30" s="24"/><c r="AG30" s="24"/><c r="AI30" s="25" t="s"><v>23</v></c><c r="AJ30" s="25"/><c r="AK30" s="25"/><c r="AL30" s="25"/><c r="AM30" s="25"/><c r="AN30" s="25"/><c r="AO30" s="25"/><c r="AP30" s="25"/><c r="AQ30" s="25"/><c r="AR30" s="25"/><c r="AS30" s="25"/><c r="AT30" s="25"/><c r="AU30" s="25"/><c r="AV30" s="25"/><c r="AW30" s="25"/><c r="AX30" s="25"/><c r="AY30" s="25"/><c r="AZ30" s="25"/><c r="BA30" s="25"/></row><row r="31" spans="1:53" ht="16.5" customHeight="1" x14ac:dyDescent="0.25"><c r="A31" s="5" t="s"><v>24</v></c><c r="N31" s="28"/><c r="O31" s="29"/><c r="P31" s="29"/><c r="Q31" s="29"/><c r="R31" s="29"/><c r="S31" s="29"/><c r="T31" s="29"/><c r="U31" s="29"/><c r="V31" s="29"/><c r="W31" s="29"/><c r="X31" s="29"/><c r="Y31" s="29"/><c r="Z31" s="29"/><c r="AA31" s="30"/><c r="AB31" s="7"/><c r="AC31" s="6"/><c r="AD31" s="6"/><c r="AE31" s="6"/><c r="AF31" s="6"/><c r="AG31" s="6"/><c r="AH31" s="6"/><c r="AI31" s="6"/><c r="AJ31" s="6"/><c r="AK31" s="6"/><c r="AL31" s="6"/><c r="AM31" s="6"/><c r="AN31" s="6"/><c r="AO31" s="6"/><c r="AP31" s="6"/><c r="AQ31" s="6"/><c r="AR31" s="6"/><c r="AS31" s="6"/><c r="AT31" s="6"/><c r="AU31" s="6"/><c r="AV31" s="6"/><c r="AW31" s="6"/><c r="AX31" s="6"/><c r="AY31" s="6"/><c r="AZ31" s="6"/><c r="BA31" s="6"/></row><row r="32" spans="1:53" s="11" customFormat="1" ht="10.5" customHeight="1" x14ac:dyDescent="0.25"><c r="N32" s="34" t="s"><v>25</v></c><c r="O32" s="34"/><c r="P32" s="34"/><c r="Q32" s="34"/><c r="R32" s="34"/><c r="S32" s="34"/><c r="T32" s="34"/><c r="U32" s="34"/><c r="V32" s="34"/><c r="W32" s="34"/><c r="X32" s="34"/><c r="Y32" s="34"/><c r="Z32" s="34"/><c r="AA32" s="34"/><c r="AB32" s="1"/><c r="AC32" s="1"/><c r="AD32" s="1"/><c r="AE32" s="1"/><c r="AF32" s="1"/><c r="AG32" s="1"/><c r="AH32" s="1"/><c r="AI32" s="1"/><c r="AJ32" s="1"/><c r="AK32" s="1"/><c r="AL32" s="1"/><c r="AM32" s="1"/><c r="AN32" s="1"/><c r="AO32" s="1"/><c r="AP32" s="1"/><c r="AQ32" s="1"/><c r="AR32" s="1"/><c r="AS32" s="1"/><c r="AT32" s="1"/><c r="AU32" s="1"/><c r="AV32" s="1"/><c r="AW32" s="1"/><c r="AX32" s="1"/><c r="AY32" s="1"/><c r="AZ32" s="1"/><c r="BA32" s="1"/></row><row r="33" spans="1:54" ht="16.5" customHeight="1" x14ac:dyDescent="0.25"><c r="A33" s="5" t="s"><v>26</v></c><c r="N33" s="28"/><c r="O33" s="29"/><c r="P33" s="29"/><c r="Q33" s="29"/><c r="R33" s="29"/><c r="S33" s="30"/><c r="T33" s="7"/><c r="U33" s="28"/><c r="V33" s="29"/><c r="W33" s="29"/><c r="X33" s="29"/><c r="Y33" s="29"/><c r="Z33" s="29"/><c r="AA33" s="29"/><c r="AB33" s="29"/><c r="AC33" s="29"/><c r="AD33" s="29"/><c r="AE33" s="29"/><c r="AF33" s="29"/><c r="AG33" s="29"/><c r="AH33" s="29"/><c r="AI33" s="29"/><c r="AJ33" s="29"/><c r="AK33" s="29"/><c r="AL33" s="29"/><c r="AM33" s="29"/><c r="AN33" s="29"/><c r="AO33" s="29"/><c r="AP33" s="29"/><c r="AQ33" s="29"/><c r="AR33" s="29"/><c r="AS33" s="29"/><c r="AT33" s="29"/><c r="AU33" s="29"/><c r="AV33" s="29"/><c r="AW33" s="29"/><c r="AX33" s="29"/><c r="AY33" s="29"/><c r="AZ33" s="29"/><c r="BA33" s="30"/></row><row r="34" spans="1:54" s="11" customFormat="1" ht="10.5" customHeight="1" x14ac:dyDescent="0.25"><c r="N34" s="44" t="s"><v>27</v></c><c r="O34" s="44"/><c r="P34" s="44"/><c r="Q34" s="44"/><c r="R34" s="44"/><c r="S34" s="44"/><c r="T34" s="10"/><c r="U34" s="44" t="s"><v>28</v></c><c r="V34" s="44"/><c r="W34" s="44"/><c r="X34" s="44"/><c r="Y34" s="44"/><c r="Z34" s="44"/><c r="AA34" s="44"/><c r="AB34" s="44"/><c r="AC34" s="44"/><c r="AD34" s="44"/><c r="AE34" s="44"/><c r="AF34" s="44"/><c r="AG34" s="44"/><c r="AH34" s="44"/><c r="AI34" s="44"/><c r="AJ34" s="44"/><c r="AK34" s="44"/><c r="AL34" s="44"/><c r="AM34" s="44"/><c r="AN34" s="44"/><c r="AO34" s="44"/><c r="AP34" s="44"/><c r="AQ34" s="44"/><c r="AR34" s="44"/><c r="AS34" s="44"/><c r="AT34" s="44"/><c r="AU34" s="44"/><c r="AV34" s="44"/><c r="AW34" s="44"/><c r="AX34" s="44"/><c r="AY34" s="44"/><c r="AZ34" s="44"/><c r="BA34" s="44"/></row><row r="35" spans="1:54" ht="16.5" customHeight="1" x14ac:dyDescent="0.25"><c r="A35" s="5"/><c r="N35" s="28"/><c r="O35" s="29"/><c r="P35" s="29"/><c r="Q35" s="29"/><c r="R35" s="29"/><c r="S35" s="30"/><c r="T35" s="7"/><c r="U35" s="28"/><c r="V35" s="29"/><c r="W35" s="29"/><c r="X35" s="29"/><c r="Y35" s="29"/><c r="Z35" s="29"/><c r="AA35" s="29"/><c r="AB35" s="29"/><c r="AC35" s="29"/><c r="AD35" s="29"/><c r="AE35" s="29"/><c r="AF35" s="29"/><c r="AG35" s="29"/><c r="AH35" s="29"/><c r="AI35" s="29"/><c r="AJ35" s="29"/><c r="AK35" s="29"/><c r="AL35" s="29"/><c r="AM35" s="29"/><c r="AN35" s="29"/><c r="AO35" s="29"/><c r="AP35" s="29"/><c r="AQ35" s="29"/><c r="AR35" s="29"/><c r="AS35" s="29"/><c r="AT35" s="29"/><c r="AU35" s="29"/><c r="AV35" s="29"/><c r="AW35" s="29"/><c r="AX35" s="29"/><c r="AY35" s="29"/><c r="AZ35" s="29"/><c r="BA35" s="30"/></row><row r="36" spans="1:54" s="11" customFormat="1" ht="10.5" customHeight="1" x14ac:dyDescent="0.25"><c r="N36" s="44" t="s"><v>27</v></c><c r="O36" s="44"/><c r="P36" s="44"/><c r="Q36" s="44"/><c r="R36" s="44"/><c r="S36" s="44"/><c r="T36" s="10"/><c r="U36" s="44" t="s"><v>28</v></c><c r="V36" s="44"/><c r="W36" s="44"/><c r="X36" s="44"/><c r="Y36" s="44"/><c r="Z36" s="44"/><c r="AA36" s="44"/><c r="AB36" s="44"/><c r="AC36" s="44"/><c r="AD36" s="44"/><c r="AE36" s="44"/><c r="AF36" s="44"/><c r="AG36" s="44"/><c r="AH36" s="44"/><c r="AI36" s="44"/><c r="AJ36" s="44"/><c r="AK36" s="44"/><c r="AL36" s="44"/><c r="AM36" s="44"/><c r="AN36" s="44"/><c r="AO36" s="44"/><c r="AP36" s="44"/><c r="AQ36" s="44"/><c r="AR36" s="44"/><c r="AS36" s="44"/><c r="AT36" s="44"/><c r="AU36" s="44"/><c r="AV36" s="44"/><c r="AW36" s="44"/><c r="AX36" s="44"/><c r="AY36" s="44"/><c r="AZ36" s="44"/><c r="BA36" s="44"/></row><row r="37" spans="1:54" ht="16.5" customHeight="1" x14ac:dyDescent="0.25"><c r="A37" s="5"/><c r="N37" s="28"/><c r="O37" s="29"/><c r="P37" s="29"/><c r="Q37" s="29"/><c r="R37" s="29"/><c r="S37" s="30"/><c r="T37" s="7"/><c r="U37" s="28"/><c r="V37" s="29"/><c r="W37" s="29"/><c r="X37" s="29"/><c r="Y37" s="29"/><c r="Z37" s="29"/><c r="AA37" s="29"/><c r="AB37" s="29"/><c r="AC37" s="29"/><c r="AD37" s="29"/><c r="AE37" s="29"/><c r="AF37" s="29"/><c r="AG37" s="29"/><c r="AH37" s="29"/><c r="AI37" s="29"/><c r="AJ37" s="29"/><c r="AK37" s="29"/><c r="AL37" s="29"/><c r="AM37" s="29"/><c r="AN37" s="29"/><c r="AO37" s="29"/><c r="AP37" s="29"/><c r="AQ37" s="29"/><c r="AR37" s="29"/><c r="AS37" s="29"/><c r="AT37" s="29"/><c r="AU37" s="29"/><c r="AV37" s="29"/><c r="AW37" s="29"/><c r="AX37" s="29"/><c r="AY37" s="29"/><c r="AZ37" s="29"/><c r="BA37" s="30"/></row><row r="38" spans="1:54" s="11" customFormat="1" ht="10.5" customHeight="1" x14ac:dyDescent="0.25"><c r="N38" s="44" t="s"><v>27</v></c><c r="O38" s="44"/><c r="P38" s="44"/><c r="Q38" s="44"/><c r="R38" s="44"/><c r="S38" s="44"/><c r="T38" s="10"/><c r="U38" s="44" t="s"><v>28</v></c><c r="V38" s="44"/><c r="W38" s="44"/><c r="X38" s="44"/><c r="Y38" s="44"/><c r="Z38" s="44"/><c r="AA38" s="44"/><c r="AB38" s="44"/><c r="AC38" s="44"/><c r="AD38" s="44"/><c r="AE38" s="44"/><c r="AF38" s="44"/><c r="AG38" s="44"/><c r="AH38" s="44"/><c r="AI38" s="44"/><c r="AJ38" s="44"/><c r="AK38" s="44"/><c r="AL38" s="44"/><c r="AM38" s="44"/><c r="AN38" s="44"/><c r="AO38" s="44"/><c r="AP38" s="44"/><c r="AQ38" s="44"/><c r="AR38" s="44"/><c r="AS38" s="44"/><c r="AT38" s="44"/><c r="AU38" s="44"/><c r="AV38" s="44"/><c r="AW38" s="44"/><c r="AX38" s="44"/><c r="AY38" s="44"/><c r="AZ38" s="44"/><c r="BA38" s="44"/></row><row r="39" spans="1:54" ht="16.5" customHeight="1" x14ac:dyDescent="0.25"><c r="A39" s="5"/><c r="N39" s="28"/><c r="O39" s="29"/><c r="P39" s="29"/><c r="Q39" s="29"/><c r="R39" s="29"/><c r="S39" s="30"/><c r="T39" s="7"/><c r="U39" s="28"/><c r="V39" s="29"/><c r="W39" s="29"/><c r="X39" s="29"/><c r="Y39" s="29"/><c r="Z39" s="29"/><c r="AA39" s="29"/><c r="AB39" s="29"/><c r="AC39" s="29"/><c r="AD39" s="29"/><c r="AE39" s="29"/><c r="AF39" s="29"/><c r="AG39" s="29"/><c r="AH39" s="29"/><c r="AI39" s="29"/><c r="AJ39" s="29"/><c r="AK39" s="29"/><c r="AL39" s="29"/><c r="AM39" s="29"/><c r="AN39" s="29"/><c r="AO39" s="29"/><c r="AP39" s="29"/><c r="AQ39" s="29"/><c r="AR39" s="29"/><c r="AS39" s="29"/><c r="AT39" s="29"/><c r="AU39" s="29"/><c r="AV39" s="29"/><c r="AW39" s="29"/><c r="AX39" s="29"/><c r="AY39" s="29"/><c r="AZ39" s="29"/><c r="BA39" s="30"/></row><row r="40" spans="1:54" s="11" customFormat="1" ht="10.5" customHeight="1" x14ac:dyDescent="0.25"><c r="N40" s="44" t="s"><v>27</v></c><c r="O40" s="44"/><c r="P40" s="44"/><c r="Q40" s="44"/><c r="R40" s="44"/><c r="S40" s="44"/><c r="T40" s="10"/><c r="U40" s="44" t="s"><v>28</v></c><c r="V40" s="44"/><c r="W40" s="44"/><c r="X40" s="44"/><c r="Y40" s="44"/><c r="Z40" s="44"/><c r="AA40" s="44"/><c r="AB40" s="44"/><c r="AC40" s="44"/><c r="AD40" s="44"/><c r="AE40" s="44"/><c r="AF40" s="44"/><c r="AG40" s="44"/><c r="AH40" s="34"/><c r="AI40" s="44"/><c r="AJ40" s="44"/><c r="AK40" s="44"/><c r="AL40" s="44"/><c r="AM40" s="44"/><c r="AN40" s="44"/><c r="AO40" s="34"/><c r="AP40" s="44"/><c r="AQ40" s="44"/><c r="AR40" s="44"/><c r="AS40" s="44"/><c r="AT40" s="44"/><c r="AU40" s="44"/><c r="AV40" s="44"/><c r="AW40" s="44"/><c r="AX40" s="44"/><c r="AY40" s="44"/><c r="AZ40" s="44"/><c r="BA40" s="44"/></row><row r="41" spans="1:54" ht="16.5" customHeight="1" x14ac:dyDescent="0.25"><c r="A41" s="50" t="s"><v>29</v></c><c r="B41" s="50"/><c r="C41" s="50"/><c r="D41" s="50"/><c r="E41" s="50"/><c r="F41" s="50"/><c r="G41" s="50"/><c r="H41" s="50"/><c r="I41" s="50"/><c r="J41" s="50"/><c r="K41" s="50"/><c r="L41" s="50"/><c r="M41" s="50"/><c r="N41" s="28"/><c r="O41" s="29"/><c r="P41" s="29"/><c r="Q41" s="29"/><c r="R41" s="29"/><c r="S41" s="30"/><c r="T41" s="7"/><c r="U41" s="28"/><c r="V41" s="29"/><c r="W41" s="29"/><c r="X41" s="29"/><c r="Y41" s="29"/><c r="Z41" s="29"/><c r="AA41" s="29"/><c r="AB41" s="29"/><c r="AC41" s="29"/><c r="AD41" s="29"/><c r="AE41" s="29"/><c r="AF41" s="29"/><c r="AG41" s="30"/><c r="AH41" s="8"/><c r="AI41" s="28"/><c r="AJ41" s="29"/><c r="AK41" s="29"/><c r="AL41" s="29"/><c r="AM41" s="29"/><c r="AN41" s="30"/><c r="AO41" s="13"/><c r="AP41" s="28"/><c r="AQ41" s="29"/><c r="AR41" s="29"/><c r="AS41" s="29"/><c r="AT41" s="29"/><c r="AU41" s="29"/><c r="AV41" s="29"/><c r="AW41" s="29"/><c r="AX41" s="29"/><c r="AY41" s="29"/><c r="AZ41" s="29"/><c r="BA41" s="30"/><c r="BB41" s="6"/></row><row r="42" spans="1:54" s="11" customFormat="1" ht="14.25" customHeight="1" x14ac:dyDescent="0.25"><c r="A42" s="50"/><c r="B42" s="50"/><c r="C42" s="50"/><c r="D42" s="50"/><c r="E42" s="50"/><c r="F42" s="50"/><c r="G42" s="50"/><c r="H42" s="50"/><c r="I42" s="50"/><c r="J42" s="50"/><c r="K42" s="50"/><c r="L42" s="50"/><c r="M42" s="50"/><c r="N42" s="34" t="s"><v>30</v></c><c r="O42" s="34"/><c r="P42" s="34"/><c r="Q42" s="34"/><c r="R42" s="34"/><c r="S42" s="34"/><c r="T42" s="10"/><c r="U42" s="34" t="s"><v>31</v></c><c r="V42" s="34"/><c r="W42" s="34"/><c r="X42" s="34"/><c r="Y42" s="34"/><c r="Z42" s="34"/><c r="AA42" s="34"/><c r="AB42" s="34"/><c r="AC42" s="34"/><c r="AD42" s="34"/><c r="AE42" s="34"/><c r="AF42" s="34"/><c r="AG42" s="34"/><c r="AI42" s="34" t="s"><v>30</v></c><c r="AJ42" s="34"/><c r="AK42" s="34"/><c r="AL42" s="34"/><c r="AM42" s="34"/><c r="AN42" s="34"/><c r="AP42" s="34" t="s"><v>31</v></c><c r="AQ42" s="34"/><c r="AR42" s="34"/><c r="AS42" s="34"/><c r="AT42" s="34"/><c r="AU42" s="34"/><c r="AV42" s="34"/><c r="AW42" s="34"/><c r="AX42" s="34"/><c r="AY42" s="34"/><c r="AZ42" s="34"/><c r="BA42" s="34"/><c r="BB42" s="10"/></row><row r="43" spans="1:54" ht="16.5" customHeight="1" x14ac:dyDescent="0.25"><c r="A43" s="5" t="s"><v>36</v></c><c r="N43" s="28"/><c r="O43" s="29"/><c r="P43" s="29"/><c r="Q43" s="29"/><c r="R43" s="29"/><c r="S43" s="30"/><c r="T43" s="6"/><c r="U43" s="28"/><c r="V43" s="29"/><c r="W43" s="29"/><c r="X43" s="29"/><c r="Y43" s="29"/><c r="Z43" s="29"/><c r="AA43" s="29"/><c r="AB43" s="29"/><c r="AC43" s="29"/><c r="AD43" s="29"/><c r="AE43" s="29"/><c r="AF43" s="29"/><c r="AG43" s="29"/><c r="AH43" s="29"/><c r="AI43" s="29"/><c r="AJ43" s="29"/><c r="AK43" s="30"/><c r="AL43" s="6"/><c r="AM43" s="28"/><c r="AN43" s="29"/><c r="AO43" s="29"/><c r="AP43" s="29"/><c r="AQ43" s="29"/><c r="AR43" s="29"/><c r="AS43" s="29"/><c r="AT43" s="29"/><c r="AU43" s="29"/><c r="AV43" s="29"/><c r="AW43" s="29"/><c r="AX43" s="29"/><c r="AY43" s="29"/><c r="AZ43" s="29"/><c r="BA43" s="30"/><c r="BB43" s="14"/></row><row r="44" spans="1:54" s="11" customFormat="1" ht="10.5" customHeight="1" x14ac:dyDescent="0.25"><c r="N44" s="34" t="s"><v>32</v></c><c r="O44" s="34"/><c r="P44" s="34"/><c r="Q44" s="34"/><c r="R44" s="34"/><c r="S44" s="34"/><c r="T44" s="10"/><c r="U44" s="32" t="s"><v>33</v></c><c r="V44" s="32"/><c r="W44" s="32"/><c r="X44" s="32"/><c r="Y44" s="32"/><c r="Z44" s="32"/><c r="AA44" s="32"/><c r="AB44" s="32"/><c r="AC44" s="32"/><c r="AD44" s="32"/><c r="AE44" s="32"/><c r="AF44" s="32"/><c r="AG44" s="32"/><c r="AH44" s="32"/><c r="AI44" s="32"/><c r="AJ44" s="32"/><c r="AK44" s="32"/><c r="AM44" s="33" t="s"><v>34</v></c><c r="AN44" s="33"/><c r="AO44" s="33"/><c r="AP44" s="33"/><c r="AQ44" s="33"/><c r="AR44" s="33"/><c r="AS44" s="33"/><c r="AT44" s="33"/><c r="AU44" s="33"/><c r="AV44" s="33"/><c r="AW44" s="33"/><c r="AX44" s="33"/><c r="AY44" s="33"/><c r="AZ44" s="33"/><c r="BA44" s="33"/></row><row r="45" spans="1:54" ht="16.5" customHeight="1" x14ac:dyDescent="0.25"><c r="N45" s="28"/><c r="O45" s="29"/><c r="P45" s="29"/><c r="Q45" s="29"/><c r="R45" s="29"/><c r="S45" s="29"/><c r="T45" s="29"/><c r="U45" s="29"/><c r="V45" s="29"/><c r="W45" s="29"/><c r="X45" s="29"/><c r="Y45" s="29"/><c r="Z45" s="29"/><c r="AA45" s="29"/><c r="AB45" s="29"/><c r="AC45" s="29"/><c r="AD45" s="29"/><c r="AE45" s="29"/><c r="AF45" s="29"/><c r="AG45" s="29"/><c r="AH45" s="29"/><c r="AI45" s="29"/><c r="AJ45" s="29"/><c r="AK45" s="29"/><c r="AL45" s="29"/><c r="AM45" s="29"/><c r="AN45" s="29"/><c r="AO45" s="29"/><c r="AP45" s="29"/><c r="AQ45" s="29"/><c r="AR45" s="29"/><c r="AS45" s="29"/><c r="AT45" s="29"/><c r="AU45" s="29"/><c r="AV45" s="29"/><c r="AW45" s="29"/><c r="AX45" s="29"/><c r="AY45" s="29"/><c r="AZ45" s="29"/><c r="BA45" s="30"/></row><row r="46" spans="1:54" s="11" customFormat="1" ht="10.5" customHeight="1" x14ac:dyDescent="0.25"><c r="N46" s="34" t="s"><v>35</v></c><c r="O46" s="34"/><c r="P46" s="34"/><c r="Q46" s="34"/><c r="R46" s="34"/><c r="S46" s="34"/><c r="T46" s="34"/><c r="U46" s="34"/><c r="V46" s="34"/><c r="W46" s="34"/><c r="X46" s="34"/><c r="Y46" s="34"/><c r="Z46" s="34"/><c r="AA46" s="34"/><c r="AB46" s="34"/><c r="AC46" s="34"/><c r="AD46" s="34"/><c r="AE46" s="34"/><c r="AF46" s="34"/><c r="AG46" s="34"/><c r="AH46" s="34"/><c r="AI46" s="34"/><c r="AJ46" s="34"/><c r="AK46" s="34"/><c r="AL46" s="34"/><c r="AM46" s="34"/><c r="AN46" s="34"/><c r="AO46" s="34"/><c r="AP46" s="34"/><c r="AQ46" s="34"/><c r="AR46" s="34"/><c r="AS46" s="34"/><c r="AT46" s="34"/><c r="AU46" s="34"/><c r="AV46" s="34"/><c r="AW46" s="34"/><c r="AX46" s="34"/><c r="AY46" s="34"/><c r="AZ46" s="34"/><c r="BA46" s="34"/></row><row r="47" spans="1:54" ht="16.5" customHeight="1" x14ac:dyDescent="0.25"><c r="A47" s="27" t="s"><v>37</v></c><c r="B47" s="27"/><c r="C47" s="27"/><c r="D47" s="27"/><c r="E47" s="27"/><c r="F47" s="27"/><c r="G47" s="27"/><c r="H47" s="27"/><c r="I47" s="27"/><c r="J47" s="27"/><c r="K47" s="27"/><c r="L47" s="27"/><c r="M47" s="27"/><c r="N47" s="28"/><c r="O47" s="29"/><c r="P47" s="29"/><c r="Q47" s="29"/><c r="R47" s="29"/><c r="S47" s="30"/><c r="T47" s="6"/><c r="U47" s="28"/><c r="V47" s="29"/><c r="W47" s="29"/><c r="X47" s="29"/><c r="Y47" s="29"/><c r="Z47" s="29"/><c r="AA47" s="29"/><c r="AB47" s="30"/><c r="AC47" s="6"/><c r="AD47" s="28"/><c r="AE47" s="29"/><c r="AF47" s="29"/><c r="AG47" s="29"/><c r="AH47" s="29"/><c r="AI47" s="29"/><c r="AJ47" s="29"/><c r="AK47" s="30"/><c r="AL47" s="6"/><c r="AM47" s="28"/><c r="AN47" s="29"/><c r="AO47" s="29"/><c r="AP47" s="29"/><c r="AQ47" s="29"/><c r="AR47" s="29"/><c r="AS47" s="29"/><c r="AT47" s="29"/><c r="AU47" s="29"/><c r="AV47" s="29"/><c r="AW47" s="29"/><c r="AX47" s="29"/><c r="AY47" s="29"/><c r="AZ47" s="29"/><c r="BA47" s="30"/></row><row r="48" spans="1:54" s="11" customFormat="1" ht="10.5" customHeight="1" x14ac:dyDescent="0.25"><c r="A48" s="27"/><c r="B48" s="27"/><c r="C48" s="27"/><c r="D48" s="27"/><c r="E48" s="27"/><c r="F48" s="27"/><c r="G48" s="27"/><c r="H48" s="27"/><c r="I48" s="27"/><c r="J48" s="27"/><c r="K48" s="27"/><c r="L48" s="27"/><c r="M48" s="27"/><c r="N48" s="34" t="s"><v>32</v></c><c r="O48" s="34"/><c r="P48" s="34"/><c r="Q48" s="34"/><c r="R48" s="34"/><c r="S48" s="34"/><c r="T48" s="10"/><c r="U48" s="24" t="s"><v>33</v></c><c r="V48" s="24"/><c r="W48" s="24"/><c r="X48" s="24"/><c r="Y48" s="24"/><c r="Z48" s="24"/><c r="AA48" s="24"/><c r="AB48" s="24"/><c r="AD48" s="31" t="s"><v>85</v></c><c r="AE48" s="31"/><c r="AF48" s="31"/><c r="AG48" s="31"/><c r="AH48" s="31"/><c r="AI48" s="31"/><c r="AJ48" s="31"/><c r="AK48" s="31"/><c r="AM48" s="31" t="s"><v>34</v></c><c r="AN48" s="31"/><c r="AO48" s="31"/><c r="AP48" s="31"/><c r="AQ48" s="31"/><c r="AR48" s="31"/><c r="AS48" s="31"/><c r="AT48" s="31"/><c r="AU48" s="31"/><c r="AV48" s="31"/><c r="AW48" s="31"/><c r="AX48" s="31"/><c r="AY48" s="31"/><c r="AZ48" s="31"/><c r="BA48" s="31"/></row><row r="49" spans="1:53" ht="16.5" customHeight="1" x14ac:dyDescent="0.25"><c r="A49" s="27" t="s"><v>38</v></c><c r="B49" s="27"/><c r="C49" s="27"/><c r="D49" s="27"/><c r="E49" s="27"/><c r="F49" s="27"/><c r="G49" s="27"/><c r="H49" s="27"/><c r="I49" s="27"/><c r="J49" s="27"/><c r="K49" s="27"/><c r="L49" s="27"/><c r="M49" s="27"/><c r="N49" s="28"/><c r="O49" s="29"/><c r="P49" s="29"/><c r="Q49" s="29"/><c r="R49" s="29"/><c r="S49" s="29"/><c r="T49" s="29"/><c r="U49" s="29"/><c r="V49" s="29"/><c r="W49" s="29"/><c r="X49" s="29"/><c r="Y49" s="29"/><c r="Z49" s="29"/><c r="AA49" s="29"/><c r="AB49" s="29"/><c r="AC49" s="29"/><c r="AD49" s="29"/><c r="AE49" s="29"/><c r="AF49" s="29"/><c r="AG49" s="29"/><c r="AH49" s="29"/><c r="AI49" s="29"/><c r="AJ49" s="29"/><c r="AK49" s="30"/><c r="AL49" s="6"/><c r="AM49" s="28"/><c r="AN49" s="29"/><c r="AO49" s="29"/><c r="AP49" s="29"/><c r="AQ49" s="29"/><c r="AR49" s="29"/><c r="AS49" s="29"/><c r="AT49" s="29"/><c r="AU49" s="29"/><c r="AV49" s="29"/><c r="AW49" s="29"/><c r="AX49" s="29"/><c r="AY49" s="29"/><c r="AZ49" s="29"/><c r="BA49" s="30"/></row><row r="50" spans="1:53" s="11" customFormat="1" ht="10.5" customHeight="1" x14ac:dyDescent="0.25"><c r="A50" s="27"/><c r="B50" s="27"/><c r="C50" s="27"/><c r="D50" s="27"/><c r="E50" s="27"/><c r="F50" s="27"/><c r="G50" s="27"/><c r="H50" s="27"/><c r="I50" s="27"/><c r="J50" s="27"/><c r="K50" s="27"/><c r="L50" s="27"/><c r="M50" s="27"/><c r="N50" s="32" t="s"><v>40</v></c><c r="O50" s="32"/><c r="P50" s="32"/><c r="Q50" s="32"/><c r="R50" s="32"/><c r="S50" s="32"/><c r="T50" s="32"/><c r="U50" s="32"/><c r="V50" s="32"/><c r="W50" s="32"/><c r="X50" s="32"/><c r="Y50" s="32"/><c r="Z50" s="32"/><c r="AA50" s="32"/><c r="AB50" s="32"/><c r="AC50" s="32"/><c r="AD50" s="32"/><c r="AE50" s="32"/><c r="AF50" s="32"/><c r="AG50" s="32"/><c r="AH50" s="32"/><c r="AI50" s="32"/><c r="AJ50" s="32"/><c r="AK50" s="32"/><c r="AM50" s="31" t="s"><v>39</v></c><c r="AN50" s="31"/><c r="AO50" s="31"/><c r="AP50" s="31"/><c r="AQ50" s="31"/><c r="AR50" s="31"/><c r="AS50" s="31"/><c r="AT50" s="31"/><c r="AU50" s="31"/><c r="AV50" s="31"/><c r="AW50" s="31"/><c r="AX50" s="31"/><c r="AY50" s="31"/><c r="AZ50" s="31"/><c r="BA50" s="31"/></row><row r="51" spans="1:53" ht="16.5" customHeight="1" x14ac:dyDescent="0.25"><c r="A51" s="27"/><c r="B51" s="27"/><c r="C51" s="27"/><c r="D51" s="27"/><c r="E51" s="27"/><c r="F51" s="27"/><c r="G51" s="27"/><c r="H51" s="27"/><c r="I51" s="27"/><c r="J51" s="27"/><c r="K51" s="27"/><c r="L51" s="27"/><c r="M51" s="27"/><c r="N51" s="28"/><c r="O51" s="29"/><c r="P51" s="29"/><c r="Q51" s="29"/><c r="R51" s="29"/><c r="S51" s="29"/><c r="T51" s="29"/><c r="U51" s="29"/><c r="V51" s="29"/><c r="W51" s="29"/><c r="X51" s="29"/><c r="Y51" s="29"/><c r="Z51" s="29"/><c r="AA51" s="29"/><c r="AB51" s="29"/><c r="AC51" s="29"/><c r="AD51" s="29"/><c r="AE51" s="29"/><c r="AF51" s="29"/><c r="AG51" s="29"/><c r="AH51" s="29"/><c r="AI51" s="29"/><c r="AJ51" s="29"/><c r="AK51" s="30"/><c r="AL51" s="6"/><c r="AM51" s="28"/><c r="AN51" s="29"/><c r="AO51" s="29"/><c r="AP51" s="29"/><c r="AQ51" s="29"/><c r="AR51" s="29"/><c r="AS51" s="29"/><c r="AT51" s="29"/><c r="AU51" s="29"/><c r="AV51" s="29"/><c r="AW51" s="29"/><c r="AX51" s="29"/><c r="AY51" s="29"/><c r="AZ51" s="29"/><c r="BA51" s="30"/></row><row r="52" spans="1:53" s="11" customFormat="1" ht="10.5" customHeight="1" x14ac:dyDescent="0.25"><c r="N52" s="32" t="s"><v>41</v></c><c r="O52" s="32"/><c r="P52" s="32"/><c r="Q52" s="32"/><c r="R52" s="32"/><c r="S52" s="32"/><c r="T52" s="32"/><c r="U52" s="32"/><c r="V52" s="32"/><c r="W52" s="32"/><c r="X52" s="32"/><c r="Y52" s="32"/><c r="Z52" s="32"/><c r="AA52" s="32"/><c r="AB52" s="32"/><c r="AC52" s="32"/><c r="AD52" s="32"/><c r="AE52" s="32"/><c r="AF52" s="32"/><c r="AG52" s="32"/><c r="AH52" s="24"/><c r="AI52" s="32"/><c r="AJ52" s="32"/><c r="AK52" s="32"/><c r="AM52" s="31" t="s"><v>42</v></c><c r="AN52" s="31"/><c r="AO52" s="31"/><c r="AP52" s="31"/><c r="AQ52" s="31"/><c r="AR52" s="31"/><c r="AS52" s="31"/><c r="AT52" s="31"/><c r="AU52" s="31"/><c r="AV52" s="31"/><c r="AW52" s="31"/><c r="AX52" s="31"/><c r="AY52" s="31"/><c r="AZ52" s="31"/><c r="BA52" s="31"/></row><row r="53" spans="1:53" ht="16.5" customHeight="1" x14ac:dyDescent="0.25"><c r="A53" s="5" t="s"><v>43</v></c><c r="N53" s="28"/><c r="O53" s="29"/><c r="P53" s="29"/><c r="Q53" s="29"/><c r="R53" s="29"/><c r="S53" s="29"/><c r="T53" s="29"/><c r="U53" s="29"/><c r="V53" s="29"/><c r="W53" s="29"/><c r="X53" s="29"/><c r="Y53" s="29"/><c r="Z53" s="29"/><c r="AA53" s="29"/><c r="AB53" s="29"/><c r="AC53" s="29"/><c r="AD53" s="29"/><c r="AE53" s="29"/><c r="AF53" s="29"/><c r="AG53" s="30"/><c r="AH53" s="13"/><c r="AI53" s="28"/><c r="AJ53" s="29"/><c r="AK53" s="29"/><c r="AL53" s="29"/><c r="AM53" s="29"/><c r="AN53" s="29"/><c r="AO53" s="29"/><c r="AP53" s="29"/><c r="AQ53" s="29"/><c r="AR53" s="29"/><c r="AS53" s="29"/><c r="AT53" s="29"/><c r="AU53" s="29"/><c r="AV53" s="29"/><c r="AW53" s="29"/><c r="AX53" s="29"/><c r="AY53" s="29"/><c r="AZ53" s="29"/><c r="BA53" s="30"/></row><row r="54" spans="1:53" s="11" customFormat="1" ht="10.5" customHeight="1" x14ac:dyDescent="0.25"><c r="N54" s="24" t="s"><v>44</v></c><c r="O54" s="24"/><c r="P54" s="24"/><c r="Q54" s="24"/><c r="R54" s="24"/><c r="S54" s="24"/><c r="T54" s="24"/><c r="U54" s="24"/><c r="V54" s="24"/><c r="W54" s="24"/><c r="X54" s="24"/><c r="Y54" s="24"/><c r="Z54" s="24"/><c r="AA54" s="24"/><c r="AB54" s="24"/><c r="AC54" s="24"/><c r="AD54" s="24"/><c r="AE54" s="24"/><c r="AF54" s="24"/><c r="AG54" s="24"/><c r="AI54" s="25" t="s"><v>45</v></c><c r="AJ54" s="25"/><c r="AK54" s="25"/><c r="AL54" s="25"/><c r="AM54" s="25"/><c r="AN54" s="25"/><c r="AO54" s="25"/><c r="AP54" s="25"/><c r="AQ54" s="25"/><c r="AR54" s="25"/><c r="AS54" s="25"/><c r="AT54" s="25"/><c r="AU54" s="25"/><c r="AV54" s="25"/><c r="AW54" s="25"/><c r="AX54" s="25"/><c r="AY54" s="25"/><c r="AZ54" s="25"/><c r="BA54" s="25"/></row><row r="55" spans="1:53" s="11" customFormat="1" ht="2.25" customHeight="1" x14ac:dyDescent="0.25"><c r="N55" s="10"/><c r="O55" s="10"/><c r="P55" s="10"/><c r="Q55" s="10"/><c r="R55" s="10"/><c r="S55" s="10"/><c r="T55" s="10"/><c r="U55" s="10"/><c r="V55" s="10"/><c r="W55" s="10"/><c r="X55" s="10"/><c r="Y55" s="10"/><c r="Z55" s="10"/><c r="AA55" s="10"/></row></sheetData><mergeCells count="92"><mergeCell ref="A1:BA1"/><mergeCell ref="A5:BA5"/><mergeCell ref="A6:BA6"/><mergeCell ref="A7:BA7"/><mergeCell ref="N38:S38"/><mergeCell ref="U38:BA38"/><mergeCell ref="A8:BA8"/><mergeCell ref="J9:V9"/><mergeCell ref="J10:V10"/><mergeCell ref="J11:V11"/><mergeCell ref="A41:M42"/><mergeCell ref="AI41:AN41"/><mergeCell ref="AI42:AN42"/><mergeCell ref="AP41:BA41"/><mergeCell ref="AP42:BA42"/><mergeCell ref="AO28:BA28"/><mergeCell ref="N37:S37"/><mergeCell ref="U37:BA37"/><mergeCell ref="N36:S36"/><mergeCell ref="N33:S33"/><mergeCell ref="AP11:BA11"/><mergeCell ref="AP9:BA9"/><mergeCell ref="AP10:BA10"/><mergeCell ref="U36:BA36"/><mergeCell ref="A12:BA12"/><mergeCell ref="N13:BA13"/><mergeCell ref="N15:BA15"/><mergeCell ref="N17:BA17"/><mergeCell ref="N21:BA21"/><mergeCell ref="AC27:AM27"/><mergeCell ref="AO25:BA25"/><mergeCell ref="N35:S35"/><mergeCell ref="U35:BA35"/><mergeCell ref="AB28:AN28"/><mergeCell ref="N32:AA32"/><mergeCell ref="N34:S34"/><mergeCell ref="U33:BA33"/><mergeCell ref="U34:BA34"/><mergeCell ref="N52:AK52"/><mergeCell ref="AM52:BA52"/><mergeCell ref="N53:AG53"/><mergeCell ref="AI53:BA53"/><mergeCell ref="N41:S41"/><mergeCell ref="AD47:AK47"/><mergeCell ref="N45:BA45"/><mergeCell ref="N39:S39"/><mergeCell ref="U39:BA39"/><mergeCell ref="N40:S40"/><mergeCell ref="U40:BA40"/><mergeCell ref="N42:S42"/><mergeCell ref="U41:AG41"/><mergeCell ref="U42:AG42"/><mergeCell ref="N19:AA19"/><mergeCell ref="N23:AA23"/><mergeCell ref="N24:AA24"/><mergeCell ref="N28:AA28"/><mergeCell ref="N25:AA27"/><mergeCell ref="AI29:BA29"/><mergeCell ref="AO27:BA27"/><mergeCell ref="AC26:AM26"/><mergeCell ref="AO26:BA26"/><mergeCell ref="AC25:AM25"/><mergeCell ref="AI30:BA30"/><mergeCell ref="N31:AA31"/><mergeCell ref="N29:AG29"/><mergeCell ref="N30:AG30"/><mergeCell ref="A47:M48"/><mergeCell ref="N47:S47"/><mergeCell ref="N48:S48"/><mergeCell ref="AM47:BA47"/><mergeCell ref="AM48:BA48"/><mergeCell ref="U47:AB47"/><mergeCell ref="U48:AB48"/><mergeCell ref="AD48:AK48"/><mergeCell ref="AM51:BA51"/><mergeCell ref="AM43:BA43"/><mergeCell ref="AM44:BA44"/><mergeCell ref="N46:BA46"/><mergeCell ref="N43:S43"/><mergeCell ref="N44:S44"/><mergeCell ref="U43:AK43"/><mergeCell ref="U44:AK44"/><mergeCell ref="N54:AG54"/><mergeCell ref="AI54:BA54"/><mergeCell ref="A9:I11"/><mergeCell ref="AF9:AO11"/><mergeCell ref="A49:M51"/><mergeCell ref="AM49:BA49"/><mergeCell ref="AM50:BA50"/><mergeCell ref="N49:AK49"/><mergeCell ref="N50:AK50"/><mergeCell ref="N51:AK51"/></mergeCells><phoneticPr fontId="2" type="noConversion"/><pageMargins left="0.59055118110236227" right="0.59055118110236227" top="0.39370078740157483" bottom="0.39370078740157483" header="0.51181102362204722" footer="0.51181102362204722"/><pageSetup paperSize="9" orientation="portrait" r:id="rId1"/><headerFooter alignWithMargins="0"/></worksheet>