<?xml version="1.0" encoding="UTF-8" standalone="yes"?>
<w:footnotes xmlns:wpc="http://schemas.microsoft.com/office/word/2010/wordprocessingCanvas" xmlns:mc="http://schemas.openxmlformats.org/markup-compatibility/2006" xmlns:o="urn:schemas-microsoft-com:office:office" xmlns:r="http://schemas.openxmlformats.org/officeDocument/2006/relationships" xmlns:m="http://schemas.openxmlformats.org/officeDocument/2006/math" xmlns:v="urn:schemas-microsoft-com:vml" xmlns:wp14="http://schemas.microsoft.com/office/word/2010/wordprocessingDrawing" xmlns:wp="http://schemas.openxmlformats.org/drawingml/2006/wordprocessingDrawing" xmlns:w10="urn:schemas-microsoft-com:office:word" xmlns:w="http://schemas.openxmlformats.org/wordprocessingml/2006/main" xmlns:w14="http://schemas.microsoft.com/office/word/2010/wordml" xmlns:wpg="http://schemas.microsoft.com/office/word/2010/wordprocessingGroup" xmlns:wpi="http://schemas.microsoft.com/office/word/2010/wordprocessingInk" xmlns:wne="http://schemas.microsoft.com/office/word/2006/wordml" xmlns:wps="http://schemas.microsoft.com/office/word/2010/wordprocessingShape" mc:Ignorable="w14 wp14"><w:footnote w:type="separator" w:id="-1"><w:p w14:paraId="21A6784C" w14:textId="77777777" w:rsidR="00D441BD" w:rsidRDefault="00D441BD"><w:r><w:separator/></w:r></w:p></w:footnote><w:footnote w:type="continuationSeparator" w:id="0"><w:p w14:paraId="63583034" w14:textId="77777777" w:rsidR="00D441BD" w:rsidRDefault="00D441BD"><w:r><w:continuationSeparator/></w:r></w:p></w:footnote></w:footnotes>