<?xml version="1.0" encoding="UTF-8" standalone="yes"?>
<w:numbering xmlns:wpc="http://schemas.microsoft.com/office/word/2010/wordprocessingCanvas" xmlns:cx="http://schemas.microsoft.com/office/drawing/2014/chartex" xmlns:cx1="http://schemas.microsoft.com/office/drawing/2015/9/8/chartex" xmlns:mc="http://schemas.openxmlformats.org/markup-compatibility/2006" xmlns:o="urn:schemas-microsoft-com:office:office" xmlns:r="http://schemas.openxmlformats.org/officeDocument/2006/relationships" xmlns:m="http://schemas.openxmlformats.org/officeDocument/2006/math" xmlns:v="urn:schemas-microsoft-com:vml" xmlns:wp14="http://schemas.microsoft.com/office/word/2010/wordprocessingDrawing" xmlns:wp="http://schemas.openxmlformats.org/drawingml/2006/wordprocessingDrawing" xmlns:w10="urn:schemas-microsoft-com:office:word" xmlns:w="http://schemas.openxmlformats.org/wordprocessingml/2006/main" xmlns:w14="http://schemas.microsoft.com/office/word/2010/wordml" xmlns:w15="http://schemas.microsoft.com/office/word/2012/wordml" xmlns:w16se="http://schemas.microsoft.com/office/word/2015/wordml/symex" xmlns:wpg="http://schemas.microsoft.com/office/word/2010/wordprocessingGroup" xmlns:wpi="http://schemas.microsoft.com/office/word/2010/wordprocessingInk" xmlns:wne="http://schemas.microsoft.com/office/word/2006/wordml" xmlns:wps="http://schemas.microsoft.com/office/word/2010/wordprocessingShape" mc:Ignorable="w14 w15 w16se wp14"><w:abstractNum w:abstractNumId="0" w15:restartNumberingAfterBreak="0"><w:nsid w:val="033F2B98"/><w:multiLevelType w:val="hybridMultilevel"/><w:tmpl w:val="617C6202"/><w:lvl w:ilvl="0" w:tplc="59102946"><w:start w:val="1"/><w:numFmt w:val="decimal"/><w:lvlText w:val="%1"/><w:lvlJc w:val="left"/><w:pPr><w:ind w:left="1311"/></w:pPr><w:rPr><w:rFonts w:ascii="Calibri" w:eastAsia="Calibri" w:hAnsi="Calibri" w:cs="Calibri"/><w:b w:val="0"/><w:i w:val="0"/><w:strike w:val="0"/><w:dstrike w:val="0"/><w:color w:val="000000"/><w:sz w:val="16"/><w:szCs w:val="16"/><w:u w:val="none" w:color="000000"/><w:bdr w:val="none" w:sz="0" w:space="0" w:color="auto"/><w:shd w:val="clear" w:color="auto" w:fill="auto"/><w:vertAlign w:val="baseline"/></w:rPr></w:lvl><w:lvl w:ilvl="1" w:tplc="DF30CFA8"><w:start w:val="1"/><w:numFmt w:val="lowerLetter"/><w:lvlText w:val="%2"/><w:lvlJc w:val="left"/><w:pPr><w:ind w:left="1396"/></w:pPr><w:rPr><w:rFonts w:ascii="Calibri" w:eastAsia="Calibri" w:hAnsi="Calibri" w:cs="Calibri"/><w:b w:val="0"/><w:i w:val="0"/><w:strike w:val="0"/><w:dstrike w:val="0"/><w:color w:val="000000"/><w:sz w:val="16"/><w:szCs w:val="16"/><w:u w:val="none" w:color="000000"/><w:bdr w:val="none" w:sz="0" w:space="0" w:color="auto"/><w:shd w:val="clear" w:color="auto" w:fill="auto"/><w:vertAlign w:val="baseline"/></w:rPr></w:lvl><w:lvl w:ilvl="2" w:tplc="F126DF00"><w:start w:val="1"/><w:numFmt w:val="lowerRoman"/><w:lvlText w:val="%3"/><w:lvlJc w:val="left"/><w:pPr><w:ind w:left="2116"/></w:pPr><w:rPr><w:rFonts w:ascii="Calibri" w:eastAsia="Calibri" w:hAnsi="Calibri" w:cs="Calibri"/><w:b w:val="0"/><w:i w:val="0"/><w:strike w:val="0"/><w:dstrike w:val="0"/><w:color w:val="000000"/><w:sz w:val="16"/><w:szCs w:val="16"/><w:u w:val="none" w:color="000000"/><w:bdr w:val="none" w:sz="0" w:space="0" w:color="auto"/><w:shd w:val="clear" w:color="auto" w:fill="auto"/><w:vertAlign w:val="baseline"/></w:rPr></w:lvl><w:lvl w:ilvl="3" w:tplc="7CAA1816"><w:start w:val="1"/><w:numFmt w:val="decimal"/><w:lvlText w:val="%4"/><w:lvlJc w:val="left"/><w:pPr><w:ind w:left="2836"/></w:pPr><w:rPr><w:rFonts w:ascii="Calibri" w:eastAsia="Calibri" w:hAnsi="Calibri" w:cs="Calibri"/><w:b w:val="0"/><w:i w:val="0"/><w:strike w:val="0"/><w:dstrike w:val="0"/><w:color w:val="000000"/><w:sz w:val="16"/><w:szCs w:val="16"/><w:u w:val="none" w:color="000000"/><w:bdr w:val="none" w:sz="0" w:space="0" w:color="auto"/><w:shd w:val="clear" w:color="auto" w:fill="auto"/><w:vertAlign w:val="baseline"/></w:rPr></w:lvl><w:lvl w:ilvl="4" w:tplc="44247676"><w:start w:val="1"/><w:numFmt w:val="lowerLetter"/><w:lvlText w:val="%5"/><w:lvlJc w:val="left"/><w:pPr><w:ind w:left="3556"/></w:pPr><w:rPr><w:rFonts w:ascii="Calibri" w:eastAsia="Calibri" w:hAnsi="Calibri" w:cs="Calibri"/><w:b w:val="0"/><w:i w:val="0"/><w:strike w:val="0"/><w:dstrike w:val="0"/><w:color w:val="000000"/><w:sz w:val="16"/><w:szCs w:val="16"/><w:u w:val="none" w:color="000000"/><w:bdr w:val="none" w:sz="0" w:space="0" w:color="auto"/><w:shd w:val="clear" w:color="auto" w:fill="auto"/><w:vertAlign w:val="baseline"/></w:rPr></w:lvl><w:lvl w:ilvl="5" w:tplc="20E2D664"><w:start w:val="1"/><w:numFmt w:val="lowerRoman"/><w:lvlText w:val="%6"/><w:lvlJc w:val="left"/><w:pPr><w:ind w:left="4276"/></w:pPr><w:rPr><w:rFonts w:ascii="Calibri" w:eastAsia="Calibri" w:hAnsi="Calibri" w:cs="Calibri"/><w:b w:val="0"/><w:i w:val="0"/><w:strike w:val="0"/><w:dstrike w:val="0"/><w:color w:val="000000"/><w:sz w:val="16"/><w:szCs w:val="16"/><w:u w:val="none" w:color="000000"/><w:bdr w:val="none" w:sz="0" w:space="0" w:color="auto"/><w:shd w:val="clear" w:color="auto" w:fill="auto"/><w:vertAlign w:val="baseline"/></w:rPr></w:lvl><w:lvl w:ilvl="6" w:tplc="65BA14D2"><w:start w:val="1"/><w:numFmt w:val="decimal"/><w:lvlText w:val="%7"/><w:lvlJc w:val="left"/><w:pPr><w:ind w:left="4996"/></w:pPr><w:rPr><w:rFonts w:ascii="Calibri" w:eastAsia="Calibri" w:hAnsi="Calibri" w:cs="Calibri"/><w:b w:val="0"/><w:i w:val="0"/><w:strike w:val="0"/><w:dstrike w:val="0"/><w:color w:val="000000"/><w:sz w:val="16"/><w:szCs w:val="16"/><w:u w:val="none" w:color="000000"/><w:bdr w:val="none" w:sz="0" w:space="0" w:color="auto"/><w:shd w:val="clear" w:color="auto" w:fill="auto"/><w:vertAlign w:val="baseline"/></w:rPr></w:lvl><w:lvl w:ilvl="7" w:tplc="10108404"><w:start w:val="1"/><w:numFmt w:val="lowerLetter"/><w:lvlText w:val="%8"/><w:lvlJc w:val="left"/><w:pPr><w:ind w:left="5716"/></w:pPr><w:rPr><w:rFonts w:ascii="Calibri" w:eastAsia="Calibri" w:hAnsi="Calibri" w:cs="Calibri"/><w:b w:val="0"/><w:i w:val="0"/><w:strike w:val="0"/><w:dstrike w:val="0"/><w:color w:val="000000"/><w:sz w:val="16"/><w:szCs w:val="16"/><w:u w:val="none" w:color="000000"/><w:bdr w:val="none" w:sz="0" w:space="0" w:color="auto"/><w:shd w:val="clear" w:color="auto" w:fill="auto"/><w:vertAlign w:val="baseline"/></w:rPr></w:lvl><w:lvl w:ilvl="8" w:tplc="05F27EB4"><w:start w:val="1"/><w:numFmt w:val="lowerRoman"/><w:lvlText w:val="%9"/><w:lvlJc w:val="left"/><w:pPr><w:ind w:left="6436"/></w:pPr><w:rPr><w:rFonts w:ascii="Calibri" w:eastAsia="Calibri" w:hAnsi="Calibri" w:cs="Calibri"/><w:b w:val="0"/><w:i w:val="0"/><w:strike w:val="0"/><w:dstrike w:val="0"/><w:color w:val="000000"/><w:sz w:val="16"/><w:szCs w:val="16"/><w:u w:val="none" w:color="000000"/><w:bdr w:val="none" w:sz="0" w:space="0" w:color="auto"/><w:shd w:val="clear" w:color="auto" w:fill="auto"/><w:vertAlign w:val="baseline"/></w:rPr></w:lvl></w:abstractNum><w:abstractNum w:abstractNumId="1" w15:restartNumberingAfterBreak="0"><w:nsid w:val="0BB83126"/><w:multiLevelType w:val="hybridMultilevel"/><w:tmpl w:val="7B12D2FC"/><w:lvl w:ilvl="0" w:tplc="B986ED26"><w:start w:val="1"/><w:numFmt w:val="decimal"/><w:lvlText w:val="%1"/><w:lvlJc w:val="left"/><w:pPr><w:ind w:left="740"/></w:pPr><w:rPr><w:rFonts w:ascii="Calibri" w:eastAsia="Calibri" w:hAnsi="Calibri" w:cs="Calibri"/><w:b w:val="0"/><w:i w:val="0"/><w:strike w:val="0"/><w:dstrike w:val="0"/><w:color w:val="000000"/><w:sz w:val="24"/><w:szCs w:val="24"/><w:u w:val="none" w:color="000000"/><w:bdr w:val="none" w:sz="0" w:space="0" w:color="auto"/><w:shd w:val="clear" w:color="auto" w:fill="auto"/><w:vertAlign w:val="superscript"/></w:rPr></w:lvl><w:lvl w:ilvl="1" w:tplc="7A8479C4"><w:start w:val="1"/><w:numFmt w:val="lowerLetter"/><w:lvlText w:val="%2"/><w:lvlJc w:val="left"/><w:pPr><w:ind w:left="1448"/></w:pPr><w:rPr><w:rFonts w:ascii="Calibri" w:eastAsia="Calibri" w:hAnsi="Calibri" w:cs="Calibri"/><w:b w:val="0"/><w:i w:val="0"/><w:strike w:val="0"/><w:dstrike w:val="0"/><w:color w:val="000000"/><w:sz w:val="24"/><w:szCs w:val="24"/><w:u w:val="none" w:color="000000"/><w:bdr w:val="none" w:sz="0" w:space="0" w:color="auto"/><w:shd w:val="clear" w:color="auto" w:fill="auto"/><w:vertAlign w:val="superscript"/></w:rPr></w:lvl><w:lvl w:ilvl="2" w:tplc="CA1AF76A"><w:start w:val="1"/><w:numFmt w:val="lowerRoman"/><w:lvlText w:val="%3"/><w:lvlJc w:val="left"/><w:pPr><w:ind w:left="2168"/></w:pPr><w:rPr><w:rFonts w:ascii="Calibri" w:eastAsia="Calibri" w:hAnsi="Calibri" w:cs="Calibri"/><w:b w:val="0"/><w:i w:val="0"/><w:strike w:val="0"/><w:dstrike w:val="0"/><w:color w:val="000000"/><w:sz w:val="24"/><w:szCs w:val="24"/><w:u w:val="none" w:color="000000"/><w:bdr w:val="none" w:sz="0" w:space="0" w:color="auto"/><w:shd w:val="clear" w:color="auto" w:fill="auto"/><w:vertAlign w:val="superscript"/></w:rPr></w:lvl><w:lvl w:ilvl="3" w:tplc="481CB21C"><w:start w:val="1"/><w:numFmt w:val="decimal"/><w:lvlText w:val="%4"/><w:lvlJc w:val="left"/><w:pPr><w:ind w:left="2888"/></w:pPr><w:rPr><w:rFonts w:ascii="Calibri" w:eastAsia="Calibri" w:hAnsi="Calibri" w:cs="Calibri"/><w:b w:val="0"/><w:i w:val="0"/><w:strike w:val="0"/><w:dstrike w:val="0"/><w:color w:val="000000"/><w:sz w:val="24"/><w:szCs w:val="24"/><w:u w:val="none" w:color="000000"/><w:bdr w:val="none" w:sz="0" w:space="0" w:color="auto"/><w:shd w:val="clear" w:color="auto" w:fill="auto"/><w:vertAlign w:val="superscript"/></w:rPr></w:lvl><w:lvl w:ilvl="4" w:tplc="937EEBD2"><w:start w:val="1"/><w:numFmt w:val="lowerLetter"/><w:lvlText w:val="%5"/><w:lvlJc w:val="left"/><w:pPr><w:ind w:left="3608"/></w:pPr><w:rPr><w:rFonts w:ascii="Calibri" w:eastAsia="Calibri" w:hAnsi="Calibri" w:cs="Calibri"/><w:b w:val="0"/><w:i w:val="0"/><w:strike w:val="0"/><w:dstrike w:val="0"/><w:color w:val="000000"/><w:sz w:val="24"/><w:szCs w:val="24"/><w:u w:val="none" w:color="000000"/><w:bdr w:val="none" w:sz="0" w:space="0" w:color="auto"/><w:shd w:val="clear" w:color="auto" w:fill="auto"/><w:vertAlign w:val="superscript"/></w:rPr></w:lvl><w:lvl w:ilvl="5" w:tplc="995AA498"><w:start w:val="1"/><w:numFmt w:val="lowerRoman"/><w:lvlText w:val="%6"/><w:lvlJc w:val="left"/><w:pPr><w:ind w:left="4328"/></w:pPr><w:rPr><w:rFonts w:ascii="Calibri" w:eastAsia="Calibri" w:hAnsi="Calibri" w:cs="Calibri"/><w:b w:val="0"/><w:i w:val="0"/><w:strike w:val="0"/><w:dstrike w:val="0"/><w:color w:val="000000"/><w:sz w:val="24"/><w:szCs w:val="24"/><w:u w:val="none" w:color="000000"/><w:bdr w:val="none" w:sz="0" w:space="0" w:color="auto"/><w:shd w:val="clear" w:color="auto" w:fill="auto"/><w:vertAlign w:val="superscript"/></w:rPr></w:lvl><w:lvl w:ilvl="6" w:tplc="C6927B7A"><w:start w:val="1"/><w:numFmt w:val="decimal"/><w:lvlText w:val="%7"/><w:lvlJc w:val="left"/><w:pPr><w:ind w:left="5048"/></w:pPr><w:rPr><w:rFonts w:ascii="Calibri" w:eastAsia="Calibri" w:hAnsi="Calibri" w:cs="Calibri"/><w:b w:val="0"/><w:i w:val="0"/><w:strike w:val="0"/><w:dstrike w:val="0"/><w:color w:val="000000"/><w:sz w:val="24"/><w:szCs w:val="24"/><w:u w:val="none" w:color="000000"/><w:bdr w:val="none" w:sz="0" w:space="0" w:color="auto"/><w:shd w:val="clear" w:color="auto" w:fill="auto"/><w:vertAlign w:val="superscript"/></w:rPr></w:lvl><w:lvl w:ilvl="7" w:tplc="627CB340"><w:start w:val="1"/><w:numFmt w:val="lowerLetter"/><w:lvlText w:val="%8"/><w:lvlJc w:val="left"/><w:pPr><w:ind w:left="5768"/></w:pPr><w:rPr><w:rFonts w:ascii="Calibri" w:eastAsia="Calibri" w:hAnsi="Calibri" w:cs="Calibri"/><w:b w:val="0"/><w:i w:val="0"/><w:strike w:val="0"/><w:dstrike w:val="0"/><w:color w:val="000000"/><w:sz w:val="24"/><w:szCs w:val="24"/><w:u w:val="none" w:color="000000"/><w:bdr w:val="none" w:sz="0" w:space="0" w:color="auto"/><w:shd w:val="clear" w:color="auto" w:fill="auto"/><w:vertAlign w:val="superscript"/></w:rPr></w:lvl><w:lvl w:ilvl="8" w:tplc="0F7A185C"><w:start w:val="1"/><w:numFmt w:val="lowerRoman"/><w:lvlText w:val="%9"/><w:lvlJc w:val="left"/><w:pPr><w:ind w:left="6488"/></w:pPr><w:rPr><w:rFonts w:ascii="Calibri" w:eastAsia="Calibri" w:hAnsi="Calibri" w:cs="Calibri"/><w:b w:val="0"/><w:i w:val="0"/><w:strike w:val="0"/><w:dstrike w:val="0"/><w:color w:val="000000"/><w:sz w:val="24"/><w:szCs w:val="24"/><w:u w:val="none" w:color="000000"/><w:bdr w:val="none" w:sz="0" w:space="0" w:color="auto"/><w:shd w:val="clear" w:color="auto" w:fill="auto"/><w:vertAlign w:val="superscript"/></w:rPr></w:lvl></w:abstractNum><w:abstractNum w:abstractNumId="2" w15:restartNumberingAfterBreak="0"><w:nsid w:val="1A14335E"/><w:multiLevelType w:val="hybridMultilevel"/><w:tmpl w:val="D8E8B47C"/><w:lvl w:ilvl="0" w:tplc="7AD26B00"><w:start w:val="1"/><w:numFmt w:val="decimal"/><w:lvlText w:val="%1"/><w:lvlJc w:val="left"/><w:pPr><w:ind w:left="1311"/></w:pPr><w:rPr><w:rFonts w:ascii="Calibri" w:eastAsia="Calibri" w:hAnsi="Calibri" w:cs="Calibri"/><w:b w:val="0"/><w:i w:val="0"/><w:strike w:val="0"/><w:dstrike w:val="0"/><w:color w:val="000000"/><w:sz w:val="16"/><w:szCs w:val="16"/><w:u w:val="none" w:color="000000"/><w:bdr w:val="none" w:sz="0" w:space="0" w:color="auto"/><w:shd w:val="clear" w:color="auto" w:fill="auto"/><w:vertAlign w:val="baseline"/></w:rPr></w:lvl><w:lvl w:ilvl="1" w:tplc="72FE0BF2"><w:start w:val="1"/><w:numFmt w:val="lowerLetter"/><w:lvlText w:val="%2"/><w:lvlJc w:val="left"/><w:pPr><w:ind w:left="1396"/></w:pPr><w:rPr><w:rFonts w:ascii="Calibri" w:eastAsia="Calibri" w:hAnsi="Calibri" w:cs="Calibri"/><w:b w:val="0"/><w:i w:val="0"/><w:strike w:val="0"/><w:dstrike w:val="0"/><w:color w:val="000000"/><w:sz w:val="16"/><w:szCs w:val="16"/><w:u w:val="none" w:color="000000"/><w:bdr w:val="none" w:sz="0" w:space="0" w:color="auto"/><w:shd w:val="clear" w:color="auto" w:fill="auto"/><w:vertAlign w:val="baseline"/></w:rPr></w:lvl><w:lvl w:ilvl="2" w:tplc="8F5AF9BC"><w:start w:val="1"/><w:numFmt w:val="lowerRoman"/><w:lvlText w:val="%3"/><w:lvlJc w:val="left"/><w:pPr><w:ind w:left="2116"/></w:pPr><w:rPr><w:rFonts w:ascii="Calibri" w:eastAsia="Calibri" w:hAnsi="Calibri" w:cs="Calibri"/><w:b w:val="0"/><w:i w:val="0"/><w:strike w:val="0"/><w:dstrike w:val="0"/><w:color w:val="000000"/><w:sz w:val="16"/><w:szCs w:val="16"/><w:u w:val="none" w:color="000000"/><w:bdr w:val="none" w:sz="0" w:space="0" w:color="auto"/><w:shd w:val="clear" w:color="auto" w:fill="auto"/><w:vertAlign w:val="baseline"/></w:rPr></w:lvl><w:lvl w:ilvl="3" w:tplc="527258BA"><w:start w:val="1"/><w:numFmt w:val="decimal"/><w:lvlText w:val="%4"/><w:lvlJc w:val="left"/><w:pPr><w:ind w:left="2836"/></w:pPr><w:rPr><w:rFonts w:ascii="Calibri" w:eastAsia="Calibri" w:hAnsi="Calibri" w:cs="Calibri"/><w:b w:val="0"/><w:i w:val="0"/><w:strike w:val="0"/><w:dstrike w:val="0"/><w:color w:val="000000"/><w:sz w:val="16"/><w:szCs w:val="16"/><w:u w:val="none" w:color="000000"/><w:bdr w:val="none" w:sz="0" w:space="0" w:color="auto"/><w:shd w:val="clear" w:color="auto" w:fill="auto"/><w:vertAlign w:val="baseline"/></w:rPr></w:lvl><w:lvl w:ilvl="4" w:tplc="54A0032A"><w:start w:val="1"/><w:numFmt w:val="lowerLetter"/><w:lvlText w:val="%5"/><w:lvlJc w:val="left"/><w:pPr><w:ind w:left="3556"/></w:pPr><w:rPr><w:rFonts w:ascii="Calibri" w:eastAsia="Calibri" w:hAnsi="Calibri" w:cs="Calibri"/><w:b w:val="0"/><w:i w:val="0"/><w:strike w:val="0"/><w:dstrike w:val="0"/><w:color w:val="000000"/><w:sz w:val="16"/><w:szCs w:val="16"/><w:u w:val="none" w:color="000000"/><w:bdr w:val="none" w:sz="0" w:space="0" w:color="auto"/><w:shd w:val="clear" w:color="auto" w:fill="auto"/><w:vertAlign w:val="baseline"/></w:rPr></w:lvl><w:lvl w:ilvl="5" w:tplc="CFCA1A98"><w:start w:val="1"/><w:numFmt w:val="lowerRoman"/><w:lvlText w:val="%6"/><w:lvlJc w:val="left"/><w:pPr><w:ind w:left="4276"/></w:pPr><w:rPr><w:rFonts w:ascii="Calibri" w:eastAsia="Calibri" w:hAnsi="Calibri" w:cs="Calibri"/><w:b w:val="0"/><w:i w:val="0"/><w:strike w:val="0"/><w:dstrike w:val="0"/><w:color w:val="000000"/><w:sz w:val="16"/><w:szCs w:val="16"/><w:u w:val="none" w:color="000000"/><w:bdr w:val="none" w:sz="0" w:space="0" w:color="auto"/><w:shd w:val="clear" w:color="auto" w:fill="auto"/><w:vertAlign w:val="baseline"/></w:rPr></w:lvl><w:lvl w:ilvl="6" w:tplc="8BA244A4"><w:start w:val="1"/><w:numFmt w:val="decimal"/><w:lvlText w:val="%7"/><w:lvlJc w:val="left"/><w:pPr><w:ind w:left="4996"/></w:pPr><w:rPr><w:rFonts w:ascii="Calibri" w:eastAsia="Calibri" w:hAnsi="Calibri" w:cs="Calibri"/><w:b w:val="0"/><w:i w:val="0"/><w:strike w:val="0"/><w:dstrike w:val="0"/><w:color w:val="000000"/><w:sz w:val="16"/><w:szCs w:val="16"/><w:u w:val="none" w:color="000000"/><w:bdr w:val="none" w:sz="0" w:space="0" w:color="auto"/><w:shd w:val="clear" w:color="auto" w:fill="auto"/><w:vertAlign w:val="baseline"/></w:rPr></w:lvl><w:lvl w:ilvl="7" w:tplc="B4F6CA9C"><w:start w:val="1"/><w:numFmt w:val="lowerLetter"/><w:lvlText w:val="%8"/><w:lvlJc w:val="left"/><w:pPr><w:ind w:left="5716"/></w:pPr><w:rPr><w:rFonts w:ascii="Calibri" w:eastAsia="Calibri" w:hAnsi="Calibri" w:cs="Calibri"/><w:b w:val="0"/><w:i w:val="0"/><w:strike w:val="0"/><w:dstrike w:val="0"/><w:color w:val="000000"/><w:sz w:val="16"/><w:szCs w:val="16"/><w:u w:val="none" w:color="000000"/><w:bdr w:val="none" w:sz="0" w:space="0" w:color="auto"/><w:shd w:val="clear" w:color="auto" w:fill="auto"/><w:vertAlign w:val="baseline"/></w:rPr></w:lvl><w:lvl w:ilvl="8" w:tplc="4D2284AA"><w:start w:val="1"/><w:numFmt w:val="lowerRoman"/><w:lvlText w:val="%9"/><w:lvlJc w:val="left"/><w:pPr><w:ind w:left="6436"/></w:pPr><w:rPr><w:rFonts w:ascii="Calibri" w:eastAsia="Calibri" w:hAnsi="Calibri" w:cs="Calibri"/><w:b w:val="0"/><w:i w:val="0"/><w:strike w:val="0"/><w:dstrike w:val="0"/><w:color w:val="000000"/><w:sz w:val="16"/><w:szCs w:val="16"/><w:u w:val="none" w:color="000000"/><w:bdr w:val="none" w:sz="0" w:space="0" w:color="auto"/><w:shd w:val="clear" w:color="auto" w:fill="auto"/><w:vertAlign w:val="baseline"/></w:rPr></w:lvl></w:abstractNum><w:abstractNum w:abstractNumId="3" w15:restartNumberingAfterBreak="0"><w:nsid w:val="554215BE"/><w:multiLevelType w:val="hybridMultilevel"/><w:tmpl w:val="C25CBA1A"/><w:lvl w:ilvl="0" w:tplc="1C8EB638"><w:start w:val="1"/><w:numFmt w:val="decimal"/><w:lvlText w:val="%1"/><w:lvlJc w:val="left"/><w:pPr><w:ind w:left="740"/></w:pPr><w:rPr><w:rFonts w:ascii="Calibri" w:eastAsia="Calibri" w:hAnsi="Calibri" w:cs="Calibri"/><w:b w:val="0"/><w:i w:val="0"/><w:strike w:val="0"/><w:dstrike w:val="0"/><w:color w:val="000000"/><w:sz w:val="16"/><w:szCs w:val="16"/><w:u w:val="none" w:color="000000"/><w:bdr w:val="none" w:sz="0" w:space="0" w:color="auto"/><w:shd w:val="clear" w:color="auto" w:fill="auto"/><w:vertAlign w:val="baseline"/></w:rPr></w:lvl><w:lvl w:ilvl="1" w:tplc="FE84B09C"><w:start w:val="1"/><w:numFmt w:val="lowerLetter"/><w:lvlText w:val="%2"/><w:lvlJc w:val="left"/><w:pPr><w:ind w:left="1446"/></w:pPr><w:rPr><w:rFonts w:ascii="Calibri" w:eastAsia="Calibri" w:hAnsi="Calibri" w:cs="Calibri"/><w:b w:val="0"/><w:i w:val="0"/><w:strike w:val="0"/><w:dstrike w:val="0"/><w:color w:val="000000"/><w:sz w:val="16"/><w:szCs w:val="16"/><w:u w:val="none" w:color="000000"/><w:bdr w:val="none" w:sz="0" w:space="0" w:color="auto"/><w:shd w:val="clear" w:color="auto" w:fill="auto"/><w:vertAlign w:val="baseline"/></w:rPr></w:lvl><w:lvl w:ilvl="2" w:tplc="BDEA534E"><w:start w:val="1"/><w:numFmt w:val="lowerRoman"/><w:lvlText w:val="%3"/><w:lvlJc w:val="left"/><w:pPr><w:ind w:left="2166"/></w:pPr><w:rPr><w:rFonts w:ascii="Calibri" w:eastAsia="Calibri" w:hAnsi="Calibri" w:cs="Calibri"/><w:b w:val="0"/><w:i w:val="0"/><w:strike w:val="0"/><w:dstrike w:val="0"/><w:color w:val="000000"/><w:sz w:val="16"/><w:szCs w:val="16"/><w:u w:val="none" w:color="000000"/><w:bdr w:val="none" w:sz="0" w:space="0" w:color="auto"/><w:shd w:val="clear" w:color="auto" w:fill="auto"/><w:vertAlign w:val="baseline"/></w:rPr></w:lvl><w:lvl w:ilvl="3" w:tplc="4B4E42DC"><w:start w:val="1"/><w:numFmt w:val="decimal"/><w:lvlText w:val="%4"/><w:lvlJc w:val="left"/><w:pPr><w:ind w:left="2886"/></w:pPr><w:rPr><w:rFonts w:ascii="Calibri" w:eastAsia="Calibri" w:hAnsi="Calibri" w:cs="Calibri"/><w:b w:val="0"/><w:i w:val="0"/><w:strike w:val="0"/><w:dstrike w:val="0"/><w:color w:val="000000"/><w:sz w:val="16"/><w:szCs w:val="16"/><w:u w:val="none" w:color="000000"/><w:bdr w:val="none" w:sz="0" w:space="0" w:color="auto"/><w:shd w:val="clear" w:color="auto" w:fill="auto"/><w:vertAlign w:val="baseline"/></w:rPr></w:lvl><w:lvl w:ilvl="4" w:tplc="781E7A16"><w:start w:val="1"/><w:numFmt w:val="lowerLetter"/><w:lvlText w:val="%5"/><w:lvlJc w:val="left"/><w:pPr><w:ind w:left="3606"/></w:pPr><w:rPr><w:rFonts w:ascii="Calibri" w:eastAsia="Calibri" w:hAnsi="Calibri" w:cs="Calibri"/><w:b w:val="0"/><w:i w:val="0"/><w:strike w:val="0"/><w:dstrike w:val="0"/><w:color w:val="000000"/><w:sz w:val="16"/><w:szCs w:val="16"/><w:u w:val="none" w:color="000000"/><w:bdr w:val="none" w:sz="0" w:space="0" w:color="auto"/><w:shd w:val="clear" w:color="auto" w:fill="auto"/><w:vertAlign w:val="baseline"/></w:rPr></w:lvl><w:lvl w:ilvl="5" w:tplc="09624342"><w:start w:val="1"/><w:numFmt w:val="lowerRoman"/><w:lvlText w:val="%6"/><w:lvlJc w:val="left"/><w:pPr><w:ind w:left="4326"/></w:pPr><w:rPr><w:rFonts w:ascii="Calibri" w:eastAsia="Calibri" w:hAnsi="Calibri" w:cs="Calibri"/><w:b w:val="0"/><w:i w:val="0"/><w:strike w:val="0"/><w:dstrike w:val="0"/><w:color w:val="000000"/><w:sz w:val="16"/><w:szCs w:val="16"/><w:u w:val="none" w:color="000000"/><w:bdr w:val="none" w:sz="0" w:space="0" w:color="auto"/><w:shd w:val="clear" w:color="auto" w:fill="auto"/><w:vertAlign w:val="baseline"/></w:rPr></w:lvl><w:lvl w:ilvl="6" w:tplc="AE2C423E"><w:start w:val="1"/><w:numFmt w:val="decimal"/><w:lvlText w:val="%7"/><w:lvlJc w:val="left"/><w:pPr><w:ind w:left="5046"/></w:pPr><w:rPr><w:rFonts w:ascii="Calibri" w:eastAsia="Calibri" w:hAnsi="Calibri" w:cs="Calibri"/><w:b w:val="0"/><w:i w:val="0"/><w:strike w:val="0"/><w:dstrike w:val="0"/><w:color w:val="000000"/><w:sz w:val="16"/><w:szCs w:val="16"/><w:u w:val="none" w:color="000000"/><w:bdr w:val="none" w:sz="0" w:space="0" w:color="auto"/><w:shd w:val="clear" w:color="auto" w:fill="auto"/><w:vertAlign w:val="baseline"/></w:rPr></w:lvl><w:lvl w:ilvl="7" w:tplc="9BB4C948"><w:start w:val="1"/><w:numFmt w:val="lowerLetter"/><w:lvlText w:val="%8"/><w:lvlJc w:val="left"/><w:pPr><w:ind w:left="5766"/></w:pPr><w:rPr><w:rFonts w:ascii="Calibri" w:eastAsia="Calibri" w:hAnsi="Calibri" w:cs="Calibri"/><w:b w:val="0"/><w:i w:val="0"/><w:strike w:val="0"/><w:dstrike w:val="0"/><w:color w:val="000000"/><w:sz w:val="16"/><w:szCs w:val="16"/><w:u w:val="none" w:color="000000"/><w:bdr w:val="none" w:sz="0" w:space="0" w:color="auto"/><w:shd w:val="clear" w:color="auto" w:fill="auto"/><w:vertAlign w:val="baseline"/></w:rPr></w:lvl><w:lvl w:ilvl="8" w:tplc="6A3ACA14"><w:start w:val="1"/><w:numFmt w:val="lowerRoman"/><w:lvlText w:val="%9"/><w:lvlJc w:val="left"/><w:pPr><w:ind w:left="6486"/></w:pPr><w:rPr><w:rFonts w:ascii="Calibri" w:eastAsia="Calibri" w:hAnsi="Calibri" w:cs="Calibri"/><w:b w:val="0"/><w:i w:val="0"/><w:strike w:val="0"/><w:dstrike w:val="0"/><w:color w:val="000000"/><w:sz w:val="16"/><w:szCs w:val="16"/><w:u w:val="none" w:color="000000"/><w:bdr w:val="none" w:sz="0" w:space="0" w:color="auto"/><w:shd w:val="clear" w:color="auto" w:fill="auto"/><w:vertAlign w:val="baseline"/></w:rPr></w:lvl></w:abstractNum><w:abstractNum w:abstractNumId="4" w15:restartNumberingAfterBreak="0"><w:nsid w:val="7F83101D"/><w:multiLevelType w:val="hybridMultilevel"/><w:tmpl w:val="C3FAD03A"/><w:lvl w:ilvl="0" w:tplc="C1F2F7A2"><w:start w:val="1"/><w:numFmt w:val="decimal"/><w:lvlText w:val="%1"/><w:lvlJc w:val="left"/><w:pPr><w:ind w:left="1311"/></w:pPr><w:rPr><w:rFonts w:ascii="Calibri" w:eastAsia="Calibri" w:hAnsi="Calibri" w:cs="Calibri"/><w:b w:val="0"/><w:i w:val="0"/><w:strike w:val="0"/><w:dstrike w:val="0"/><w:color w:val="000000"/><w:sz w:val="16"/><w:szCs w:val="16"/><w:u w:val="none" w:color="000000"/><w:bdr w:val="none" w:sz="0" w:space="0" w:color="auto"/><w:shd w:val="clear" w:color="auto" w:fill="auto"/><w:vertAlign w:val="baseline"/></w:rPr></w:lvl><w:lvl w:ilvl="1" w:tplc="931AD358"><w:start w:val="1"/><w:numFmt w:val="lowerLetter"/><w:lvlText w:val="%2"/><w:lvlJc w:val="left"/><w:pPr><w:ind w:left="1395"/></w:pPr><w:rPr><w:rFonts w:ascii="Calibri" w:eastAsia="Calibri" w:hAnsi="Calibri" w:cs="Calibri"/><w:b w:val="0"/><w:i w:val="0"/><w:strike w:val="0"/><w:dstrike w:val="0"/><w:color w:val="000000"/><w:sz w:val="16"/><w:szCs w:val="16"/><w:u w:val="none" w:color="000000"/><w:bdr w:val="none" w:sz="0" w:space="0" w:color="auto"/><w:shd w:val="clear" w:color="auto" w:fill="auto"/><w:vertAlign w:val="baseline"/></w:rPr></w:lvl><w:lvl w:ilvl="2" w:tplc="8870BAB6"><w:start w:val="1"/><w:numFmt w:val="lowerRoman"/><w:lvlText w:val="%3"/><w:lvlJc w:val="left"/><w:pPr><w:ind w:left="2115"/></w:pPr><w:rPr><w:rFonts w:ascii="Calibri" w:eastAsia="Calibri" w:hAnsi="Calibri" w:cs="Calibri"/><w:b w:val="0"/><w:i w:val="0"/><w:strike w:val="0"/><w:dstrike w:val="0"/><w:color w:val="000000"/><w:sz w:val="16"/><w:szCs w:val="16"/><w:u w:val="none" w:color="000000"/><w:bdr w:val="none" w:sz="0" w:space="0" w:color="auto"/><w:shd w:val="clear" w:color="auto" w:fill="auto"/><w:vertAlign w:val="baseline"/></w:rPr></w:lvl><w:lvl w:ilvl="3" w:tplc="8D662080"><w:start w:val="1"/><w:numFmt w:val="decimal"/><w:lvlText w:val="%4"/><w:lvlJc w:val="left"/><w:pPr><w:ind w:left="2835"/></w:pPr><w:rPr><w:rFonts w:ascii="Calibri" w:eastAsia="Calibri" w:hAnsi="Calibri" w:cs="Calibri"/><w:b w:val="0"/><w:i w:val="0"/><w:strike w:val="0"/><w:dstrike w:val="0"/><w:color w:val="000000"/><w:sz w:val="16"/><w:szCs w:val="16"/><w:u w:val="none" w:color="000000"/><w:bdr w:val="none" w:sz="0" w:space="0" w:color="auto"/><w:shd w:val="clear" w:color="auto" w:fill="auto"/><w:vertAlign w:val="baseline"/></w:rPr></w:lvl><w:lvl w:ilvl="4" w:tplc="37729908"><w:start w:val="1"/><w:numFmt w:val="lowerLetter"/><w:lvlText w:val="%5"/><w:lvlJc w:val="left"/><w:pPr><w:ind w:left="3555"/></w:pPr><w:rPr><w:rFonts w:ascii="Calibri" w:eastAsia="Calibri" w:hAnsi="Calibri" w:cs="Calibri"/><w:b w:val="0"/><w:i w:val="0"/><w:strike w:val="0"/><w:dstrike w:val="0"/><w:color w:val="000000"/><w:sz w:val="16"/><w:szCs w:val="16"/><w:u w:val="none" w:color="000000"/><w:bdr w:val="none" w:sz="0" w:space="0" w:color="auto"/><w:shd w:val="clear" w:color="auto" w:fill="auto"/><w:vertAlign w:val="baseline"/></w:rPr></w:lvl><w:lvl w:ilvl="5" w:tplc="2C5ACA3C"><w:start w:val="1"/><w:numFmt w:val="lowerRoman"/><w:lvlText w:val="%6"/><w:lvlJc w:val="left"/><w:pPr><w:ind w:left="4275"/></w:pPr><w:rPr><w:rFonts w:ascii="Calibri" w:eastAsia="Calibri" w:hAnsi="Calibri" w:cs="Calibri"/><w:b w:val="0"/><w:i w:val="0"/><w:strike w:val="0"/><w:dstrike w:val="0"/><w:color w:val="000000"/><w:sz w:val="16"/><w:szCs w:val="16"/><w:u w:val="none" w:color="000000"/><w:bdr w:val="none" w:sz="0" w:space="0" w:color="auto"/><w:shd w:val="clear" w:color="auto" w:fill="auto"/><w:vertAlign w:val="baseline"/></w:rPr></w:lvl><w:lvl w:ilvl="6" w:tplc="1D687130"><w:start w:val="1"/><w:numFmt w:val="decimal"/><w:lvlText w:val="%7"/><w:lvlJc w:val="left"/><w:pPr><w:ind w:left="4995"/></w:pPr><w:rPr><w:rFonts w:ascii="Calibri" w:eastAsia="Calibri" w:hAnsi="Calibri" w:cs="Calibri"/><w:b w:val="0"/><w:i w:val="0"/><w:strike w:val="0"/><w:dstrike w:val="0"/><w:color w:val="000000"/><w:sz w:val="16"/><w:szCs w:val="16"/><w:u w:val="none" w:color="000000"/><w:bdr w:val="none" w:sz="0" w:space="0" w:color="auto"/><w:shd w:val="clear" w:color="auto" w:fill="auto"/><w:vertAlign w:val="baseline"/></w:rPr></w:lvl><w:lvl w:ilvl="7" w:tplc="AB2EA192"><w:start w:val="1"/><w:numFmt w:val="lowerLetter"/><w:lvlText w:val="%8"/><w:lvlJc w:val="left"/><w:pPr><w:ind w:left="5715"/></w:pPr><w:rPr><w:rFonts w:ascii="Calibri" w:eastAsia="Calibri" w:hAnsi="Calibri" w:cs="Calibri"/><w:b w:val="0"/><w:i w:val="0"/><w:strike w:val="0"/><w:dstrike w:val="0"/><w:color w:val="000000"/><w:sz w:val="16"/><w:szCs w:val="16"/><w:u w:val="none" w:color="000000"/><w:bdr w:val="none" w:sz="0" w:space="0" w:color="auto"/><w:shd w:val="clear" w:color="auto" w:fill="auto"/><w:vertAlign w:val="baseline"/></w:rPr></w:lvl><w:lvl w:ilvl="8" w:tplc="0A7820F6"><w:start w:val="1"/><w:numFmt w:val="lowerRoman"/><w:lvlText w:val="%9"/><w:lvlJc w:val="left"/><w:pPr><w:ind w:left="6435"/></w:pPr><w:rPr><w:rFonts w:ascii="Calibri" w:eastAsia="Calibri" w:hAnsi="Calibri" w:cs="Calibri"/><w:b w:val="0"/><w:i w:val="0"/><w:strike w:val="0"/><w:dstrike w:val="0"/><w:color w:val="000000"/><w:sz w:val="16"/><w:szCs w:val="16"/><w:u w:val="none" w:color="000000"/><w:bdr w:val="none" w:sz="0" w:space="0" w:color="auto"/><w:shd w:val="clear" w:color="auto" w:fill="auto"/><w:vertAlign w:val="baseline"/></w:rPr></w:lvl></w:abstractNum><w:num w:numId="1"><w:abstractNumId w:val="3"/></w:num><w:num w:numId="2"><w:abstractNumId w:val="1"/></w:num><w:num w:numId="3"><w:abstractNumId w:val="0"/></w:num><w:num w:numId="4"><w:abstractNumId w:val="2"/></w:num><w:num w:numId="5"><w:abstractNumId w:val="4"/></w:num></w:numbering>