﻿<?xml version="1.0" encoding="utf-8"?><w:numbering xmlns:w="http://schemas.openxmlformats.org/wordprocessingml/2006/main"><w:abstractNum w:abstractNumId="0" xmlns:w="http://schemas.openxmlformats.org/wordprocessingml/2006/main"><w:multiLevelType w:val="multilevel" /><w:tmpl w:val="02BEA0DA" /><w:lvl w:ilvl="0"><w:start w:val="1" /><w:numFmt w:val="bullet" /><w:lvlText w:val="" /><w:lvlJc w:val="left" /><w:pPr><w:tabs><w:tab w:val="num" w:pos="720" /></w:tabs><w:ind w:left="720" w:hanging="360" /></w:pPr><w:rPr><w:rFonts w:ascii="Symbol" w:hAnsi="Symbol" w:hint="default" /><w:sz w:val="20" /></w:rPr></w:lvl><w:lvl w:ilvl="1"><w:start w:val="1" /><w:numFmt w:val="bullet" /><w:lvlText w:val="o" /><w:lvlJc w:val="left" /><w:pPr><w:tabs><w:tab w:val="num" w:pos="1440" /></w:tabs><w:ind w:left="1440" w:hanging="360" /></w:pPr><w:rPr><w:rFonts w:ascii="Courier New" w:hAnsi="Courier New" w:hint="default" /><w:sz w:val="20" /></w:rPr></w:lvl><w:lvl w:ilvl="2" w:tentative="1"><w:start w:val="1" /><w:numFmt w:val="bullet" /><w:lvlText w:val="" /><w:lvlJc w:val="left" /><w:pPr><w:tabs><w:tab w:val="num" w:pos="2160" /></w:tabs><w:ind w:left="2160" w:hanging="360" /></w:pPr><w:rPr><w:rFonts w:ascii="Wingdings" w:hAnsi="Wingdings" w:hint="default" /><w:sz w:val="20" /></w:rPr></w:lvl><w:lvl w:ilvl="3" w:tentative="1"><w:start w:val="1" /><w:numFmt w:val="bullet" /><w:lvlText w:val="" /><w:lvlJc w:val="left" /><w:pPr><w:tabs><w:tab w:val="num" w:pos="2880" /></w:tabs><w:ind w:left="2880" w:hanging="360" /></w:pPr><w:rPr><w:rFonts w:ascii="Wingdings" w:hAnsi="Wingdings" w:hint="default" /><w:sz w:val="20" /></w:rPr></w:lvl><w:lvl w:ilvl="4" w:tentative="1"><w:start w:val="1" /><w:numFmt w:val="bullet" /><w:lvlText w:val="" /><w:lvlJc w:val="left" /><w:pPr><w:tabs><w:tab w:val="num" w:pos="3600" /></w:tabs><w:ind w:left="3600" w:hanging="360" /></w:pPr><w:rPr><w:rFonts w:ascii="Wingdings" w:hAnsi="Wingdings" w:hint="default" /><w:sz w:val="20" /></w:rPr></w:lvl><w:lvl w:ilvl="5" w:tentative="1"><w:start w:val="1" /><w:numFmt w:val="bullet" /><w:lvlText w:val="" /><w:lvlJc w:val="left" /><w:pPr><w:tabs><w:tab w:val="num" w:pos="4320" /></w:tabs><w:ind w:left="4320" w:hanging="360" /></w:pPr><w:rPr><w:rFonts w:ascii="Wingdings" w:hAnsi="Wingdings" w:hint="default" /><w:sz w:val="20" /></w:rPr></w:lvl><w:lvl w:ilvl="6" w:tentative="1"><w:start w:val="1" /><w:numFmt w:val="bullet" /><w:lvlText w:val="" /><w:lvlJc w:val="left" /><w:pPr><w:tabs><w:tab w:val="num" w:pos="5040" /></w:tabs><w:ind w:left="5040" w:hanging="360" /></w:pPr><w:rPr><w:rFonts w:ascii="Wingdings" w:hAnsi="Wingdings" w:hint="default" /><w:sz w:val="20" /></w:rPr></w:lvl><w:lvl w:ilvl="7" w:tentative="1"><w:start w:val="1" /><w:numFmt w:val="bullet" /><w:lvlText w:val="" /><w:lvlJc w:val="left" /><w:pPr><w:tabs><w:tab w:val="num" w:pos="5760" /></w:tabs><w:ind w:left="5760" w:hanging="360" /></w:pPr><w:rPr><w:rFonts w:ascii="Wingdings" w:hAnsi="Wingdings" w:hint="default" /><w:sz w:val="20" /></w:rPr></w:lvl><w:lvl w:ilvl="8" w:tentative="1"><w:start w:val="1" /><w:numFmt w:val="bullet" /><w:lvlText w:val="" /><w:lvlJc w:val="left" /><w:pPr><w:tabs><w:tab w:val="num" w:pos="6480" /></w:tabs><w:ind w:left="6480" w:hanging="360" /></w:pPr><w:rPr><w:rFonts w:ascii="Wingdings" w:hAnsi="Wingdings" w:hint="default" /><w:sz w:val="20" /></w:rPr></w:lvl></w:abstractNum><w:abstractNum w:abstractNumId="1" xmlns:w="http://schemas.openxmlformats.org/wordprocessingml/2006/main"><w:multiLevelType w:val="multilevel" /><w:tmpl w:val="02BEA0DA" /><w:lvl w:ilvl="0"><w:start w:val="1" /><w:numFmt w:val="bullet" /><w:lvlText w:val="" /><w:lvlJc w:val="left" /><w:pPr><w:tabs><w:tab w:val="num" w:pos="720" /></w:tabs><w:ind w:left="720" w:hanging="360" /></w:pPr><w:rPr><w:rFonts w:ascii="Symbol" w:hAnsi="Symbol" w:hint="default" /><w:sz w:val="20" /></w:rPr></w:lvl><w:lvl w:ilvl="1"><w:start w:val="1" /><w:numFmt w:val="bullet" /><w:lvlText w:val="o" /><w:lvlJc w:val="left" /><w:pPr><w:tabs><w:tab w:val="num" w:pos="1440" /></w:tabs><w:ind w:left="1440" w:hanging="360" /></w:pPr><w:rPr><w:rFonts w:ascii="Courier New" w:hAnsi="Courier New" w:hint="default" /><w:sz w:val="20" /></w:rPr></w:lvl><w:lvl w:ilvl="2" w:tentative="1"><w:start w:val="1" /><w:numFmt w:val="bullet" /><w:lvlText w:val="" /><w:lvlJc w:val="left" /><w:pPr><w:tabs><w:tab w:val="num" w:pos="2160" /></w:tabs><w:ind w:left="2160" w:hanging="360" /></w:pPr><w:rPr><w:rFonts w:ascii="Wingdings" w:hAnsi="Wingdings" w:hint="default" /><w:sz w:val="20" /></w:rPr></w:lvl><w:lvl w:ilvl="3" w:tentative="1"><w:start w:val="1" /><w:numFmt w:val="bullet" /><w:lvlText w:val="" /><w:lvlJc w:val="left" /><w:pPr><w:tabs><w:tab w:val="num" w:pos="2880" /></w:tabs><w:ind w:left="2880" w:hanging="360" /></w:pPr><w:rPr><w:rFonts w:ascii="Wingdings" w:hAnsi="Wingdings" w:hint="default" /><w:sz w:val="20" /></w:rPr></w:lvl><w:lvl w:ilvl="4" w:tentative="1"><w:start w:val="1" /><w:numFmt w:val="bullet" /><w:lvlText w:val="" /><w:lvlJc w:val="left" /><w:pPr><w:tabs><w:tab w:val="num" w:pos="3600" /></w:tabs><w:ind w:left="3600" w:hanging="360" /></w:pPr><w:rPr><w:rFonts w:ascii="Wingdings" w:hAnsi="Wingdings" w:hint="default" /><w:sz w:val="20" /></w:rPr></w:lvl><w:lvl w:ilvl="5" w:tentative="1"><w:start w:val="1" /><w:numFmt w:val="bullet" /><w:lvlText w:val="" /><w:lvlJc w:val="left" /><w:pPr><w:tabs><w:tab w:val="num" w:pos="4320" /></w:tabs><w:ind w:left="4320" w:hanging="360" /></w:pPr><w:rPr><w:rFonts w:ascii="Wingdings" w:hAnsi="Wingdings" w:hint="default" /><w:sz w:val="20" /></w:rPr></w:lvl><w:lvl w:ilvl="6" w:tentative="1"><w:start w:val="1" /><w:numFmt w:val="bullet" /><w:lvlText w:val="" /><w:lvlJc w:val="left" /><w:pPr><w:tabs><w:tab w:val="num" w:pos="5040" /></w:tabs><w:ind w:left="5040" w:hanging="360" /></w:pPr><w:rPr><w:rFonts w:ascii="Wingdings" w:hAnsi="Wingdings" w:hint="default" /><w:sz w:val="20" /></w:rPr></w:lvl><w:lvl w:ilvl="7" w:tentative="1"><w:start w:val="1" /><w:numFmt w:val="bullet" /><w:lvlText w:val="" /><w:lvlJc w:val="left" /><w:pPr><w:tabs><w:tab w:val="num" w:pos="5760" /></w:tabs><w:ind w:left="5760" w:hanging="360" /></w:pPr><w:rPr><w:rFonts w:ascii="Wingdings" w:hAnsi="Wingdings" w:hint="default" /><w:sz w:val="20" /></w:rPr></w:lvl><w:lvl w:ilvl="8" w:tentative="1"><w:start w:val="1" /><w:numFmt w:val="bullet" /><w:lvlText w:val="" /><w:lvlJc w:val="left" /><w:pPr><w:tabs><w:tab w:val="num" w:pos="6480" /></w:tabs><w:ind w:left="6480" w:hanging="360" /></w:pPr><w:rPr><w:rFonts w:ascii="Wingdings" w:hAnsi="Wingdings" w:hint="default" /><w:sz w:val="20" /></w:rPr></w:lvl></w:abstractNum><w:abstractNum w:abstractNumId="2" xmlns:w="http://schemas.openxmlformats.org/wordprocessingml/2006/main"><w:multiLevelType w:val="multilevel" /><w:tmpl w:val="02BEA0DA" /><w:lvl w:ilvl="0"><w:start w:val="1" /><w:numFmt w:val="bullet" /><w:lvlText w:val="" /><w:lvlJc w:val="left" /><w:pPr><w:tabs><w:tab w:val="num" w:pos="720" /></w:tabs><w:ind w:left="720" w:hanging="360" /></w:pPr><w:rPr><w:rFonts w:ascii="Symbol" w:hAnsi="Symbol" w:hint="default" /><w:sz w:val="20" /></w:rPr></w:lvl><w:lvl w:ilvl="1"><w:start w:val="1" /><w:numFmt w:val="bullet" /><w:lvlText w:val="o" /><w:lvlJc w:val="left" /><w:pPr><w:tabs><w:tab w:val="num" w:pos="1440" /></w:tabs><w:ind w:left="1440" w:hanging="360" /></w:pPr><w:rPr><w:rFonts w:ascii="Courier New" w:hAnsi="Courier New" w:hint="default" /><w:sz w:val="20" /></w:rPr></w:lvl><w:lvl w:ilvl="2" w:tentative="1"><w:start w:val="1" /><w:numFmt w:val="bullet" /><w:lvlText w:val="" /><w:lvlJc w:val="left" /><w:pPr><w:tabs><w:tab w:val="num" w:pos="2160" /></w:tabs><w:ind w:left="2160" w:hanging="360" /></w:pPr><w:rPr><w:rFonts w:ascii="Wingdings" w:hAnsi="Wingdings" w:hint="default" /><w:sz w:val="20" /></w:rPr></w:lvl><w:lvl w:ilvl="3" w:tentative="1"><w:start w:val="1" /><w:numFmt w:val="bullet" /><w:lvlText w:val="" /><w:lvlJc w:val="left" /><w:pPr><w:tabs><w:tab w:val="num" w:pos="2880" /></w:tabs><w:ind w:left="2880" w:hanging="360" /></w:pPr><w:rPr><w:rFonts w:ascii="Wingdings" w:hAnsi="Wingdings" w:hint="default" /><w:sz w:val="20" /></w:rPr></w:lvl><w:lvl w:ilvl="4" w:tentative="1"><w:start w:val="1" /><w:numFmt w:val="bullet" /><w:lvlText w:val="" /><w:lvlJc w:val="left" /><w:pPr><w:tabs><w:tab w:val="num" w:pos="3600" /></w:tabs><w:ind w:left="3600" w:hanging="360" /></w:pPr><w:rPr><w:rFonts w:ascii="Wingdings" w:hAnsi="Wingdings" w:hint="default" /><w:sz w:val="20" /></w:rPr></w:lvl><w:lvl w:ilvl="5" w:tentative="1"><w:start w:val="1" /><w:numFmt w:val="bullet" /><w:lvlText w:val="" /><w:lvlJc w:val="left" /><w:pPr><w:tabs><w:tab w:val="num" w:pos="4320" /></w:tabs><w:ind w:left="4320" w:hanging="360" /></w:pPr><w:rPr><w:rFonts w:ascii="Wingdings" w:hAnsi="Wingdings" w:hint="default" /><w:sz w:val="20" /></w:rPr></w:lvl><w:lvl w:ilvl="6" w:tentative="1"><w:start w:val="1" /><w:numFmt w:val="bullet" /><w:lvlText w:val="" /><w:lvlJc w:val="left" /><w:pPr><w:tabs><w:tab w:val="num" w:pos="5040" /></w:tabs><w:ind w:left="5040" w:hanging="360" /></w:pPr><w:rPr><w:rFonts w:ascii="Wingdings" w:hAnsi="Wingdings" w:hint="default" /><w:sz w:val="20" /></w:rPr></w:lvl><w:lvl w:ilvl="7" w:tentative="1"><w:start w:val="1" /><w:numFmt w:val="bullet" /><w:lvlText w:val="" /><w:lvlJc w:val="left" /><w:pPr><w:tabs><w:tab w:val="num" w:pos="5760" /></w:tabs><w:ind w:left="5760" w:hanging="360" /></w:pPr><w:rPr><w:rFonts w:ascii="Wingdings" w:hAnsi="Wingdings" w:hint="default" /><w:sz w:val="20" /></w:rPr></w:lvl><w:lvl w:ilvl="8" w:tentative="1"><w:start w:val="1" /><w:numFmt w:val="bullet" /><w:lvlText w:val="" /><w:lvlJc w:val="left" /><w:pPr><w:tabs><w:tab w:val="num" w:pos="6480" /></w:tabs><w:ind w:left="6480" w:hanging="360" /></w:pPr><w:rPr><w:rFonts w:ascii="Wingdings" w:hAnsi="Wingdings" w:hint="default" /><w:sz w:val="20" /></w:rPr></w:lvl></w:abstractNum><w:num w:numId="1"><w:abstractNumId w:val="0" /></w:num><w:num w:numId="2"><w:abstractNumId w:val="1" /></w:num><w:num w:numId="3"><w:abstractNumId w:val="2" /></w:num></w:numbering>