<?xml version="1.0" encoding="UTF-8" standalone="yes"?>
<w:document xmlns:ve="http://schemas.openxmlformats.org/markup-compatibility/2006" xmlns:o="urn:schemas-microsoft-com:office:office" xmlns:r="http://schemas.openxmlformats.org/officeDocument/2006/relationships" xmlns:m="http://schemas.openxmlformats.org/officeDocument/2006/math" xmlns:v="urn:schemas-microsoft-com:vml" xmlns:wp="http://schemas.openxmlformats.org/drawingml/2006/wordprocessingDrawing" xmlns:w10="urn:schemas-microsoft-com:office:word" xmlns:w="http://schemas.openxmlformats.org/wordprocessingml/2006/main" xmlns:wne="http://schemas.microsoft.com/office/word/2006/wordml"><w:body><w:p w:rsidR="00C436F8" w:rsidRPr="00F42816" w:rsidRDefault="00F42816"><w:pPr><w:jc w:val="right"/><w:rPr><w:rFonts w:hAnsi="Times New Roman" w:cs="Times New Roman"/><w:color w:val="000000"/><w:sz w:val="24"/><w:szCs w:val="24"/><w:lang w:val="ru-RU"/></w:rPr></w:pPr><w:r w:rsidRPr="00F42816"><w:rPr><w:rFonts w:hAnsi="Times New Roman" w:cs="Times New Roman"/><w:color w:val="000000"/><w:sz w:val="24"/><w:szCs w:val="24"/><w:lang w:val="ru-RU"/></w:rPr><w:t>Приложение № 1</w:t></w:r><w:r w:rsidRPr="00F42816"><w:rPr><w:lang w:val="ru-RU"/></w:rPr><w:br/></w:r><w:r w:rsidRPr="00F42816"><w:rPr><w:rFonts w:hAnsi="Times New Roman" w:cs="Times New Roman"/><w:color w:val="000000"/><w:sz w:val="24"/><w:szCs w:val="24"/><w:lang w:val="ru-RU"/></w:rPr><w:t>к Методическим рекомендациям</w:t></w:r><w:r w:rsidRPr="00F42816"><w:rPr><w:lang w:val="ru-RU"/></w:rPr><w:br/></w:r><w:r w:rsidRPr="00F42816"><w:rPr><w:rFonts w:hAnsi="Times New Roman" w:cs="Times New Roman"/><w:color w:val="000000"/><w:sz w:val="24"/><w:szCs w:val="24"/><w:lang w:val="ru-RU"/></w:rPr><w:t>по уведомлению уполномоченного</w:t></w:r><w:r w:rsidRPr="00F42816"><w:rPr><w:lang w:val="ru-RU"/></w:rPr><w:br/></w:r><w:r w:rsidRPr="00F42816"><w:rPr><w:rFonts w:hAnsi="Times New Roman" w:cs="Times New Roman"/><w:color w:val="000000"/><w:sz w:val="24"/><w:szCs w:val="24"/><w:lang w:val="ru-RU"/></w:rPr><w:t>органа о начале деятельности</w:t></w:r><w:r w:rsidRPr="00F42816"><w:rPr><w:lang w:val="ru-RU"/></w:rPr><w:br/></w:r><w:r w:rsidRPr="00F42816"><w:rPr><w:rFonts w:hAnsi="Times New Roman" w:cs="Times New Roman"/><w:color w:val="000000"/><w:sz w:val="24"/><w:szCs w:val="24"/><w:lang w:val="ru-RU"/></w:rPr><w:t>по обработке персональных данных</w:t></w:r><w:r w:rsidRPr="00F42816"><w:rPr><w:lang w:val="ru-RU"/></w:rPr><w:br/></w:r><w:r w:rsidRPr="00F42816"><w:rPr><w:rFonts w:hAnsi="Times New Roman" w:cs="Times New Roman"/><w:color w:val="000000"/><w:sz w:val="24"/><w:szCs w:val="24"/><w:lang w:val="ru-RU"/></w:rPr><w:t>и внесении изменений в ранее</w:t></w:r><w:r w:rsidRPr="00F42816"><w:rPr><w:lang w:val="ru-RU"/></w:rPr><w:br/></w:r><w:r w:rsidRPr="00F42816"><w:rPr><w:rFonts w:hAnsi="Times New Roman" w:cs="Times New Roman"/><w:color w:val="000000"/><w:sz w:val="24"/><w:szCs w:val="24"/><w:lang w:val="ru-RU"/></w:rPr><w:t>представленные сведения,</w:t></w:r><w:r w:rsidRPr="00F42816"><w:rPr><w:lang w:val="ru-RU"/></w:rPr><w:br/></w:r><w:r w:rsidRPr="00F42816"><w:rPr><w:rFonts w:hAnsi="Times New Roman" w:cs="Times New Roman"/><w:color w:val="000000"/><w:sz w:val="24"/><w:szCs w:val="24"/><w:lang w:val="ru-RU"/></w:rPr><w:t xml:space="preserve">утвержденным приказом </w:t></w:r><w:proofErr w:type="spellStart"/><w:r w:rsidRPr="00F42816"><w:rPr><w:rFonts w:hAnsi="Times New Roman" w:cs="Times New Roman"/><w:color w:val="000000"/><w:sz w:val="24"/><w:szCs w:val="24"/><w:lang w:val="ru-RU"/></w:rPr><w:t>Роскомнадзора</w:t></w:r><w:proofErr w:type="spellEnd"/><w:r w:rsidRPr="00F42816"><w:rPr><w:lang w:val="ru-RU"/></w:rPr><w:br/></w:r><w:r w:rsidRPr="00F42816"><w:rPr><w:rFonts w:hAnsi="Times New Roman" w:cs="Times New Roman"/><w:color w:val="000000"/><w:sz w:val="24"/><w:szCs w:val="24"/><w:lang w:val="ru-RU"/></w:rPr><w:t>от 30.05.2017 №</w:t></w:r><w:r><w:rPr><w:rFonts w:hAnsi="Times New Roman" w:cs="Times New Roman"/><w:color w:val="000000"/><w:sz w:val="24"/><w:szCs w:val="24"/></w:rPr><w:t> </w:t></w:r><w:r w:rsidRPr="00F42816"><w:rPr><w:rFonts w:hAnsi="Times New Roman" w:cs="Times New Roman"/><w:color w:val="000000"/><w:sz w:val="24"/><w:szCs w:val="24"/><w:lang w:val="ru-RU"/></w:rPr><w:t>94</w:t></w:r></w:p><w:p w:rsidR="00C436F8" w:rsidRPr="00F42816" w:rsidRDefault="00F42816"><w:pPr><w:jc w:val="center"/><w:rPr><w:rFonts w:hAnsi="Times New Roman" w:cs="Times New Roman"/><w:color w:val="000000"/><w:sz w:val="24"/><w:szCs w:val="24"/><w:lang w:val="ru-RU"/></w:rPr></w:pPr><w:r w:rsidRPr="00F42816"><w:rPr><w:lang w:val="ru-RU"/></w:rPr><w:br/></w:r><w:r w:rsidRPr="00F42816"><w:rPr><w:rFonts w:hAnsi="Times New Roman" w:cs="Times New Roman"/><w:b/><w:bCs/><w:color w:val="000000"/><w:sz w:val="24"/><w:szCs w:val="24"/><w:lang w:val="ru-RU"/></w:rPr><w:t>Уведомление об обработке</w:t></w:r><w:r w:rsidRPr="00F42816"><w:rPr><w:lang w:val="ru-RU"/></w:rPr><w:br/></w:r><w:r w:rsidRPr="00F42816"><w:rPr><w:rFonts w:hAnsi="Times New Roman" w:cs="Times New Roman"/><w:b/><w:bCs/><w:color w:val="000000"/><w:sz w:val="24"/><w:szCs w:val="24"/><w:lang w:val="ru-RU"/></w:rPr><w:t>(о намерении осуществлять обработку) персональных данных</w:t></w:r></w:p><w:tbl><w:tblPr><w:tblW w:w="0" w:type="auto"/><w:tblCellMar><w:top w:w="15" w:type="dxa"/><w:left w:w="15" w:type="dxa"/><w:bottom w:w="15" w:type="dxa"/><w:right w:w="15" w:type="dxa"/></w:tblCellMar><w:tblLook w:val="0600"/></w:tblPr><w:tblGrid><w:gridCol w:w="9177"/></w:tblGrid><w:tr w:rsidR="00C436F8" w:rsidRPr="00F07228"><w:tc><w:tcPr><w:tcW w:w="0" w:type="auto"/><w:tcBorders><w:top w:val="none" w:sz="0" w:space="0" w:color="000000"/><w:left w:val="none" w:sz="0" w:space="0" w:color="000000"/><w:bottom w:val="single" w:sz="6" w:space="0" w:color="000000"/><w:right w:val="none" w:sz="0" w:space="0" w:color="000000"/></w:tcBorders><w:tcMar><w:top w:w="75" w:type="dxa"/><w:left w:w="75" w:type="dxa"/><w:bottom w:w="75" w:type="dxa"/><w:right w:w="75" w:type="dxa"/></w:tcMar></w:tcPr><w:p w:rsidR="00C436F8" w:rsidRPr="00F07228" w:rsidRDefault="00F42816" w:rsidP="00F42816"><w:pPr><w:jc w:val="center"/><w:rPr><w:lang w:val="ru-RU"/></w:rPr></w:pPr><w:r w:rsidRPr="00F42816"><w:rPr><w:rFonts w:hAnsi="Times New Roman" w:cs="Times New Roman"/><w:color w:val="000000"/><w:sz w:val="24"/><w:szCs w:val="24"/><w:lang w:val="ru-RU"/></w:rPr><w:t>Общество с ограниченной ответственностью «Альфа»</w:t></w:r><w:r><w:rPr><w:rFonts w:hAnsi="Times New Roman" w:cs="Times New Roman"/><w:color w:val="000000"/><w:sz w:val="24"/><w:szCs w:val="24"/></w:rPr><w:t> </w:t></w:r><w:r w:rsidRPr="00F42816"><w:rPr><w:rFonts w:hAnsi="Times New Roman" w:cs="Times New Roman"/><w:color w:val="000000"/><w:sz w:val="24"/><w:szCs w:val="24"/><w:lang w:val="ru-RU"/></w:rPr><w:t>(ООО «Альфа»), ИНН</w:t></w:r><w:r><w:rPr><w:rFonts w:hAnsi="Times New Roman" w:cs="Times New Roman"/><w:color w:val="000000"/><w:sz w:val="24"/><w:szCs w:val="24"/></w:rPr><w:t> </w:t></w:r><w:r w:rsidRPr="00F42816"><w:rPr><w:rFonts w:hAnsi="Times New Roman" w:cs="Times New Roman"/><w:color w:val="000000"/><w:sz w:val="24"/><w:szCs w:val="24"/><w:lang w:val="ru-RU"/></w:rPr><w:t>7706543309,</w:t></w:r><w:r w:rsidR="00F07228"><w:rPr><w:rFonts w:hAnsi="Times New Roman" w:cs="Times New Roman"/><w:color w:val="000000"/><w:sz w:val="24"/><w:szCs w:val="24"/><w:lang w:val="ru-RU"/></w:rPr><w:t xml:space="preserve"> КПП </w:t></w:r><w:r w:rsidR="00F07228" w:rsidRPr="00F07228"><w:rPr><w:lang w:val="ru-RU"/></w:rPr><w:t>770601001</w:t></w:r><w:r w:rsidR="00F07228"><w:rPr><w:lang w:val="ru-RU"/></w:rPr><w:t>,</w:t></w:r><w:r w:rsidRPr="00F42816"><w:rPr><w:rFonts w:hAnsi="Times New Roman" w:cs="Times New Roman"/><w:color w:val="000000"/><w:sz w:val="24"/><w:szCs w:val="24"/><w:lang w:val="ru-RU"/></w:rPr><w:t xml:space="preserve"> ОГРН</w:t></w:r><w:r><w:rPr><w:rFonts w:hAnsi="Times New Roman" w:cs="Times New Roman"/><w:color w:val="000000"/><w:sz w:val="24"/><w:szCs w:val="24"/></w:rPr><w:t> </w:t></w:r><w:r w:rsidRPr="00F42816"><w:rPr><w:rFonts w:hAnsi="Times New Roman" w:cs="Times New Roman"/><w:color w:val="000000"/><w:sz w:val="24"/><w:szCs w:val="24"/><w:lang w:val="ru-RU"/></w:rPr><w:t>1057748319411</w:t></w:r><w:r w:rsidR="00F07228"><w:rPr><w:rFonts w:hAnsi="Times New Roman" w:cs="Times New Roman"/><w:color w:val="000000"/><w:sz w:val="24"/><w:szCs w:val="24"/><w:lang w:val="ru-RU"/></w:rPr><w:t>, ОКПО</w:t></w:r><w:r w:rsidR="00F07228" w:rsidRPr="00F07228"><w:rPr><w:lang w:val="ru-RU"/></w:rPr><w:t xml:space="preserve"> 12345678</w:t></w:r></w:p></w:tc></w:tr><w:tr w:rsidR="00C436F8" w:rsidRPr="00F07228"><w:tc><w:tcPr><w:tcW w:w="0" w:type="auto"/><w:tcBorders><w:top w:val="single" w:sz="6" w:space="0" w:color="000000"/><w:left w:val="none" w:sz="0" w:space="0" w:color="000000"/><w:bottom w:val="none" w:sz="0" w:space="0" w:color="000000"/><w:right w:val="none" w:sz="0" w:space="0" w:color="000000"/></w:tcBorders><w:tcMar><w:top w:w="75" w:type="dxa"/><w:left w:w="75" w:type="dxa"/><w:bottom w:w="75" w:type="dxa"/><w:right w:w="75" w:type="dxa"/></w:tcMar></w:tcPr><w:p w:rsidR="00C436F8" w:rsidRPr="00F42816" w:rsidRDefault="00F42816" w:rsidP="00F42816"><w:pPr><w:jc w:val="center"/><w:rPr><w:lang w:val="ru-RU"/></w:rPr></w:pPr><w:r w:rsidRPr="00F42816"><w:rPr><w:rFonts w:hAnsi="Times New Roman" w:cs="Times New Roman"/><w:color w:val="000000"/><w:sz w:val="19"/><w:szCs w:val="19"/><w:vertAlign w:val="superscript"/><w:lang w:val="ru-RU"/></w:rPr><w:t>(полное и сокращенное наименования (ИНН, ОГРН), фамилия, имя, отчество (при наличии) Оператора)</w:t></w:r></w:p></w:tc></w:tr><w:tr w:rsidR="00C436F8" w:rsidRPr="00F07228"><w:tc><w:tcPr><w:tcW w:w="0" w:type="auto"/><w:tcBorders><w:top w:val="none" w:sz="0" w:space="0" w:color="000000"/><w:left w:val="none" w:sz="0" w:space="0" w:color="000000"/><w:bottom w:val="single" w:sz="6" w:space="0" w:color="000000"/><w:right w:val="none" w:sz="0" w:space="0" w:color="000000"/></w:tcBorders><w:tcMar><w:top w:w="75" w:type="dxa"/><w:left w:w="75" w:type="dxa"/><w:bottom w:w="75" w:type="dxa"/><w:right w:w="75" w:type="dxa"/></w:tcMar></w:tcPr><w:p w:rsidR="00C436F8" w:rsidRPr="00F42816" w:rsidRDefault="00F42816" w:rsidP="00F42816"><w:pPr><w:jc w:val="center"/><w:rPr><w:lang w:val="ru-RU"/></w:rPr></w:pPr><w:r w:rsidRPr="00F42816"><w:rPr><w:rFonts w:hAnsi="Times New Roman" w:cs="Times New Roman"/><w:color w:val="000000"/><w:sz w:val="24"/><w:szCs w:val="24"/><w:lang w:val="ru-RU"/></w:rPr><w:t>125008, г. Москва, ул. Михайловская, д. 20</w:t></w:r></w:p></w:tc></w:tr><w:tr w:rsidR="00C436F8" w:rsidRPr="00F07228"><w:tc><w:tcPr><w:tcW w:w="0" w:type="auto"/><w:tcBorders><w:top w:val="single" w:sz="6" w:space="0" w:color="000000"/><w:left w:val="none" w:sz="0" w:space="0" w:color="000000"/><w:bottom w:val="none" w:sz="0" w:space="0" w:color="000000"/><w:right w:val="none" w:sz="0" w:space="0" w:color="000000"/></w:tcBorders><w:tcMar><w:top w:w="75" w:type="dxa"/><w:left w:w="75" w:type="dxa"/><w:bottom w:w="75" w:type="dxa"/><w:right w:w="75" w:type="dxa"/></w:tcMar></w:tcPr><w:p w:rsidR="00C436F8" w:rsidRPr="00F42816" w:rsidRDefault="00F42816" w:rsidP="00F42816"><w:pPr><w:jc w:val="center"/><w:rPr><w:lang w:val="ru-RU"/></w:rPr></w:pPr><w:r w:rsidRPr="00F42816"><w:rPr><w:rFonts w:hAnsi="Times New Roman" w:cs="Times New Roman"/><w:color w:val="000000"/><w:sz w:val="19"/><w:szCs w:val="19"/><w:vertAlign w:val="superscript"/><w:lang w:val="ru-RU"/></w:rPr><w:t>(адрес местонахождения и почтовый адрес Оператора)</w:t></w:r></w:p></w:tc></w:tr><w:tr w:rsidR="00C436F8"><w:tc><w:tcPr><w:tcW w:w="0" w:type="auto"/><w:tcMar><w:top w:w="75" w:type="dxa"/><w:left w:w="75" w:type="dxa"/><w:bottom w:w="75" w:type="dxa"/><w:right w:w="75" w:type="dxa"/></w:tcMar></w:tcPr><w:p w:rsidR="00C436F8" w:rsidRDefault="00F42816"><w:proofErr w:type="spellStart"/><w:r><w:rPr><w:rFonts w:hAnsi="Times New Roman" w:cs="Times New Roman"/><w:color w:val="000000"/><w:sz w:val="24"/><w:szCs w:val="24"/></w:rPr><w:t>руководствуясь</w:t></w:r><w:proofErr w:type="spellEnd"/><w:r><w:rPr><w:rFonts w:hAnsi="Times New Roman" w:cs="Times New Roman"/><w:color w:val="000000"/><w:sz w:val="24"/><w:szCs w:val="24"/></w:rPr><w:t>:</w:t></w:r></w:p></w:tc></w:tr><w:tr w:rsidR="00C436F8"><w:tc><w:tcPr><w:tcW w:w="0" w:type="auto"/><w:tcBorders><w:top w:val="none" w:sz="0" w:space="0" w:color="000000"/><w:left w:val="none" w:sz="0" w:space="0" w:color="000000"/><w:bottom w:val="single" w:sz="6" w:space="0" w:color="000000"/><w:right w:val="none" w:sz="0" w:space="0" w:color="000000"/></w:tcBorders><w:tcMar><w:top w:w="75" w:type="dxa"/><w:left w:w="75" w:type="dxa"/><w:bottom w:w="75" w:type="dxa"/><w:right w:w="75" w:type="dxa"/></w:tcMar></w:tcPr><w:p w:rsidR="00C436F8" w:rsidRDefault="00F42816" w:rsidP="00F42816"><w:pPr><w:jc w:val="center"/></w:pPr><w:r><w:rPr><w:rFonts w:hAnsi="Times New Roman" w:cs="Times New Roman"/><w:color w:val="000000"/><w:sz w:val="24"/><w:szCs w:val="24"/></w:rPr><w:t>Трудовым кодексом Российской Федерации</w:t></w:r></w:p></w:tc></w:tr><w:tr w:rsidR="00C436F8" w:rsidRPr="00F07228"><w:tc><w:tcPr><w:tcW w:w="0" w:type="auto"/><w:tcBorders><w:top w:val="single" w:sz="6" w:space="0" w:color="000000"/><w:left w:val="none" w:sz="0" w:space="0" w:color="000000"/><w:bottom w:val="none" w:sz="0" w:space="0" w:color="000000"/><w:right w:val="none" w:sz="0" w:space="0" w:color="000000"/></w:tcBorders><w:tcMar><w:top w:w="75" w:type="dxa"/><w:left w:w="75" w:type="dxa"/><w:bottom w:w="75" w:type="dxa"/><w:right w:w="75" w:type="dxa"/></w:tcMar></w:tcPr><w:p w:rsidR="00C436F8" w:rsidRPr="00F42816" w:rsidRDefault="00F42816" w:rsidP="00F42816"><w:pPr><w:jc w:val="center"/><w:rPr><w:lang w:val="ru-RU"/></w:rPr></w:pPr><w:r w:rsidRPr="00F42816"><w:rPr><w:rFonts w:hAnsi="Times New Roman" w:cs="Times New Roman"/><w:color w:val="000000"/><w:sz w:val="19"/><w:szCs w:val="19"/><w:vertAlign w:val="superscript"/><w:lang w:val="ru-RU"/></w:rPr><w:t>(правовое основание обработки персональных данных)</w:t></w:r></w:p></w:tc></w:tr><w:tr w:rsidR="00C436F8" w:rsidRPr="00F07228"><w:tc><w:tcPr><w:tcW w:w="0" w:type="auto"/><w:tcBorders><w:top w:val="none" w:sz="0" w:space="0" w:color="000000"/><w:left w:val="none" w:sz="0" w:space="0" w:color="000000"/><w:bottom w:val="single" w:sz="6" w:space="0" w:color="000000"/><w:right w:val="none" w:sz="0" w:space="0" w:color="000000"/></w:tcBorders><w:tcMar><w:top w:w="75" w:type="dxa"/><w:left w:w="75" w:type="dxa"/><w:bottom w:w="75" w:type="dxa"/><w:right w:w="75" w:type="dxa"/></w:tcMar></w:tcPr><w:p w:rsidR="00C436F8" w:rsidRPr="00F42816" w:rsidRDefault="00C436F8"><w:pPr><w:ind w:left="75" w:right="75"/><w:rPr><w:rFonts w:hAnsi="Times New Roman" w:cs="Times New Roman"/><w:color w:val="000000"/><w:sz w:val="24"/><w:szCs w:val="24"/><w:lang w:val="ru-RU"/></w:rPr></w:pPr></w:p></w:tc></w:tr><w:tr w:rsidR="00C436F8"><w:tc><w:tcPr><w:tcW w:w="0" w:type="auto"/><w:tcBorders><w:top w:val="single" w:sz="6" w:space="0" w:color="000000"/><w:left w:val="none" w:sz="0" w:space="0" w:color="000000"/><w:bottom w:val="none" w:sz="0" w:space="0" w:color="000000"/><w:right w:val="none" w:sz="0" w:space="0" w:color="000000"/></w:tcBorders><w:tcMar><w:top w:w="75" w:type="dxa"/><w:left w:w="75" w:type="dxa"/><w:bottom w:w="75" w:type="dxa"/><w:right w:w="75" w:type="dxa"/></w:tcMar></w:tcPr><w:p w:rsidR="00C436F8" w:rsidRDefault="00F42816"><w:r><w:rPr><w:rFonts w:hAnsi="Times New Roman" w:cs="Times New Roman"/><w:color w:val="000000"/><w:sz w:val="24"/><w:szCs w:val="24"/></w:rPr><w:t xml:space="preserve">с </w:t></w:r><w:proofErr w:type="spellStart"/><w:r><w:rPr><w:rFonts w:hAnsi="Times New Roman" w:cs="Times New Roman"/><w:color w:val="000000"/><w:sz w:val="24"/><w:szCs w:val="24"/></w:rPr><w:t>целью</w:t></w:r><w:proofErr w:type="spellEnd"/><w:r><w:rPr><w:rFonts w:hAnsi="Times New Roman" w:cs="Times New Roman"/><w:color w:val="000000"/><w:sz w:val="24"/><w:szCs w:val="24"/></w:rPr><w:t>:</w:t></w:r></w:p></w:tc></w:tr><w:tr w:rsidR="00C436F8" w:rsidRPr="00F07228"><w:tc><w:tcPr><w:tcW w:w="0" w:type="auto"/><w:tcBorders><w:top w:val="none" w:sz="0" w:space="0" w:color="000000"/><w:left w:val="none" w:sz="0" w:space="0" w:color="000000"/><w:bottom w:val="single" w:sz="6" w:space="0" w:color="000000"/><w:right w:val="none" w:sz="0" w:space="0" w:color="000000"/></w:tcBorders><w:tcMar><w:top w:w="75" w:type="dxa"/><w:left w:w="75" w:type="dxa"/><w:bottom w:w="75" w:type="dxa"/><w:right w:w="75" w:type="dxa"/></w:tcMar></w:tcPr><w:p w:rsidR="00C436F8" w:rsidRPr="00F42816" w:rsidRDefault="00F42816" w:rsidP="00F42816"><w:pPr><w:jc w:val="center"/><w:rPr><w:lang w:val="ru-RU"/></w:rPr></w:pPr><w:r w:rsidRPr="00F42816"><w:rPr><w:rFonts w:hAnsi="Times New Roman" w:cs="Times New Roman"/><w:color w:val="000000"/><w:sz w:val="24"/><w:szCs w:val="24"/><w:lang w:val="ru-RU"/></w:rPr><w:t>осуществления трудовых взаимоотношений с работниками и видов деятельности в соответствии с Уставом организации</w:t></w:r></w:p></w:tc></w:tr><w:tr w:rsidR="00C436F8"><w:tc><w:tcPr><w:tcW w:w="0" w:type="auto"/><w:tcBorders><w:top w:val="single" w:sz="6" w:space="0" w:color="000000"/><w:left w:val="none" w:sz="0" w:space="0" w:color="000000"/><w:bottom w:val="none" w:sz="0" w:space="0" w:color="000000"/><w:right w:val="none" w:sz="0" w:space="0" w:color="000000"/></w:tcBorders><w:tcMar><w:top w:w="75" w:type="dxa"/><w:left w:w="75" w:type="dxa"/><w:bottom w:w="75" w:type="dxa"/><w:right w:w="75" w:type="dxa"/></w:tcMar></w:tcPr><w:p w:rsidR="00C436F8" w:rsidRDefault="00F42816" w:rsidP="00F42816"><w:pPr><w:jc w:val="center"/></w:pPr><w:r><w:rPr><w:rFonts w:hAnsi="Times New Roman" w:cs="Times New Roman"/><w:color w:val="000000"/><w:sz w:val="19"/><w:szCs w:val="19"/><w:vertAlign w:val="superscript"/></w:rPr><w:t>(</w:t></w:r><w:proofErr w:type="spellStart"/><w:r><w:rPr><w:rFonts w:hAnsi="Times New Roman" w:cs="Times New Roman"/><w:color w:val="000000"/><w:sz w:val="19"/><w:szCs w:val="19"/><w:vertAlign w:val="superscript"/></w:rPr><w:t>цель</w:t></w:r><w:proofErr w:type="spellEnd"/><w:r><w:rPr><w:rFonts w:hAnsi="Times New Roman" w:cs="Times New Roman"/><w:color w:val="000000"/><w:sz w:val="19"/><w:szCs w:val="19"/><w:vertAlign w:val="superscript"/></w:rPr><w:t xml:space="preserve"> </w:t></w:r><w:proofErr w:type="spellStart"/><w:r><w:rPr><w:rFonts w:hAnsi="Times New Roman" w:cs="Times New Roman"/><w:color w:val="000000"/><w:sz w:val="19"/><w:szCs w:val="19"/><w:vertAlign w:val="superscript"/></w:rPr><w:t>обработки</w:t></w:r><w:proofErr w:type="spellEnd"/><w:r><w:rPr><w:rFonts w:hAnsi="Times New Roman" w:cs="Times New Roman"/><w:color w:val="000000"/><w:sz w:val="19"/><w:szCs w:val="19"/><w:vertAlign w:val="superscript"/></w:rPr><w:t xml:space="preserve"> </w:t></w:r><w:proofErr w:type="spellStart"/><w:r><w:rPr><w:rFonts w:hAnsi="Times New Roman" w:cs="Times New Roman"/><w:color w:val="000000"/><w:sz w:val="19"/><w:szCs w:val="19"/><w:vertAlign w:val="superscript"/></w:rPr><w:t>персональных</w:t></w:r><w:proofErr w:type="spellEnd"/><w:r><w:rPr><w:rFonts w:hAnsi="Times New Roman" w:cs="Times New Roman"/><w:color w:val="000000"/><w:sz w:val="19"/><w:szCs w:val="19"/><w:vertAlign w:val="superscript"/></w:rPr><w:t xml:space="preserve"> </w:t></w:r><w:proofErr w:type="spellStart"/><w:r><w:rPr><w:rFonts w:hAnsi="Times New Roman" w:cs="Times New Roman"/><w:color w:val="000000"/><w:sz w:val="19"/><w:szCs w:val="19"/><w:vertAlign w:val="superscript"/></w:rPr><w:t>данных</w:t></w:r><w:proofErr w:type="spellEnd"/><w:r><w:rPr><w:rFonts w:hAnsi="Times New Roman" w:cs="Times New Roman"/><w:color w:val="000000"/><w:sz w:val="19"/><w:szCs w:val="19"/><w:vertAlign w:val="superscript"/></w:rPr><w:t>)</w:t></w:r></w:p></w:tc></w:tr><w:tr w:rsidR="00C436F8"><w:tc><w:tcPr><w:tcW w:w="0" w:type="auto"/><w:tcBorders><w:top w:val="none" w:sz="0" w:space="0" w:color="000000"/><w:left w:val="none" w:sz="0" w:space="0" w:color="000000"/><w:bottom w:val="single" w:sz="6" w:space="0" w:color="000000"/><w:right w:val="none" w:sz="0" w:space="0" w:color="000000"/></w:tcBorders><w:tcMar><w:top w:w="75" w:type="dxa"/><w:left w:w="75" w:type="dxa"/><w:bottom w:w="75" w:type="dxa"/><w:right w:w="75" w:type="dxa"/></w:tcMar></w:tcPr><w:p w:rsidR="00C436F8" w:rsidRDefault="00C436F8"><w:pPr><w:ind w:left="75" w:right="75"/><w:rPr><w:rFonts w:hAnsi="Times New Roman" w:cs="Times New Roman"/><w:color w:val="000000"/><w:sz w:val="24"/><w:szCs w:val="24"/></w:rPr></w:pPr></w:p></w:tc></w:tr><w:tr w:rsidR="00C436F8"><w:tc><w:tcPr><w:tcW w:w="0" w:type="auto"/><w:tcBorders><w:top w:val="single" w:sz="6" w:space="0" w:color="000000"/><w:left w:val="none" w:sz="0" w:space="0" w:color="000000"/><w:bottom w:val="none" w:sz="0" w:space="0" w:color="000000"/><w:right w:val="none" w:sz="0" w:space="0" w:color="000000"/></w:tcBorders><w:tcMar><w:top w:w="75" w:type="dxa"/><w:left w:w="75" w:type="dxa"/><w:bottom w:w="75" w:type="dxa"/><w:right w:w="75" w:type="dxa"/></w:tcMar></w:tcPr><w:p w:rsidR="00C436F8" w:rsidRDefault="00F42816"><w:r><w:rPr><w:rFonts w:hAnsi="Times New Roman" w:cs="Times New Roman"/><w:color w:val="000000"/><w:sz w:val="24"/><w:szCs w:val="24"/></w:rPr><w:t>осуществляет обработку:</w:t></w:r></w:p></w:tc></w:tr><w:tr w:rsidR="00C436F8" w:rsidRPr="00F07228"><w:tc><w:tcPr><w:tcW w:w="0" w:type="auto"/><w:tcBorders><w:top w:val="none" w:sz="0" w:space="0" w:color="000000"/><w:left w:val="none" w:sz="0" w:space="0" w:color="000000"/><w:bottom w:val="single" w:sz="6" w:space="0" w:color="000000"/><w:right w:val="none" w:sz="0" w:space="0" w:color="000000"/></w:tcBorders><w:tcMar><w:top w:w="75" w:type="dxa"/><w:left w:w="75" w:type="dxa"/><w:bottom w:w="75" w:type="dxa"/><w:right w:w="75" w:type="dxa"/></w:tcMar></w:tcPr><w:p w:rsidR="00C436F8" w:rsidRPr="00F42816" w:rsidRDefault="00F42816" w:rsidP="00F42816"><w:pPr><w:jc w:val="center"/><w:rPr><w:lang w:val="ru-RU"/></w:rPr></w:pPr><w:r w:rsidRPr="00F42816"><w:rPr><w:rFonts w:hAnsi="Times New Roman" w:cs="Times New Roman"/><w:color w:val="000000"/><w:sz w:val="24"/><w:szCs w:val="24"/><w:lang w:val="ru-RU"/></w:rPr><w:t>Ф. И. О., дат и мест рождения, адресов регистрации и фактического проживания, телефонов, электронной почты, специальных и биометрических персональных данных</w:t></w:r></w:p></w:tc></w:tr><w:tr w:rsidR="00C436F8"><w:tc><w:tcPr><w:tcW w:w="0" w:type="auto"/><w:tcBorders><w:top w:val="single" w:sz="6" w:space="0" w:color="000000"/><w:left w:val="none" w:sz="0" w:space="0" w:color="000000"/><w:bottom w:val="none" w:sz="0" w:space="0" w:color="000000"/><w:right w:val="none" w:sz="0" w:space="0" w:color="000000"/></w:tcBorders><w:tcMar><w:top w:w="75" w:type="dxa"/><w:left w:w="75" w:type="dxa"/><w:bottom w:w="75" w:type="dxa"/><w:right w:w="75" w:type="dxa"/></w:tcMar></w:tcPr><w:p w:rsidR="00C436F8" w:rsidRDefault="00F42816" w:rsidP="00F42816"><w:pPr><w:jc w:val="center"/></w:pPr><w:r><w:rPr><w:rFonts w:hAnsi="Times New Roman" w:cs="Times New Roman"/><w:color w:val="000000"/><w:sz w:val="19"/><w:szCs w:val="19"/><w:vertAlign w:val="superscript"/></w:rPr><w:t>(</w:t></w:r><w:proofErr w:type="spellStart"/><w:r><w:rPr><w:rFonts w:hAnsi="Times New Roman" w:cs="Times New Roman"/><w:color w:val="000000"/><w:sz w:val="19"/><w:szCs w:val="19"/><w:vertAlign w:val="superscript"/></w:rPr><w:t>категории</w:t></w:r><w:proofErr w:type="spellEnd"/><w:r><w:rPr><w:rFonts w:hAnsi="Times New Roman" w:cs="Times New Roman"/><w:color w:val="000000"/><w:sz w:val="19"/><w:szCs w:val="19"/><w:vertAlign w:val="superscript"/></w:rPr><w:t xml:space="preserve"> </w:t></w:r><w:proofErr w:type="spellStart"/><w:r><w:rPr><w:rFonts w:hAnsi="Times New Roman" w:cs="Times New Roman"/><w:color w:val="000000"/><w:sz w:val="19"/><w:szCs w:val="19"/><w:vertAlign w:val="superscript"/></w:rPr><w:t>персональных</w:t></w:r><w:proofErr w:type="spellEnd"/><w:r><w:rPr><w:rFonts w:hAnsi="Times New Roman" w:cs="Times New Roman"/><w:color w:val="000000"/><w:sz w:val="19"/><w:szCs w:val="19"/><w:vertAlign w:val="superscript"/></w:rPr><w:t xml:space="preserve"> </w:t></w:r><w:proofErr w:type="spellStart"/><w:r><w:rPr><w:rFonts w:hAnsi="Times New Roman" w:cs="Times New Roman"/><w:color w:val="000000"/><w:sz w:val="19"/><w:szCs w:val="19"/><w:vertAlign w:val="superscript"/></w:rPr><w:t>данных</w:t></w:r><w:proofErr w:type="spellEnd"/><w:r><w:rPr><w:rFonts w:hAnsi="Times New Roman" w:cs="Times New Roman"/><w:color w:val="000000"/><w:sz w:val="19"/><w:szCs w:val="19"/><w:vertAlign w:val="superscript"/></w:rPr><w:t>)</w:t></w:r></w:p></w:tc></w:tr><w:tr w:rsidR="00C436F8"><w:tc><w:tcPr><w:tcW w:w="0" w:type="auto"/><w:tcMar><w:top w:w="75" w:type="dxa"/><w:left w:w="75" w:type="dxa"/><w:bottom w:w="75" w:type="dxa"/><w:right w:w="75" w:type="dxa"/></w:tcMar></w:tcPr><w:p w:rsidR="00C436F8" w:rsidRDefault="00F42816"><w:r><w:rPr><w:rFonts w:hAnsi="Times New Roman" w:cs="Times New Roman"/><w:color w:val="000000"/><w:sz w:val="24"/><w:szCs w:val="24"/></w:rPr><w:t>принадлежащих:</w:t></w:r></w:p></w:tc></w:tr><w:tr w:rsidR="00C436F8"><w:tc><w:tcPr><w:tcW w:w="0" w:type="auto"/><w:tcBorders><w:top w:val="none" w:sz="0" w:space="0" w:color="000000"/><w:left w:val="none" w:sz="0" w:space="0" w:color="000000"/><w:bottom w:val="single" w:sz="6" w:space="0" w:color="000000"/><w:right w:val="none" w:sz="0" w:space="0" w:color="000000"/></w:tcBorders><w:tcMar><w:top w:w="75" w:type="dxa"/><w:left w:w="75" w:type="dxa"/><w:bottom w:w="75" w:type="dxa"/><w:right w:w="75" w:type="dxa"/></w:tcMar></w:tcPr><w:p w:rsidR="00C436F8" w:rsidRDefault="00F42816" w:rsidP="00F42816"><w:pPr><w:jc w:val="center"/></w:pPr><w:r><w:rPr><w:rFonts w:hAnsi="Times New Roman" w:cs="Times New Roman"/><w:color w:val="000000"/><w:sz w:val="24"/><w:szCs w:val="24"/></w:rPr><w:t>работникам ООО «Альфа»</w:t></w:r></w:p></w:tc></w:tr><w:tr w:rsidR="00C436F8" w:rsidRPr="00F07228"><w:tc><w:tcPr><w:tcW w:w="0" w:type="auto"/><w:tcBorders><w:top w:val="single" w:sz="6" w:space="0" w:color="000000"/><w:left w:val="none" w:sz="0" w:space="0" w:color="000000"/><w:bottom w:val="none" w:sz="0" w:space="0" w:color="000000"/><w:right w:val="none" w:sz="0" w:space="0" w:color="000000"/></w:tcBorders><w:tcMar><w:top w:w="75" w:type="dxa"/><w:left w:w="75" w:type="dxa"/><w:bottom w:w="75" w:type="dxa"/><w:right w:w="75" w:type="dxa"/></w:tcMar></w:tcPr><w:p w:rsidR="00C436F8" w:rsidRPr="00F42816" w:rsidRDefault="00F42816" w:rsidP="00F42816"><w:pPr><w:jc w:val="center"/><w:rPr><w:lang w:val="ru-RU"/></w:rPr></w:pPr><w:r w:rsidRPr="00F42816"><w:rPr><w:rFonts w:hAnsi="Times New Roman" w:cs="Times New Roman"/><w:color w:val="000000"/><w:sz w:val="19"/><w:szCs w:val="19"/><w:vertAlign w:val="superscript"/><w:lang w:val="ru-RU"/></w:rPr><w:t>(категории субъектов, персональные данные которых обрабатываются)</w:t></w:r></w:p></w:tc></w:tr><w:tr w:rsidR="00C436F8" w:rsidRPr="00F07228"><w:tc><w:tcPr><w:tcW w:w="0" w:type="auto"/><w:tcMar><w:top w:w="75" w:type="dxa"/><w:left w:w="75" w:type="dxa"/><w:bottom w:w="75" w:type="dxa"/><w:right w:w="75" w:type="dxa"/></w:tcMar></w:tcPr><w:p w:rsidR="00C436F8" w:rsidRPr="00F42816" w:rsidRDefault="00F42816"><w:pPr><w:rPr><w:lang w:val="ru-RU"/></w:rPr></w:pPr><w:r w:rsidRPr="00F42816"><w:rPr><w:rFonts w:hAnsi="Times New Roman" w:cs="Times New Roman"/><w:color w:val="000000"/><w:sz w:val="24"/><w:szCs w:val="24"/><w:lang w:val="ru-RU"/></w:rPr><w:t>Обработка вышеуказанных персональных данных будет осуществляться путем:</w:t></w:r></w:p></w:tc></w:tr><w:tr w:rsidR="00C436F8" w:rsidRPr="00F07228"><w:tc><w:tcPr><w:tcW w:w="0" w:type="auto"/><w:tcBorders><w:top w:val="none" w:sz="0" w:space="0" w:color="000000"/><w:left w:val="none" w:sz="0" w:space="0" w:color="000000"/><w:bottom w:val="single" w:sz="6" w:space="0" w:color="000000"/><w:right w:val="none" w:sz="0" w:space="0" w:color="000000"/></w:tcBorders><w:tcMar><w:top w:w="75" w:type="dxa"/><w:left w:w="75" w:type="dxa"/><w:bottom w:w="75" w:type="dxa"/><w:right w:w="75" w:type="dxa"/></w:tcMar></w:tcPr><w:p w:rsidR="00C436F8" w:rsidRPr="00F42816" w:rsidRDefault="00F42816" w:rsidP="00F42816"><w:pPr><w:jc w:val="center"/><w:rPr><w:lang w:val="ru-RU"/></w:rPr></w:pPr><w:proofErr w:type="gramStart"/><w:r w:rsidRPr="00F42816"><w:rPr><w:rFonts w:hAnsi="Times New Roman" w:cs="Times New Roman"/><w:color w:val="000000"/><w:sz w:val="24"/><w:szCs w:val="24"/><w:lang w:val="ru-RU"/></w:rPr><w:t>сбора, записи, систематизации, накопления, хранения, уточнения, извлечения, использования,</w:t></w:r><w:r><w:rPr><w:rFonts w:hAnsi="Times New Roman" w:cs="Times New Roman"/><w:color w:val="000000"/><w:sz w:val="24"/><w:szCs w:val="24"/><w:lang w:val="ru-RU"/></w:rPr><w:t xml:space="preserve"> </w:t></w:r><w:r w:rsidRPr="00F42816"><w:rPr><w:rFonts w:hAnsi="Times New Roman" w:cs="Times New Roman"/><w:color w:val="000000"/><w:sz w:val="24"/><w:szCs w:val="24"/><w:lang w:val="ru-RU"/></w:rPr><w:t>распространения, обезличивания, блокирования, удаления,</w:t></w:r><w:proofErr w:type="gramEnd"/></w:p></w:tc></w:tr><w:tr w:rsidR="00C436F8" w:rsidRPr="00F07228"><w:tc><w:tcPr><w:tcW w:w="0" w:type="auto"/><w:tcBorders><w:top w:val="single" w:sz="6" w:space="0" w:color="000000"/><w:left w:val="none" w:sz="0" w:space="0" w:color="000000"/><w:bottom w:val="none" w:sz="0" w:space="0" w:color="000000"/><w:right w:val="none" w:sz="0" w:space="0" w:color="000000"/></w:tcBorders><w:tcMar><w:top w:w="75" w:type="dxa"/><w:left w:w="75" w:type="dxa"/><w:bottom w:w="75" w:type="dxa"/><w:right w:w="75" w:type="dxa"/></w:tcMar></w:tcPr><w:p w:rsidR="00C436F8" w:rsidRPr="00F42816" w:rsidRDefault="00F42816" w:rsidP="00F42816"><w:pPr><w:jc w:val="center"/><w:rPr><w:lang w:val="ru-RU"/></w:rPr></w:pPr><w:proofErr w:type="gramStart"/><w:r w:rsidRPr="00F42816"><w:rPr><w:rFonts w:hAnsi="Times New Roman" w:cs="Times New Roman"/><w:color w:val="000000"/><w:sz w:val="19"/><w:szCs w:val="19"/><w:vertAlign w:val="superscript"/><w:lang w:val="ru-RU"/></w:rPr><w:t>(перечень действий с персональными данными, общее описание используемых</w:t></w:r><w:proofErr w:type="gramEnd"/></w:p></w:tc></w:tr><w:tr w:rsidR="00C436F8" w:rsidRPr="00F07228"><w:tc><w:tcPr><w:tcW w:w="0" w:type="auto"/><w:tcBorders><w:top w:val="none" w:sz="0" w:space="0" w:color="000000"/><w:left w:val="none" w:sz="0" w:space="0" w:color="000000"/><w:bottom w:val="single" w:sz="6" w:space="0" w:color="000000"/><w:right w:val="none" w:sz="0" w:space="0" w:color="000000"/></w:tcBorders><w:tcMar><w:top w:w="75" w:type="dxa"/><w:left w:w="75" w:type="dxa"/><w:bottom w:w="75" w:type="dxa"/><w:right w:w="75" w:type="dxa"/></w:tcMar></w:tcPr><w:p w:rsidR="00C436F8" w:rsidRPr="00F42816" w:rsidRDefault="00F42816" w:rsidP="00F42816"><w:pPr><w:jc w:val="center"/><w:rPr><w:lang w:val="ru-RU"/></w:rPr></w:pPr><w:r w:rsidRPr="00F42816"><w:rPr><w:rFonts w:hAnsi="Times New Roman" w:cs="Times New Roman"/><w:color w:val="000000"/><w:sz w:val="24"/><w:szCs w:val="24"/><w:lang w:val="ru-RU"/></w:rPr><w:lastRenderedPageBreak/><w:t>уничтожения персональных</w:t></w:r><w:r><w:rPr><w:rFonts w:hAnsi="Times New Roman" w:cs="Times New Roman"/><w:color w:val="000000"/><w:sz w:val="24"/><w:szCs w:val="24"/></w:rPr><w:t> </w:t></w:r><w:r w:rsidRPr="00F42816"><w:rPr><w:rFonts w:hAnsi="Times New Roman" w:cs="Times New Roman"/><w:color w:val="000000"/><w:sz w:val="24"/><w:szCs w:val="24"/><w:lang w:val="ru-RU"/></w:rPr><w:t>данных, в том числе с помощью средств вычислительной техники</w:t></w:r></w:p></w:tc></w:tr><w:tr w:rsidR="00C436F8" w:rsidRPr="00F07228"><w:tc><w:tcPr><w:tcW w:w="0" w:type="auto"/><w:tcBorders><w:top w:val="single" w:sz="6" w:space="0" w:color="000000"/><w:left w:val="none" w:sz="0" w:space="0" w:color="000000"/><w:bottom w:val="none" w:sz="0" w:space="0" w:color="000000"/><w:right w:val="none" w:sz="0" w:space="0" w:color="000000"/></w:tcBorders><w:tcMar><w:top w:w="75" w:type="dxa"/><w:left w:w="75" w:type="dxa"/><w:bottom w:w="75" w:type="dxa"/><w:right w:w="75" w:type="dxa"/></w:tcMar></w:tcPr><w:p w:rsidR="00C436F8" w:rsidRPr="00F42816" w:rsidRDefault="00F42816" w:rsidP="00F42816"><w:pPr><w:jc w:val="center"/><w:rPr><w:lang w:val="ru-RU"/></w:rPr></w:pPr><w:proofErr w:type="gramStart"/><w:r w:rsidRPr="00F42816"><w:rPr><w:rFonts w:hAnsi="Times New Roman" w:cs="Times New Roman"/><w:color w:val="000000"/><w:sz w:val="19"/><w:szCs w:val="19"/><w:vertAlign w:val="superscript"/><w:lang w:val="ru-RU"/></w:rPr><w:t>Оператором способов обработки персональных данных)</w:t></w:r><w:proofErr w:type="gramEnd"/></w:p></w:tc></w:tr><w:tr w:rsidR="00C436F8" w:rsidRPr="00F07228"><w:tc><w:tcPr><w:tcW w:w="0" w:type="auto"/><w:tcMar><w:top w:w="75" w:type="dxa"/><w:left w:w="75" w:type="dxa"/><w:bottom w:w="75" w:type="dxa"/><w:right w:w="75" w:type="dxa"/></w:tcMar></w:tcPr><w:p w:rsidR="00C436F8" w:rsidRPr="00F42816" w:rsidRDefault="00F42816"><w:pPr><w:rPr><w:lang w:val="ru-RU"/></w:rPr></w:pPr><w:r w:rsidRPr="00F42816"><w:rPr><w:rFonts w:hAnsi="Times New Roman" w:cs="Times New Roman"/><w:color w:val="000000"/><w:sz w:val="24"/><w:szCs w:val="24"/><w:lang w:val="ru-RU"/></w:rPr><w:t>Для обеспечения безопасности персональных данных принимаются следующие меры:</w:t></w:r></w:p></w:tc></w:tr><w:tr w:rsidR="00C436F8" w:rsidRPr="00F07228"><w:tc><w:tcPr><w:tcW w:w="0" w:type="auto"/><w:tcBorders><w:top w:val="none" w:sz="0" w:space="0" w:color="000000"/><w:left w:val="none" w:sz="0" w:space="0" w:color="000000"/><w:bottom w:val="single" w:sz="6" w:space="0" w:color="000000"/><w:right w:val="none" w:sz="0" w:space="0" w:color="000000"/></w:tcBorders><w:tcMar><w:top w:w="75" w:type="dxa"/><w:left w:w="75" w:type="dxa"/><w:bottom w:w="75" w:type="dxa"/><w:right w:w="75" w:type="dxa"/></w:tcMar></w:tcPr><w:p w:rsidR="00C436F8" w:rsidRPr="00F42816" w:rsidRDefault="00F42816" w:rsidP="00F42816"><w:pPr><w:jc w:val="center"/><w:rPr><w:lang w:val="ru-RU"/></w:rPr></w:pPr><w:proofErr w:type="gramStart"/><w:r w:rsidRPr="00F42816"><w:rPr><w:rFonts w:hAnsi="Times New Roman" w:cs="Times New Roman"/><w:color w:val="000000"/><w:sz w:val="24"/><w:szCs w:val="24"/><w:lang w:val="ru-RU"/></w:rPr><w:t>издан приказ о назначении ответственного за обработку данных, приняты положение и политика обработки персональных данных, осуществляется</w:t></w:r><w:proofErr w:type="gramEnd"/></w:p></w:tc></w:tr><w:tr w:rsidR="00C436F8" w:rsidRPr="00F07228"><w:tc><w:tcPr><w:tcW w:w="0" w:type="auto"/><w:tcBorders><w:top w:val="single" w:sz="6" w:space="0" w:color="000000"/><w:left w:val="none" w:sz="0" w:space="0" w:color="000000"/><w:bottom w:val="none" w:sz="0" w:space="0" w:color="000000"/><w:right w:val="none" w:sz="0" w:space="0" w:color="000000"/></w:tcBorders><w:tcMar><w:top w:w="75" w:type="dxa"/><w:left w:w="75" w:type="dxa"/><w:bottom w:w="75" w:type="dxa"/><w:right w:w="75" w:type="dxa"/></w:tcMar></w:tcPr><w:p w:rsidR="00C436F8" w:rsidRPr="00F42816" w:rsidRDefault="00F42816" w:rsidP="00F42816"><w:pPr><w:jc w:val="center"/><w:rPr><w:lang w:val="ru-RU"/></w:rPr></w:pPr><w:proofErr w:type="gramStart"/><w:r w:rsidRPr="00F42816"><w:rPr><w:rFonts w:hAnsi="Times New Roman" w:cs="Times New Roman"/><w:color w:val="000000"/><w:sz w:val="19"/><w:szCs w:val="19"/><w:vertAlign w:val="superscript"/><w:lang w:val="ru-RU"/></w:rPr><w:t>(описание мер, предусмотренных ст.ст.18.1 и 19 Федерального закона</w:t></w:r><w:proofErr w:type="gramEnd"/></w:p></w:tc></w:tr><w:tr w:rsidR="00C436F8" w:rsidRPr="00F07228"><w:tc><w:tcPr><w:tcW w:w="0" w:type="auto"/><w:tcBorders><w:top w:val="none" w:sz="0" w:space="0" w:color="000000"/><w:left w:val="none" w:sz="0" w:space="0" w:color="000000"/><w:bottom w:val="single" w:sz="6" w:space="0" w:color="000000"/><w:right w:val="none" w:sz="0" w:space="0" w:color="000000"/></w:tcBorders><w:tcMar><w:top w:w="75" w:type="dxa"/><w:left w:w="75" w:type="dxa"/><w:bottom w:w="75" w:type="dxa"/><w:right w:w="75" w:type="dxa"/></w:tcMar></w:tcPr><w:p w:rsidR="00C436F8" w:rsidRPr="00F42816" w:rsidRDefault="00F42816" w:rsidP="00F42816"><w:pPr><w:jc w:val="center"/><w:rPr><w:lang w:val="ru-RU"/></w:rPr></w:pPr><w:r w:rsidRPr="00F42816"><w:rPr><w:rFonts w:hAnsi="Times New Roman" w:cs="Times New Roman"/><w:color w:val="000000"/><w:sz w:val="24"/><w:szCs w:val="24"/><w:lang w:val="ru-RU"/></w:rPr><w:t xml:space="preserve">внутренний контроль и оценка вреда при обработке персональных данных, оцениваются средства защиты информации и эффективность мер </w:t></w:r><w:proofErr w:type="gramStart"/><w:r w:rsidRPr="00F42816"><w:rPr><w:rFonts w:hAnsi="Times New Roman" w:cs="Times New Roman"/><w:color w:val="000000"/><w:sz w:val="24"/><w:szCs w:val="24"/><w:lang w:val="ru-RU"/></w:rPr><w:t>по</w:t></w:r><w:proofErr w:type="gramEnd"/></w:p></w:tc></w:tr><w:tr w:rsidR="00C436F8" w:rsidRPr="00F07228"><w:tc><w:tcPr><w:tcW w:w="0" w:type="auto"/><w:tcBorders><w:top w:val="single" w:sz="6" w:space="0" w:color="000000"/><w:left w:val="none" w:sz="0" w:space="0" w:color="000000"/><w:bottom w:val="none" w:sz="0" w:space="0" w:color="000000"/><w:right w:val="none" w:sz="0" w:space="0" w:color="000000"/></w:tcBorders><w:tcMar><w:top w:w="75" w:type="dxa"/><w:left w:w="75" w:type="dxa"/><w:bottom w:w="75" w:type="dxa"/><w:right w:w="75" w:type="dxa"/></w:tcMar></w:tcPr><w:p w:rsidR="00C436F8" w:rsidRPr="00F42816" w:rsidRDefault="00F42816" w:rsidP="00F42816"><w:pPr><w:jc w:val="center"/><w:rPr><w:lang w:val="ru-RU"/></w:rPr></w:pPr><w:r w:rsidRPr="00F42816"><w:rPr><w:rFonts w:hAnsi="Times New Roman" w:cs="Times New Roman"/><w:color w:val="000000"/><w:sz w:val="19"/><w:szCs w:val="19"/><w:vertAlign w:val="superscript"/><w:lang w:val="ru-RU"/></w:rPr><w:t>№ 152-ФЗ от 27.07.2006 "О персональных данных", в т.ч. сведения о наличии</w:t></w:r></w:p></w:tc></w:tr><w:tr w:rsidR="00C436F8" w:rsidRPr="00F07228"><w:tc><w:tcPr><w:tcW w:w="0" w:type="auto"/><w:tcBorders><w:top w:val="none" w:sz="0" w:space="0" w:color="000000"/><w:left w:val="none" w:sz="0" w:space="0" w:color="000000"/><w:bottom w:val="single" w:sz="6" w:space="0" w:color="000000"/><w:right w:val="none" w:sz="0" w:space="0" w:color="000000"/></w:tcBorders><w:tcMar><w:top w:w="75" w:type="dxa"/><w:left w:w="75" w:type="dxa"/><w:bottom w:w="75" w:type="dxa"/><w:right w:w="75" w:type="dxa"/></w:tcMar></w:tcPr><w:p w:rsidR="00C436F8" w:rsidRPr="00F42816" w:rsidRDefault="00F42816" w:rsidP="00F42816"><w:pPr><w:jc w:val="center"/><w:rPr><w:lang w:val="ru-RU"/></w:rPr></w:pPr><w:r w:rsidRPr="00F42816"><w:rPr><w:rFonts w:hAnsi="Times New Roman" w:cs="Times New Roman"/><w:color w:val="000000"/><w:sz w:val="24"/><w:szCs w:val="24"/><w:lang w:val="ru-RU"/></w:rPr><w:t xml:space="preserve">безопасности персональных данных до ввода в эксплуатацию системы персональных данных, отслеживаются факты несанкционированного доступа </w:t></w:r><w:proofErr w:type="gramStart"/><w:r w:rsidRPr="00F42816"><w:rPr><w:rFonts w:hAnsi="Times New Roman" w:cs="Times New Roman"/><w:color w:val="000000"/><w:sz w:val="24"/><w:szCs w:val="24"/><w:lang w:val="ru-RU"/></w:rPr><w:t>к</w:t></w:r><w:proofErr w:type="gramEnd"/></w:p></w:tc></w:tr><w:tr w:rsidR="00C436F8" w:rsidRPr="00F07228"><w:tc><w:tcPr><w:tcW w:w="0" w:type="auto"/><w:tcBorders><w:top w:val="single" w:sz="6" w:space="0" w:color="000000"/><w:left w:val="none" w:sz="0" w:space="0" w:color="000000"/><w:bottom w:val="none" w:sz="0" w:space="0" w:color="000000"/><w:right w:val="none" w:sz="0" w:space="0" w:color="000000"/></w:tcBorders><w:tcMar><w:top w:w="75" w:type="dxa"/><w:left w:w="75" w:type="dxa"/><w:bottom w:w="75" w:type="dxa"/><w:right w:w="75" w:type="dxa"/></w:tcMar></w:tcPr><w:p w:rsidR="00C436F8" w:rsidRPr="00F42816" w:rsidRDefault="00F42816" w:rsidP="00F42816"><w:pPr><w:jc w:val="center"/><w:rPr><w:lang w:val="ru-RU"/></w:rPr></w:pPr><w:r w:rsidRPr="00F42816"><w:rPr><w:rFonts w:hAnsi="Times New Roman" w:cs="Times New Roman"/><w:color w:val="000000"/><w:sz w:val="19"/><w:szCs w:val="19"/><w:vertAlign w:val="superscript"/><w:lang w:val="ru-RU"/></w:rPr><w:t>шифровальных (криптографических) средств и наименования этих средств;</w:t></w:r></w:p></w:tc></w:tr><w:tr w:rsidR="00C436F8" w:rsidRPr="00F07228"><w:tc><w:tcPr><w:tcW w:w="0" w:type="auto"/><w:tcBorders><w:top w:val="none" w:sz="0" w:space="0" w:color="000000"/><w:left w:val="none" w:sz="0" w:space="0" w:color="000000"/><w:bottom w:val="single" w:sz="6" w:space="0" w:color="000000"/><w:right w:val="none" w:sz="0" w:space="0" w:color="000000"/></w:tcBorders><w:tcMar><w:top w:w="75" w:type="dxa"/><w:left w:w="75" w:type="dxa"/><w:bottom w:w="75" w:type="dxa"/><w:right w:w="75" w:type="dxa"/></w:tcMar></w:tcPr><w:p w:rsidR="00C436F8" w:rsidRPr="00F42816" w:rsidRDefault="00F42816" w:rsidP="00F42816"><w:pPr><w:jc w:val="center"/><w:rPr><w:lang w:val="ru-RU"/></w:rPr></w:pPr><w:r w:rsidRPr="00F42816"><w:rPr><w:rFonts w:hAnsi="Times New Roman" w:cs="Times New Roman"/><w:color w:val="000000"/><w:sz w:val="24"/><w:szCs w:val="24"/><w:lang w:val="ru-RU"/></w:rPr><w:t>персональным данным, восстанавливаются не санкционировано уничтоженные данные, устанавливаются</w:t></w:r><w:r><w:rPr><w:rFonts w:hAnsi="Times New Roman" w:cs="Times New Roman"/><w:color w:val="000000"/><w:sz w:val="24"/><w:szCs w:val="24"/></w:rPr><w:t> </w:t></w:r><w:r w:rsidRPr="00F42816"><w:rPr><w:rFonts w:hAnsi="Times New Roman" w:cs="Times New Roman"/><w:color w:val="000000"/><w:sz w:val="24"/><w:szCs w:val="24"/><w:lang w:val="ru-RU"/></w:rPr><w:t>правила доступа к персональным данным,</w:t></w:r></w:p></w:tc></w:tr><w:tr w:rsidR="00C436F8" w:rsidRPr="00F07228"><w:tc><w:tcPr><w:tcW w:w="0" w:type="auto"/><w:tcBorders><w:top w:val="single" w:sz="6" w:space="0" w:color="000000"/><w:left w:val="none" w:sz="0" w:space="0" w:color="000000"/><w:bottom w:val="none" w:sz="0" w:space="0" w:color="000000"/><w:right w:val="none" w:sz="0" w:space="0" w:color="000000"/></w:tcBorders><w:tcMar><w:top w:w="75" w:type="dxa"/><w:left w:w="75" w:type="dxa"/><w:bottom w:w="75" w:type="dxa"/><w:right w:w="75" w:type="dxa"/></w:tcMar></w:tcPr><w:p w:rsidR="00C436F8" w:rsidRPr="00F42816" w:rsidRDefault="00F42816" w:rsidP="00F42816"><w:pPr><w:jc w:val="center"/><w:rPr><w:lang w:val="ru-RU"/></w:rPr></w:pPr><w:r w:rsidRPr="00F42816"><w:rPr><w:rFonts w:hAnsi="Times New Roman" w:cs="Times New Roman"/><w:color w:val="000000"/><w:sz w:val="19"/><w:szCs w:val="19"/><w:vertAlign w:val="superscript"/><w:lang w:val="ru-RU"/></w:rPr><w:t>фамилия, имя, отчество физического лица или наименование юридического лица,</w:t></w:r></w:p></w:tc></w:tr><w:tr w:rsidR="00C436F8" w:rsidRPr="00F07228"><w:tc><w:tcPr><w:tcW w:w="0" w:type="auto"/><w:tcBorders><w:top w:val="none" w:sz="0" w:space="0" w:color="000000"/><w:left w:val="none" w:sz="0" w:space="0" w:color="000000"/><w:bottom w:val="single" w:sz="6" w:space="0" w:color="000000"/><w:right w:val="none" w:sz="0" w:space="0" w:color="000000"/></w:tcBorders><w:tcMar><w:top w:w="75" w:type="dxa"/><w:left w:w="75" w:type="dxa"/><w:bottom w:w="75" w:type="dxa"/><w:right w:w="75" w:type="dxa"/></w:tcMar></w:tcPr><w:p w:rsidR="00C436F8" w:rsidRPr="00F42816" w:rsidRDefault="00F42816" w:rsidP="00F42816"><w:pPr><w:jc w:val="center"/><w:rPr><w:lang w:val="ru-RU"/></w:rPr></w:pPr><w:r w:rsidRPr="00F42816"><w:rPr><w:rFonts w:hAnsi="Times New Roman" w:cs="Times New Roman"/><w:color w:val="000000"/><w:sz w:val="24"/><w:szCs w:val="24"/><w:lang w:val="ru-RU"/></w:rPr><w:t>регистрируются и учитываются все действия с персональными данными в информационных системах, осуществляется контроль мер по обеспечению безопасности персональных данных,</w:t></w:r></w:p></w:tc></w:tr><w:tr w:rsidR="00C436F8" w:rsidRPr="00F07228"><w:tc><w:tcPr><w:tcW w:w="0" w:type="auto"/><w:tcBorders><w:top w:val="single" w:sz="6" w:space="0" w:color="000000"/><w:left w:val="none" w:sz="0" w:space="0" w:color="000000"/><w:bottom w:val="none" w:sz="0" w:space="0" w:color="000000"/><w:right w:val="none" w:sz="0" w:space="0" w:color="000000"/></w:tcBorders><w:tcMar><w:top w:w="75" w:type="dxa"/><w:left w:w="75" w:type="dxa"/><w:bottom w:w="75" w:type="dxa"/><w:right w:w="75" w:type="dxa"/></w:tcMar></w:tcPr><w:p w:rsidR="00C436F8" w:rsidRPr="00F42816" w:rsidRDefault="00F42816" w:rsidP="00F42816"><w:pPr><w:jc w:val="center"/><w:rPr><w:lang w:val="ru-RU"/></w:rPr></w:pPr><w:r w:rsidRPr="00F42816"><w:rPr><w:rFonts w:hAnsi="Times New Roman" w:cs="Times New Roman"/><w:color w:val="000000"/><w:sz w:val="19"/><w:szCs w:val="19"/><w:vertAlign w:val="superscript"/><w:lang w:val="ru-RU"/></w:rPr><w:t>ответственных за организацию обработки персональных данных, и номера их</w:t></w:r></w:p></w:tc></w:tr><w:tr w:rsidR="00C436F8"><w:tc><w:tcPr><w:tcW w:w="0" w:type="auto"/><w:tcBorders><w:top w:val="none" w:sz="0" w:space="0" w:color="000000"/><w:left w:val="none" w:sz="0" w:space="0" w:color="000000"/><w:bottom w:val="single" w:sz="6" w:space="0" w:color="000000"/><w:right w:val="none" w:sz="0" w:space="0" w:color="000000"/></w:tcBorders><w:tcMar><w:top w:w="75" w:type="dxa"/><w:left w:w="75" w:type="dxa"/><w:bottom w:w="75" w:type="dxa"/><w:right w:w="75" w:type="dxa"/></w:tcMar></w:tcPr><w:p w:rsidR="00C436F8" w:rsidRDefault="00F42816" w:rsidP="00F42816"><w:pPr><w:jc w:val="center"/></w:pPr><w:r w:rsidRPr="00F42816"><w:rPr><w:rFonts w:hAnsi="Times New Roman" w:cs="Times New Roman"/><w:color w:val="000000"/><w:sz w:val="24"/><w:szCs w:val="24"/><w:lang w:val="ru-RU"/></w:rPr><w:t xml:space="preserve">Громова Елена Эдуардовна, тел. +7(916) 444-33-22, 125135, г. Москва, ул. </w:t></w:r><w:proofErr w:type="spellStart"/><w:r><w:rPr><w:rFonts w:hAnsi="Times New Roman" w:cs="Times New Roman"/><w:color w:val="000000"/><w:sz w:val="24"/><w:szCs w:val="24"/></w:rPr><w:t>Зябликова</w:t></w:r><w:proofErr w:type="spellEnd"/><w:r><w:rPr><w:rFonts w:hAnsi="Times New Roman" w:cs="Times New Roman"/><w:color w:val="000000"/><w:sz w:val="24"/><w:szCs w:val="24"/></w:rPr><w:t>, д. 17, кв. 151; gromova@alfa.ru</w:t></w:r></w:p></w:tc></w:tr><w:tr w:rsidR="00C436F8" w:rsidRPr="00F07228"><w:tc><w:tcPr><w:tcW w:w="0" w:type="auto"/><w:tcBorders><w:top w:val="single" w:sz="6" w:space="0" w:color="000000"/><w:left w:val="none" w:sz="0" w:space="0" w:color="000000"/><w:bottom w:val="none" w:sz="0" w:space="0" w:color="000000"/><w:right w:val="none" w:sz="0" w:space="0" w:color="000000"/></w:tcBorders><w:tcMar><w:top w:w="75" w:type="dxa"/><w:left w:w="75" w:type="dxa"/><w:bottom w:w="75" w:type="dxa"/><w:right w:w="75" w:type="dxa"/></w:tcMar></w:tcPr><w:p w:rsidR="00C436F8" w:rsidRPr="00F42816" w:rsidRDefault="00F42816" w:rsidP="00F42816"><w:pPr><w:jc w:val="center"/><w:rPr><w:lang w:val="ru-RU"/></w:rPr></w:pPr><w:r w:rsidRPr="00F42816"><w:rPr><w:rFonts w:hAnsi="Times New Roman" w:cs="Times New Roman"/><w:color w:val="000000"/><w:sz w:val="19"/><w:szCs w:val="19"/><w:vertAlign w:val="superscript"/><w:lang w:val="ru-RU"/></w:rPr><w:t>контактных телефонов, почтовые адреса и адреса электронной почты)</w:t></w:r></w:p></w:tc></w:tr><w:tr w:rsidR="00C436F8" w:rsidRPr="00F07228"><w:tc><w:tcPr><w:tcW w:w="0" w:type="auto"/><w:tcMar><w:top w:w="75" w:type="dxa"/><w:left w:w="75" w:type="dxa"/><w:bottom w:w="75" w:type="dxa"/><w:right w:w="75" w:type="dxa"/></w:tcMar></w:tcPr><w:p w:rsidR="00C436F8" w:rsidRPr="00F42816" w:rsidRDefault="00F42816"><w:pPr><w:rPr><w:lang w:val="ru-RU"/></w:rPr></w:pPr><w:r w:rsidRPr="00F42816"><w:rPr><w:rFonts w:hAnsi="Times New Roman" w:cs="Times New Roman"/><w:color w:val="000000"/><w:sz w:val="24"/><w:szCs w:val="24"/><w:lang w:val="ru-RU"/></w:rPr><w:t>Сведения о наличии или об отсутствии трансграничной передачи персональных данных:</w:t></w:r></w:p></w:tc></w:tr><w:tr w:rsidR="00C436F8"><w:tc><w:tcPr><w:tcW w:w="0" w:type="auto"/><w:tcBorders><w:top w:val="none" w:sz="0" w:space="0" w:color="000000"/><w:left w:val="none" w:sz="0" w:space="0" w:color="000000"/><w:bottom w:val="single" w:sz="6" w:space="0" w:color="000000"/><w:right w:val="none" w:sz="0" w:space="0" w:color="000000"/></w:tcBorders><w:tcMar><w:top w:w="75" w:type="dxa"/><w:left w:w="75" w:type="dxa"/><w:bottom w:w="75" w:type="dxa"/><w:right w:w="75" w:type="dxa"/></w:tcMar></w:tcPr><w:p w:rsidR="00C436F8" w:rsidRDefault="00F42816" w:rsidP="00F42816"><w:pPr><w:jc w:val="center"/></w:pPr><w:proofErr w:type="spellStart"/><w:r><w:rPr><w:rFonts w:hAnsi="Times New Roman" w:cs="Times New Roman"/><w:color w:val="000000"/><w:sz w:val="24"/><w:szCs w:val="24"/></w:rPr><w:t>нет</w:t></w:r><w:proofErr w:type="spellEnd"/></w:p></w:tc></w:tr><w:tr w:rsidR="00C436F8" w:rsidRPr="00F07228"><w:tc><w:tcPr><w:tcW w:w="0" w:type="auto"/><w:tcBorders><w:top w:val="single" w:sz="6" w:space="0" w:color="000000"/><w:left w:val="none" w:sz="0" w:space="0" w:color="000000"/><w:bottom w:val="none" w:sz="0" w:space="0" w:color="000000"/><w:right w:val="none" w:sz="0" w:space="0" w:color="000000"/></w:tcBorders><w:tcMar><w:top w:w="75" w:type="dxa"/><w:left w:w="75" w:type="dxa"/><w:bottom w:w="75" w:type="dxa"/><w:right w:w="75" w:type="dxa"/></w:tcMar></w:tcPr><w:p w:rsidR="00C436F8" w:rsidRPr="00F42816" w:rsidRDefault="00F42816" w:rsidP="00F42816"><w:pPr><w:jc w:val="center"/><w:rPr><w:lang w:val="ru-RU"/></w:rPr></w:pPr><w:proofErr w:type="gramStart"/><w:r w:rsidRPr="00F42816"><w:rPr><w:rFonts w:hAnsi="Times New Roman" w:cs="Times New Roman"/><w:color w:val="000000"/><w:sz w:val="19"/><w:szCs w:val="19"/><w:vertAlign w:val="superscript"/><w:lang w:val="ru-RU"/></w:rPr><w:t>(при наличии трансграничной передачи персональных данных в процессе их</w:t></w:r><w:proofErr w:type="gramEnd"/></w:p></w:tc></w:tr><w:tr w:rsidR="00C436F8" w:rsidRPr="00F07228"><w:tc><w:tcPr><w:tcW w:w="0" w:type="auto"/><w:tcBorders><w:top w:val="none" w:sz="0" w:space="0" w:color="000000"/><w:left w:val="none" w:sz="0" w:space="0" w:color="000000"/><w:bottom w:val="single" w:sz="6" w:space="0" w:color="000000"/><w:right w:val="none" w:sz="0" w:space="0" w:color="000000"/></w:tcBorders><w:tcMar><w:top w:w="75" w:type="dxa"/><w:left w:w="75" w:type="dxa"/><w:bottom w:w="75" w:type="dxa"/><w:right w:w="75" w:type="dxa"/></w:tcMar></w:tcPr><w:p w:rsidR="00C436F8" w:rsidRPr="00F42816" w:rsidRDefault="00C436F8"><w:pPr><w:ind w:left="75" w:right="75"/><w:rPr><w:rFonts w:hAnsi="Times New Roman" w:cs="Times New Roman"/><w:color w:val="000000"/><w:sz w:val="24"/><w:szCs w:val="24"/><w:lang w:val="ru-RU"/></w:rPr></w:pPr></w:p></w:tc></w:tr><w:tr w:rsidR="00C436F8" w:rsidRPr="00F07228"><w:tc><w:tcPr><w:tcW w:w="0" w:type="auto"/><w:tcBorders><w:top w:val="single" w:sz="6" w:space="0" w:color="000000"/><w:left w:val="none" w:sz="0" w:space="0" w:color="000000"/><w:bottom w:val="none" w:sz="0" w:space="0" w:color="000000"/><w:right w:val="none" w:sz="0" w:space="0" w:color="000000"/></w:tcBorders><w:tcMar><w:top w:w="75" w:type="dxa"/><w:left w:w="75" w:type="dxa"/><w:bottom w:w="75" w:type="dxa"/><w:right w:w="75" w:type="dxa"/></w:tcMar></w:tcPr><w:p w:rsidR="00C436F8" w:rsidRPr="00F42816" w:rsidRDefault="00F42816" w:rsidP="00F42816"><w:pPr><w:jc w:val="center"/><w:rPr><w:lang w:val="ru-RU"/></w:rPr></w:pPr><w:r w:rsidRPr="00F42816"><w:rPr><w:rFonts w:hAnsi="Times New Roman" w:cs="Times New Roman"/><w:color w:val="000000"/><w:sz w:val="19"/><w:szCs w:val="19"/><w:vertAlign w:val="superscript"/><w:lang w:val="ru-RU"/></w:rPr><w:t>обработки указывается перечень иностранных государств, на территорию</w:t></w:r></w:p></w:tc></w:tr><w:tr w:rsidR="00C436F8" w:rsidRPr="00F07228"><w:tc><w:tcPr><w:tcW w:w="0" w:type="auto"/><w:tcBorders><w:top w:val="none" w:sz="0" w:space="0" w:color="000000"/><w:left w:val="none" w:sz="0" w:space="0" w:color="000000"/><w:bottom w:val="single" w:sz="6" w:space="0" w:color="000000"/><w:right w:val="none" w:sz="0" w:space="0" w:color="000000"/></w:tcBorders><w:tcMar><w:top w:w="75" w:type="dxa"/><w:left w:w="75" w:type="dxa"/><w:bottom w:w="75" w:type="dxa"/><w:right w:w="75" w:type="dxa"/></w:tcMar></w:tcPr><w:p w:rsidR="00C436F8" w:rsidRPr="00F42816" w:rsidRDefault="00C436F8" w:rsidP="00F42816"><w:pPr><w:ind w:left="75" w:right="75"/><w:jc w:val="center"/><w:rPr><w:rFonts w:hAnsi="Times New Roman" w:cs="Times New Roman"/><w:color w:val="000000"/><w:sz w:val="24"/><w:szCs w:val="24"/><w:lang w:val="ru-RU"/></w:rPr></w:pPr></w:p></w:tc></w:tr><w:tr w:rsidR="00C436F8" w:rsidRPr="00F07228"><w:tc><w:tcPr><w:tcW w:w="0" w:type="auto"/><w:tcBorders><w:top w:val="single" w:sz="6" w:space="0" w:color="000000"/><w:left w:val="none" w:sz="0" w:space="0" w:color="000000"/><w:bottom w:val="none" w:sz="0" w:space="0" w:color="000000"/><w:right w:val="none" w:sz="0" w:space="0" w:color="000000"/></w:tcBorders><w:tcMar><w:top w:w="75" w:type="dxa"/><w:left w:w="75" w:type="dxa"/><w:bottom w:w="75" w:type="dxa"/><w:right w:w="75" w:type="dxa"/></w:tcMar></w:tcPr><w:p w:rsidR="00C436F8" w:rsidRPr="00F42816" w:rsidRDefault="00F42816" w:rsidP="00F42816"><w:pPr><w:jc w:val="center"/><w:rPr><w:lang w:val="ru-RU"/></w:rPr></w:pPr><w:r w:rsidRPr="00F42816"><w:rPr><w:rFonts w:hAnsi="Times New Roman" w:cs="Times New Roman"/><w:color w:val="000000"/><w:sz w:val="19"/><w:szCs w:val="19"/><w:vertAlign w:val="superscript"/><w:lang w:val="ru-RU"/></w:rPr><w:t>которых осуществляется трансграничная передача персональных данных)</w:t></w:r></w:p></w:tc></w:tr><w:tr w:rsidR="00C436F8" w:rsidRPr="00F07228"><w:tc><w:tcPr><w:tcW w:w="0" w:type="auto"/><w:tcMar><w:top w:w="75" w:type="dxa"/><w:left w:w="75" w:type="dxa"/><w:bottom w:w="75" w:type="dxa"/><w:right w:w="75" w:type="dxa"/></w:tcMar></w:tcPr><w:p w:rsidR="00C436F8" w:rsidRPr="00F42816" w:rsidRDefault="00F42816"><w:pPr><w:rPr><w:lang w:val="ru-RU"/></w:rPr></w:pPr><w:r w:rsidRPr="00F42816"><w:rPr><w:rFonts w:hAnsi="Times New Roman" w:cs="Times New Roman"/><w:color w:val="000000"/><w:sz w:val="24"/><w:szCs w:val="24"/><w:lang w:val="ru-RU"/></w:rPr><w:t>Сведения о месте нахождения базы данных информации, содержащей персональные данные граждан Российской Федерации:</w:t></w:r></w:p></w:tc></w:tr><w:tr w:rsidR="00C436F8" w:rsidRPr="00F07228"><w:tc><w:tcPr><w:tcW w:w="0" w:type="auto"/><w:tcBorders><w:top w:val="none" w:sz="0" w:space="0" w:color="000000"/><w:left w:val="none" w:sz="0" w:space="0" w:color="000000"/><w:bottom w:val="single" w:sz="6" w:space="0" w:color="000000"/><w:right w:val="none" w:sz="0" w:space="0" w:color="000000"/></w:tcBorders><w:tcMar><w:top w:w="75" w:type="dxa"/><w:left w:w="75" w:type="dxa"/><w:bottom w:w="75" w:type="dxa"/><w:right w:w="75" w:type="dxa"/></w:tcMar></w:tcPr><w:p w:rsidR="00C436F8" w:rsidRPr="00F42816" w:rsidRDefault="00F42816" w:rsidP="00F42816"><w:pPr><w:jc w:val="center"/><w:rPr><w:lang w:val="ru-RU"/></w:rPr></w:pPr><w:r w:rsidRPr="00F42816"><w:rPr><w:rFonts w:hAnsi="Times New Roman" w:cs="Times New Roman"/><w:color w:val="000000"/><w:sz w:val="24"/><w:szCs w:val="24"/><w:lang w:val="ru-RU"/></w:rPr><w:t>125008, г. Москва, ул. Михайловская, д. 20</w:t></w:r></w:p></w:tc></w:tr><w:tr w:rsidR="00C436F8" w:rsidRPr="00F07228"><w:tc><w:tcPr><w:tcW w:w="0" w:type="auto"/><w:tcBorders><w:top w:val="single" w:sz="6" w:space="0" w:color="000000"/><w:left w:val="none" w:sz="0" w:space="0" w:color="000000"/><w:bottom w:val="none" w:sz="0" w:space="0" w:color="000000"/><w:right w:val="none" w:sz="0" w:space="0" w:color="000000"/></w:tcBorders><w:tcMar><w:top w:w="75" w:type="dxa"/><w:left w:w="75" w:type="dxa"/><w:bottom w:w="75" w:type="dxa"/><w:right w:w="75" w:type="dxa"/></w:tcMar></w:tcPr><w:p w:rsidR="00C436F8" w:rsidRPr="00F42816" w:rsidRDefault="00F42816" w:rsidP="00F42816"><w:pPr><w:jc w:val="center"/><w:rPr><w:lang w:val="ru-RU"/></w:rPr></w:pPr><w:proofErr w:type="gramStart"/><w:r w:rsidRPr="00F42816"><w:rPr><w:rFonts w:hAnsi="Times New Roman" w:cs="Times New Roman"/><w:color w:val="000000"/><w:sz w:val="19"/><w:szCs w:val="19"/><w:vertAlign w:val="superscript"/><w:lang w:val="ru-RU"/></w:rPr><w:t>(страна, адрес местонахождения базы данных,</w:t></w:r><w:proofErr w:type="gramEnd"/></w:p></w:tc></w:tr><w:tr w:rsidR="00C436F8" w:rsidRPr="00F07228"><w:tc><w:tcPr><w:tcW w:w="0" w:type="auto"/><w:tcBorders><w:top w:val="none" w:sz="0" w:space="0" w:color="000000"/><w:left w:val="none" w:sz="0" w:space="0" w:color="000000"/><w:bottom w:val="single" w:sz="6" w:space="0" w:color="000000"/><w:right w:val="none" w:sz="0" w:space="0" w:color="000000"/></w:tcBorders><w:tcMar><w:top w:w="75" w:type="dxa"/><w:left w:w="75" w:type="dxa"/><w:bottom w:w="75" w:type="dxa"/><w:right w:w="75" w:type="dxa"/></w:tcMar></w:tcPr><w:p w:rsidR="00C436F8" w:rsidRPr="00F42816" w:rsidRDefault="00C436F8" w:rsidP="00F42816"><w:pPr><w:ind w:left="75" w:right="75"/><w:jc w:val="center"/><w:rPr><w:rFonts w:hAnsi="Times New Roman" w:cs="Times New Roman"/><w:color w:val="000000"/><w:sz w:val="24"/><w:szCs w:val="24"/><w:lang w:val="ru-RU"/></w:rPr></w:pPr></w:p></w:tc></w:tr><w:tr w:rsidR="00C436F8" w:rsidRPr="00F07228"><w:tc><w:tcPr><w:tcW w:w="0" w:type="auto"/><w:tcBorders><w:top w:val="single" w:sz="6" w:space="0" w:color="000000"/><w:left w:val="none" w:sz="0" w:space="0" w:color="000000"/><w:bottom w:val="none" w:sz="0" w:space="0" w:color="000000"/><w:right w:val="none" w:sz="0" w:space="0" w:color="000000"/></w:tcBorders><w:tcMar><w:top w:w="75" w:type="dxa"/><w:left w:w="75" w:type="dxa"/><w:bottom w:w="75" w:type="dxa"/><w:right w:w="75" w:type="dxa"/></w:tcMar></w:tcPr><w:p w:rsidR="00C436F8" w:rsidRPr="00F42816" w:rsidRDefault="00F42816" w:rsidP="00F42816"><w:pPr><w:jc w:val="center"/><w:rPr><w:lang w:val="ru-RU"/></w:rPr></w:pPr><w:r w:rsidRPr="00F42816"><w:rPr><w:rFonts w:hAnsi="Times New Roman" w:cs="Times New Roman"/><w:color w:val="000000"/><w:sz w:val="19"/><w:szCs w:val="19"/><w:vertAlign w:val="superscript"/><w:lang w:val="ru-RU"/></w:rPr><w:t>наименование информационной системы (базы данных)</w:t></w:r></w:p></w:tc></w:tr><w:tr w:rsidR="00C436F8" w:rsidRPr="00F07228"><w:tc><w:tcPr><w:tcW w:w="0" w:type="auto"/><w:tcMar><w:top w:w="75" w:type="dxa"/><w:left w:w="75" w:type="dxa"/><w:bottom w:w="75" w:type="dxa"/><w:right w:w="75" w:type="dxa"/></w:tcMar></w:tcPr><w:p w:rsidR="00C436F8" w:rsidRPr="00F42816" w:rsidRDefault="00F42816"><w:pPr><w:rPr><w:lang w:val="ru-RU"/></w:rPr></w:pPr><w:r w:rsidRPr="00F42816"><w:rPr><w:rFonts w:hAnsi="Times New Roman" w:cs="Times New Roman"/><w:color w:val="000000"/><w:sz w:val="24"/><w:szCs w:val="24"/><w:lang w:val="ru-RU"/></w:rPr><w:lastRenderedPageBreak/><w:t>Сведения об обеспечении безопасности персональных данных:</w:t></w:r></w:p></w:tc></w:tr><w:tr w:rsidR="00C436F8" w:rsidRPr="00F07228"><w:tc><w:tcPr><w:tcW w:w="0" w:type="auto"/><w:tcBorders><w:top w:val="none" w:sz="0" w:space="0" w:color="000000"/><w:left w:val="none" w:sz="0" w:space="0" w:color="000000"/><w:bottom w:val="single" w:sz="6" w:space="0" w:color="000000"/><w:right w:val="none" w:sz="0" w:space="0" w:color="000000"/></w:tcBorders><w:tcMar><w:top w:w="75" w:type="dxa"/><w:left w:w="75" w:type="dxa"/><w:bottom w:w="75" w:type="dxa"/><w:right w:w="75" w:type="dxa"/></w:tcMar></w:tcPr><w:p w:rsidR="00C436F8" w:rsidRPr="00F42816" w:rsidRDefault="00F42816" w:rsidP="00F42816"><w:pPr><w:jc w:val="center"/><w:rPr><w:lang w:val="ru-RU"/></w:rPr></w:pPr><w:r w:rsidRPr="00F42816"><w:rPr><w:rFonts w:hAnsi="Times New Roman" w:cs="Times New Roman"/><w:color w:val="000000"/><w:sz w:val="24"/><w:szCs w:val="24"/><w:lang w:val="ru-RU"/></w:rPr><w:t>сотрудники проинструктированы и обучены работе с персональными данными; несанкционированный доступ к данным исключен; проникновение или</w:t></w:r></w:p></w:tc></w:tr><w:tr w:rsidR="00C436F8" w:rsidRPr="00F07228"><w:tc><w:tcPr><w:tcW w:w="0" w:type="auto"/><w:tcBorders><w:top w:val="single" w:sz="6" w:space="0" w:color="000000"/><w:left w:val="none" w:sz="0" w:space="0" w:color="000000"/><w:bottom w:val="none" w:sz="0" w:space="0" w:color="000000"/><w:right w:val="none" w:sz="0" w:space="0" w:color="000000"/></w:tcBorders><w:tcMar><w:top w:w="75" w:type="dxa"/><w:left w:w="75" w:type="dxa"/><w:bottom w:w="75" w:type="dxa"/><w:right w:w="75" w:type="dxa"/></w:tcMar></w:tcPr><w:p w:rsidR="00C436F8" w:rsidRPr="00F42816" w:rsidRDefault="00F42816" w:rsidP="00F42816"><w:pPr><w:jc w:val="center"/><w:rPr><w:lang w:val="ru-RU"/></w:rPr></w:pPr><w:proofErr w:type="gramStart"/><w:r w:rsidRPr="00F42816"><w:rPr><w:rFonts w:hAnsi="Times New Roman" w:cs="Times New Roman"/><w:color w:val="000000"/><w:sz w:val="19"/><w:szCs w:val="19"/><w:vertAlign w:val="superscript"/><w:lang w:val="ru-RU"/></w:rPr><w:t>(сведения об обеспечении безопасности персональных данных в соответствии</w:t></w:r><w:proofErr w:type="gramEnd"/></w:p></w:tc></w:tr><w:tr w:rsidR="00C436F8" w:rsidRPr="00F07228"><w:tc><w:tcPr><w:tcW w:w="0" w:type="auto"/><w:tcBorders><w:top w:val="none" w:sz="0" w:space="0" w:color="000000"/><w:left w:val="none" w:sz="0" w:space="0" w:color="000000"/><w:bottom w:val="single" w:sz="6" w:space="0" w:color="000000"/><w:right w:val="none" w:sz="0" w:space="0" w:color="000000"/></w:tcBorders><w:tcMar><w:top w:w="75" w:type="dxa"/><w:left w:w="75" w:type="dxa"/><w:bottom w:w="75" w:type="dxa"/><w:right w:w="75" w:type="dxa"/></w:tcMar></w:tcPr><w:p w:rsidR="00C436F8" w:rsidRPr="00F42816" w:rsidRDefault="00F42816" w:rsidP="00F42816"><w:pPr><w:jc w:val="center"/><w:rPr><w:lang w:val="ru-RU"/></w:rPr></w:pPr><w:r w:rsidRPr="00F42816"><w:rPr><w:rFonts w:hAnsi="Times New Roman" w:cs="Times New Roman"/><w:color w:val="000000"/><w:sz w:val="24"/><w:szCs w:val="24"/><w:lang w:val="ru-RU"/></w:rPr><w:t>пребывание посторонних лиц в помещениях, где ведется обработка данных, исключено; контроль учета лиц, допущенных к работе с персональными данными, ведется</w:t></w:r></w:p></w:tc></w:tr><w:tr w:rsidR="00C436F8" w:rsidRPr="00F07228"><w:tc><w:tcPr><w:tcW w:w="0" w:type="auto"/><w:tcBorders><w:top w:val="single" w:sz="6" w:space="0" w:color="000000"/><w:left w:val="none" w:sz="0" w:space="0" w:color="000000"/><w:bottom w:val="none" w:sz="0" w:space="0" w:color="000000"/><w:right w:val="none" w:sz="0" w:space="0" w:color="000000"/></w:tcBorders><w:tcMar><w:top w:w="75" w:type="dxa"/><w:left w:w="75" w:type="dxa"/><w:bottom w:w="75" w:type="dxa"/><w:right w:w="75" w:type="dxa"/></w:tcMar></w:tcPr><w:p w:rsidR="00C436F8" w:rsidRPr="00F42816" w:rsidRDefault="00F42816" w:rsidP="00F42816"><w:pPr><w:jc w:val="center"/><w:rPr><w:lang w:val="ru-RU"/></w:rPr></w:pPr><w:r w:rsidRPr="00F42816"><w:rPr><w:rFonts w:hAnsi="Times New Roman" w:cs="Times New Roman"/><w:color w:val="000000"/><w:sz w:val="19"/><w:szCs w:val="19"/><w:vertAlign w:val="superscript"/><w:lang w:val="ru-RU"/></w:rPr><w:t>с требованиями к защите персональных данных, установленными Правительством Российской Федерации)</w:t></w:r></w:p></w:tc></w:tr><w:tr w:rsidR="00C436F8" w:rsidRPr="00F07228"><w:tc><w:tcPr><w:tcW w:w="0" w:type="auto"/><w:tcMar><w:top w:w="75" w:type="dxa"/><w:left w:w="75" w:type="dxa"/><w:bottom w:w="75" w:type="dxa"/><w:right w:w="75" w:type="dxa"/></w:tcMar></w:tcPr><w:p w:rsidR="00C436F8" w:rsidRPr="00F42816" w:rsidRDefault="00F42816"><w:pPr><w:rPr><w:lang w:val="ru-RU"/></w:rPr></w:pPr><w:r w:rsidRPr="00F42816"><w:rPr><w:rFonts w:hAnsi="Times New Roman" w:cs="Times New Roman"/><w:color w:val="000000"/><w:sz w:val="24"/><w:szCs w:val="24"/><w:lang w:val="ru-RU"/></w:rPr><w:t>Дата начала обработки персональных данных</w:t></w:r></w:p></w:tc></w:tr><w:tr w:rsidR="00C436F8"><w:tc><w:tcPr><w:tcW w:w="0" w:type="auto"/><w:tcBorders><w:top w:val="none" w:sz="0" w:space="0" w:color="000000"/><w:left w:val="none" w:sz="0" w:space="0" w:color="000000"/><w:bottom w:val="single" w:sz="6" w:space="0" w:color="000000"/><w:right w:val="none" w:sz="0" w:space="0" w:color="000000"/></w:tcBorders><w:tcMar><w:top w:w="75" w:type="dxa"/><w:left w:w="75" w:type="dxa"/><w:bottom w:w="75" w:type="dxa"/><w:right w:w="75" w:type="dxa"/></w:tcMar></w:tcPr><w:p w:rsidR="00C436F8" w:rsidRDefault="00F42816" w:rsidP="00F42816"><w:pPr><w:jc w:val="center"/></w:pPr><w:r><w:rPr><w:rFonts w:hAnsi="Times New Roman" w:cs="Times New Roman"/><w:color w:val="000000"/><w:sz w:val="24"/><w:szCs w:val="24"/></w:rPr><w:t>01.09.2022</w:t></w:r></w:p></w:tc></w:tr><w:tr w:rsidR="00C436F8"><w:tc><w:tcPr><w:tcW w:w="0" w:type="auto"/><w:tcBorders><w:top w:val="single" w:sz="6" w:space="0" w:color="000000"/><w:left w:val="none" w:sz="0" w:space="0" w:color="000000"/><w:bottom w:val="none" w:sz="0" w:space="0" w:color="000000"/><w:right w:val="none" w:sz="0" w:space="0" w:color="000000"/></w:tcBorders><w:tcMar><w:top w:w="75" w:type="dxa"/><w:left w:w="75" w:type="dxa"/><w:bottom w:w="75" w:type="dxa"/><w:right w:w="75" w:type="dxa"/></w:tcMar></w:tcPr><w:p w:rsidR="00C436F8" w:rsidRDefault="00F42816" w:rsidP="00F42816"><w:pPr><w:jc w:val="center"/></w:pPr><w:r><w:rPr><w:rFonts w:hAnsi="Times New Roman" w:cs="Times New Roman"/><w:color w:val="000000"/><w:sz w:val="19"/><w:szCs w:val="19"/><w:vertAlign w:val="superscript"/></w:rPr><w:t>(число, месяц, год)</w:t></w:r></w:p></w:tc></w:tr><w:tr w:rsidR="00C436F8" w:rsidRPr="00F07228"><w:tc><w:tcPr><w:tcW w:w="0" w:type="auto"/><w:tcMar><w:top w:w="75" w:type="dxa"/><w:left w:w="75" w:type="dxa"/><w:bottom w:w="75" w:type="dxa"/><w:right w:w="75" w:type="dxa"/></w:tcMar></w:tcPr><w:p w:rsidR="00C436F8" w:rsidRPr="00F42816" w:rsidRDefault="00F42816"><w:pPr><w:rPr><w:lang w:val="ru-RU"/></w:rPr></w:pPr><w:r w:rsidRPr="00F42816"><w:rPr><w:rFonts w:hAnsi="Times New Roman" w:cs="Times New Roman"/><w:color w:val="000000"/><w:sz w:val="24"/><w:szCs w:val="24"/><w:lang w:val="ru-RU"/></w:rPr><w:t>Срок или условие прекращения обработки персональных данных:</w:t></w:r></w:p></w:tc></w:tr><w:tr w:rsidR="00C436F8" w:rsidRPr="00F07228"><w:tc><w:tcPr><w:tcW w:w="0" w:type="auto"/><w:tcBorders><w:top w:val="none" w:sz="0" w:space="0" w:color="000000"/><w:left w:val="none" w:sz="0" w:space="0" w:color="000000"/><w:bottom w:val="single" w:sz="6" w:space="0" w:color="000000"/><w:right w:val="none" w:sz="0" w:space="0" w:color="000000"/></w:tcBorders><w:tcMar><w:top w:w="75" w:type="dxa"/><w:left w:w="75" w:type="dxa"/><w:bottom w:w="75" w:type="dxa"/><w:right w:w="75" w:type="dxa"/></w:tcMar></w:tcPr><w:p w:rsidR="00C436F8" w:rsidRPr="00F42816" w:rsidRDefault="00F42816" w:rsidP="00F42816"><w:pPr><w:jc w:val="center"/><w:rPr><w:lang w:val="ru-RU"/></w:rPr></w:pPr><w:r w:rsidRPr="00F42816"><w:rPr><w:rFonts w:hAnsi="Times New Roman" w:cs="Times New Roman"/><w:color w:val="000000"/><w:sz w:val="24"/><w:szCs w:val="24"/><w:lang w:val="ru-RU"/></w:rPr><w:t>ликвидация ООО «Альфа», истечение срока хранения или отзыв субъектом согласия</w:t></w:r></w:p></w:tc></w:tr><w:tr w:rsidR="00C436F8" w:rsidRPr="00F07228"><w:tc><w:tcPr><w:tcW w:w="0" w:type="auto"/><w:tcBorders><w:top w:val="single" w:sz="6" w:space="0" w:color="000000"/><w:left w:val="none" w:sz="0" w:space="0" w:color="000000"/><w:bottom w:val="none" w:sz="0" w:space="0" w:color="000000"/><w:right w:val="none" w:sz="0" w:space="0" w:color="000000"/></w:tcBorders><w:tcMar><w:top w:w="75" w:type="dxa"/><w:left w:w="75" w:type="dxa"/><w:bottom w:w="75" w:type="dxa"/><w:right w:w="75" w:type="dxa"/></w:tcMar></w:tcPr><w:p w:rsidR="00C436F8" w:rsidRPr="00F42816" w:rsidRDefault="00F42816" w:rsidP="00F42816"><w:pPr><w:jc w:val="center"/><w:rPr><w:lang w:val="ru-RU"/></w:rPr></w:pPr><w:proofErr w:type="gramStart"/><w:r w:rsidRPr="00F42816"><w:rPr><w:rFonts w:hAnsi="Times New Roman" w:cs="Times New Roman"/><w:color w:val="000000"/><w:sz w:val="19"/><w:szCs w:val="19"/><w:vertAlign w:val="superscript"/><w:lang w:val="ru-RU"/></w:rPr><w:t>(число, месяц, год или основание (условие), наступление которого повлечет</w:t></w:r><w:proofErr w:type="gramEnd"/></w:p></w:tc></w:tr><w:tr w:rsidR="00C436F8" w:rsidRPr="00F07228"><w:tc><w:tcPr><w:tcW w:w="0" w:type="auto"/><w:tcBorders><w:top w:val="none" w:sz="0" w:space="0" w:color="000000"/><w:left w:val="none" w:sz="0" w:space="0" w:color="000000"/><w:bottom w:val="single" w:sz="6" w:space="0" w:color="000000"/><w:right w:val="none" w:sz="0" w:space="0" w:color="000000"/></w:tcBorders><w:tcMar><w:top w:w="75" w:type="dxa"/><w:left w:w="75" w:type="dxa"/><w:bottom w:w="75" w:type="dxa"/><w:right w:w="75" w:type="dxa"/></w:tcMar></w:tcPr><w:p w:rsidR="00C436F8" w:rsidRPr="00F42816" w:rsidRDefault="00C436F8"><w:pPr><w:ind w:left="75" w:right="75"/><w:rPr><w:rFonts w:hAnsi="Times New Roman" w:cs="Times New Roman"/><w:color w:val="000000"/><w:sz w:val="24"/><w:szCs w:val="24"/><w:lang w:val="ru-RU"/></w:rPr></w:pPr></w:p></w:tc></w:tr><w:tr w:rsidR="00C436F8"><w:tc><w:tcPr><w:tcW w:w="0" w:type="auto"/><w:tcBorders><w:top w:val="single" w:sz="6" w:space="0" w:color="000000"/><w:left w:val="none" w:sz="0" w:space="0" w:color="000000"/><w:bottom w:val="none" w:sz="0" w:space="0" w:color="000000"/><w:right w:val="none" w:sz="0" w:space="0" w:color="000000"/></w:tcBorders><w:tcMar><w:top w:w="75" w:type="dxa"/><w:left w:w="75" w:type="dxa"/><w:bottom w:w="75" w:type="dxa"/><w:right w:w="75" w:type="dxa"/></w:tcMar></w:tcPr><w:p w:rsidR="00C436F8" w:rsidRDefault="00F42816" w:rsidP="00F42816"><w:pPr><w:jc w:val="center"/></w:pPr><w:proofErr w:type="spellStart"/><w:r><w:rPr><w:rFonts w:hAnsi="Times New Roman" w:cs="Times New Roman"/><w:color w:val="000000"/><w:sz w:val="19"/><w:szCs w:val="19"/><w:vertAlign w:val="superscript"/></w:rPr><w:t>прекращение</w:t></w:r><w:proofErr w:type="spellEnd"/><w:r><w:rPr><w:rFonts w:hAnsi="Times New Roman" w:cs="Times New Roman"/><w:color w:val="000000"/><w:sz w:val="19"/><w:szCs w:val="19"/><w:vertAlign w:val="superscript"/></w:rPr><w:t xml:space="preserve"> </w:t></w:r><w:proofErr w:type="spellStart"/><w:r><w:rPr><w:rFonts w:hAnsi="Times New Roman" w:cs="Times New Roman"/><w:color w:val="000000"/><w:sz w:val="19"/><w:szCs w:val="19"/><w:vertAlign w:val="superscript"/></w:rPr><w:t>обработки</w:t></w:r><w:proofErr w:type="spellEnd"/><w:r><w:rPr><w:rFonts w:hAnsi="Times New Roman" w:cs="Times New Roman"/><w:color w:val="000000"/><w:sz w:val="19"/><w:szCs w:val="19"/><w:vertAlign w:val="superscript"/></w:rPr><w:t xml:space="preserve"> </w:t></w:r><w:proofErr w:type="spellStart"/><w:r><w:rPr><w:rFonts w:hAnsi="Times New Roman" w:cs="Times New Roman"/><w:color w:val="000000"/><w:sz w:val="19"/><w:szCs w:val="19"/><w:vertAlign w:val="superscript"/></w:rPr><w:t>персональных</w:t></w:r><w:proofErr w:type="spellEnd"/><w:r><w:rPr><w:rFonts w:hAnsi="Times New Roman" w:cs="Times New Roman"/><w:color w:val="000000"/><w:sz w:val="19"/><w:szCs w:val="19"/><w:vertAlign w:val="superscript"/></w:rPr><w:t xml:space="preserve"> </w:t></w:r><w:proofErr w:type="spellStart"/><w:r><w:rPr><w:rFonts w:hAnsi="Times New Roman" w:cs="Times New Roman"/><w:color w:val="000000"/><w:sz w:val="19"/><w:szCs w:val="19"/><w:vertAlign w:val="superscript"/></w:rPr><w:t>данных</w:t></w:r><w:proofErr w:type="spellEnd"/><w:r><w:rPr><w:rFonts w:hAnsi="Times New Roman" w:cs="Times New Roman"/><w:color w:val="000000"/><w:sz w:val="19"/><w:szCs w:val="19"/><w:vertAlign w:val="superscript"/></w:rPr><w:t>)</w:t></w:r></w:p></w:tc></w:tr></w:tbl><w:p w:rsidR="00C436F8" w:rsidRDefault="00C436F8"><w:pPr><w:rPr><w:rFonts w:hAnsi="Times New Roman" w:cs="Times New Roman"/><w:color w:val="000000"/><w:sz w:val="24"/><w:szCs w:val="24"/></w:rPr></w:pPr></w:p><w:tbl><w:tblPr><w:tblW w:w="0" w:type="auto"/><w:tblCellMar><w:top w:w="15" w:type="dxa"/><w:left w:w="15" w:type="dxa"/><w:bottom w:w="15" w:type="dxa"/><w:right w:w="15" w:type="dxa"/></w:tblCellMar><w:tblLook w:val="0600"/></w:tblPr><w:tblGrid><w:gridCol w:w="270"/><w:gridCol w:w="390"/><w:gridCol w:w="270"/><w:gridCol w:w="1060"/><w:gridCol w:w="390"/><w:gridCol w:w="450"/><w:gridCol w:w="309"/><w:gridCol w:w="3053"/><w:gridCol w:w="2835"/></w:tblGrid><w:tr w:rsidR="00C436F8" w:rsidTr="00F42816"><w:tc><w:tcPr><w:tcW w:w="0" w:type="auto"/><w:gridSpan w:val="7"/><w:tcBorders><w:top w:val="none" w:sz="0" w:space="0" w:color="000000"/><w:left w:val="none" w:sz="0" w:space="0" w:color="000000"/><w:bottom w:val="single" w:sz="6" w:space="0" w:color="000000"/><w:right w:val="none" w:sz="0" w:space="0" w:color="000000"/></w:tcBorders><w:tcMar><w:top w:w="75" w:type="dxa"/><w:left w:w="75" w:type="dxa"/><w:bottom w:w="75" w:type="dxa"/><w:right w:w="75" w:type="dxa"/></w:tcMar></w:tcPr><w:p w:rsidR="00C436F8" w:rsidRDefault="00F42816" w:rsidP="00F42816"><w:pPr><w:jc w:val="center"/></w:pPr><w:proofErr w:type="spellStart"/><w:r><w:rPr><w:rFonts w:hAnsi="Times New Roman" w:cs="Times New Roman"/><w:color w:val="000000"/><w:sz w:val="24"/><w:szCs w:val="24"/></w:rPr><w:t>Директор</w:t></w:r><w:proofErr w:type="spellEnd"/></w:p></w:tc><w:tc><w:tcPr><w:tcW w:w="3053" w:type="dxa"/><w:tcMar><w:top w:w="75" w:type="dxa"/><w:left w:w="75" w:type="dxa"/><w:bottom w:w="75" w:type="dxa"/><w:right w:w="75" w:type="dxa"/></w:tcMar></w:tcPr><w:p w:rsidR="00C436F8" w:rsidRDefault="00F42816" w:rsidP="00F42816"><w:pPr><w:jc w:val="center"/></w:pPr><w:proofErr w:type="spellStart"/><w:r><w:rPr><w:rFonts w:hAnsi="Times New Roman" w:cs="Times New Roman"/><w:color w:val="000000"/><w:sz w:val="24"/><w:szCs w:val="24"/></w:rPr><w:t>Львов</w:t></w:r><w:proofErr w:type="spellEnd"/></w:p></w:tc><w:tc><w:tcPr><w:tcW w:w="2835" w:type="dxa"/><w:tcBorders><w:top w:val="none" w:sz="0" w:space="0" w:color="000000"/><w:left w:val="none" w:sz="0" w:space="0" w:color="000000"/><w:bottom w:val="single" w:sz="6" w:space="0" w:color="000000"/><w:right w:val="none" w:sz="0" w:space="0" w:color="000000"/></w:tcBorders><w:tcMar><w:top w:w="75" w:type="dxa"/><w:left w:w="75" w:type="dxa"/><w:bottom w:w="75" w:type="dxa"/><w:right w:w="75" w:type="dxa"/></w:tcMar></w:tcPr><w:p w:rsidR="00C436F8" w:rsidRDefault="00F42816" w:rsidP="00F42816"><w:pPr><w:jc w:val="center"/></w:pPr><w:r><w:rPr><w:rFonts w:hAnsi="Times New Roman" w:cs="Times New Roman"/><w:color w:val="000000"/><w:sz w:val="24"/><w:szCs w:val="24"/></w:rPr><w:t>А.В. Львов</w:t></w:r></w:p></w:tc></w:tr><w:tr w:rsidR="00C436F8" w:rsidTr="00F42816"><w:tc><w:tcPr><w:tcW w:w="0" w:type="auto"/><w:gridSpan w:val="7"/><w:tcBorders><w:top w:val="single" w:sz="6" w:space="0" w:color="000000"/><w:left w:val="none" w:sz="0" w:space="0" w:color="000000"/><w:bottom w:val="none" w:sz="0" w:space="0" w:color="000000"/><w:right w:val="none" w:sz="0" w:space="0" w:color="000000"/></w:tcBorders><w:tcMar><w:top w:w="75" w:type="dxa"/><w:left w:w="75" w:type="dxa"/><w:bottom w:w="75" w:type="dxa"/><w:right w:w="75" w:type="dxa"/></w:tcMar></w:tcPr><w:p w:rsidR="00C436F8" w:rsidRDefault="00F42816" w:rsidP="00F42816"><w:pPr><w:jc w:val="center"/></w:pPr><w:r><w:rPr><w:rFonts w:hAnsi="Times New Roman" w:cs="Times New Roman"/><w:color w:val="000000"/><w:sz w:val="19"/><w:szCs w:val="19"/><w:vertAlign w:val="superscript"/></w:rPr><w:t>(должность)</w:t></w:r></w:p></w:tc><w:tc><w:tcPr><w:tcW w:w="3053" w:type="dxa"/><w:tcMar><w:top w:w="75" w:type="dxa"/><w:left w:w="75" w:type="dxa"/><w:bottom w:w="75" w:type="dxa"/><w:right w:w="75" w:type="dxa"/></w:tcMar></w:tcPr><w:p w:rsidR="00C436F8" w:rsidRDefault="00F42816" w:rsidP="00F42816"><w:pPr><w:jc w:val="center"/></w:pPr><w:r><w:rPr><w:rFonts w:hAnsi="Times New Roman" w:cs="Times New Roman"/><w:color w:val="000000"/><w:sz w:val="19"/><w:szCs w:val="19"/><w:vertAlign w:val="superscript"/></w:rPr><w:t>(подпись)</w:t></w:r></w:p></w:tc><w:tc><w:tcPr><w:tcW w:w="2835" w:type="dxa"/><w:tcBorders><w:top w:val="single" w:sz="6" w:space="0" w:color="000000"/><w:left w:val="none" w:sz="0" w:space="0" w:color="000000"/><w:bottom w:val="none" w:sz="0" w:space="0" w:color="000000"/><w:right w:val="none" w:sz="0" w:space="0" w:color="000000"/></w:tcBorders><w:tcMar><w:top w:w="75" w:type="dxa"/><w:left w:w="75" w:type="dxa"/><w:bottom w:w="75" w:type="dxa"/><w:right w:w="75" w:type="dxa"/></w:tcMar></w:tcPr><w:p w:rsidR="00C436F8" w:rsidRDefault="00F42816" w:rsidP="00F42816"><w:pPr><w:jc w:val="center"/></w:pPr><w:r><w:rPr><w:rFonts w:hAnsi="Times New Roman" w:cs="Times New Roman"/><w:color w:val="000000"/><w:sz w:val="19"/><w:szCs w:val="19"/><w:vertAlign w:val="superscript"/></w:rPr><w:t>(расшифровка подписи)</w:t></w:r></w:p></w:tc></w:tr><w:tr w:rsidR="00C436F8" w:rsidTr="00F42816"><w:tc><w:tcPr><w:tcW w:w="0" w:type="auto"/><w:tcMar><w:top w:w="75" w:type="dxa"/><w:left w:w="75" w:type="dxa"/><w:bottom w:w="75" w:type="dxa"/><w:right w:w="75" w:type="dxa"/></w:tcMar><w:vAlign w:val="center"/></w:tcPr><w:p w:rsidR="00C436F8" w:rsidRDefault="00F42816"><w:r><w:rPr><w:rFonts w:hAnsi="Times New Roman" w:cs="Times New Roman"/><w:color w:val="000000"/><w:sz w:val="24"/><w:szCs w:val="24"/></w:rPr><w:t>«</w:t></w:r></w:p></w:tc><w:tc><w:tcPr><w:tcW w:w="0" w:type="auto"/><w:tcBorders><w:top w:val="none" w:sz="0" w:space="0" w:color="000000"/><w:left w:val="none" w:sz="0" w:space="0" w:color="000000"/><w:bottom w:val="single" w:sz="6" w:space="0" w:color="000000"/><w:right w:val="none" w:sz="0" w:space="0" w:color="000000"/></w:tcBorders><w:tcMar><w:top w:w="75" w:type="dxa"/><w:left w:w="75" w:type="dxa"/><w:bottom w:w="75" w:type="dxa"/><w:right w:w="75" w:type="dxa"/></w:tcMar></w:tcPr><w:p w:rsidR="00C436F8" w:rsidRDefault="00F42816" w:rsidP="00F42816"><w:pPr><w:jc w:val="center"/></w:pPr><w:r><w:rPr><w:rFonts w:hAnsi="Times New Roman" w:cs="Times New Roman"/><w:color w:val="000000"/><w:sz w:val="24"/><w:szCs w:val="24"/></w:rPr><w:t>01</w:t></w:r></w:p></w:tc><w:tc><w:tcPr><w:tcW w:w="0" w:type="auto"/><w:tcMar><w:top w:w="75" w:type="dxa"/><w:left w:w="75" w:type="dxa"/><w:bottom w:w="75" w:type="dxa"/><w:right w:w="75" w:type="dxa"/></w:tcMar><w:vAlign w:val="center"/></w:tcPr><w:p w:rsidR="00C436F8" w:rsidRDefault="00F42816"><w:r><w:rPr><w:rFonts w:hAnsi="Times New Roman" w:cs="Times New Roman"/><w:color w:val="000000"/><w:sz w:val="24"/><w:szCs w:val="24"/></w:rPr><w:t>»</w:t></w:r></w:p></w:tc><w:tc><w:tcPr><w:tcW w:w="0" w:type="auto"/><w:tcBorders><w:top w:val="none" w:sz="0" w:space="0" w:color="000000"/><w:left w:val="none" w:sz="0" w:space="0" w:color="000000"/><w:bottom w:val="single" w:sz="6" w:space="0" w:color="000000"/><w:right w:val="none" w:sz="0" w:space="0" w:color="000000"/></w:tcBorders><w:tcMar><w:top w:w="75" w:type="dxa"/><w:left w:w="75" w:type="dxa"/><w:bottom w:w="75" w:type="dxa"/><w:right w:w="75" w:type="dxa"/></w:tcMar></w:tcPr><w:p w:rsidR="00C436F8" w:rsidRDefault="00F42816" w:rsidP="00F42816"><w:pPr><w:jc w:val="center"/></w:pPr><w:proofErr w:type="spellStart"/><w:r><w:rPr><w:rFonts w:hAnsi="Times New Roman" w:cs="Times New Roman"/><w:color w:val="000000"/><w:sz w:val="24"/><w:szCs w:val="24"/></w:rPr><w:t>сентября</w:t></w:r><w:proofErr w:type="spellEnd"/></w:p></w:tc><w:tc><w:tcPr><w:tcW w:w="0" w:type="auto"/><w:tcMar><w:top w:w="75" w:type="dxa"/><w:left w:w="75" w:type="dxa"/><w:bottom w:w="75" w:type="dxa"/><w:right w:w="75" w:type="dxa"/></w:tcMar></w:tcPr><w:p w:rsidR="00C436F8" w:rsidRDefault="00F42816"><w:r><w:rPr><w:rFonts w:hAnsi="Times New Roman" w:cs="Times New Roman"/><w:color w:val="000000"/><w:sz w:val="24"/><w:szCs w:val="24"/></w:rPr><w:t>20</w:t></w:r></w:p></w:tc><w:tc><w:tcPr><w:tcW w:w="0" w:type="auto"/><w:tcBorders><w:top w:val="none" w:sz="0" w:space="0" w:color="000000"/><w:left w:val="none" w:sz="0" w:space="0" w:color="000000"/><w:bottom w:val="single" w:sz="6" w:space="0" w:color="000000"/><w:right w:val="none" w:sz="0" w:space="0" w:color="000000"/></w:tcBorders><w:tcMar><w:top w:w="75" w:type="dxa"/><w:left w:w="75" w:type="dxa"/><w:bottom w:w="75" w:type="dxa"/><w:right w:w="75" w:type="dxa"/></w:tcMar></w:tcPr><w:p w:rsidR="00C436F8" w:rsidRDefault="00F42816" w:rsidP="00F42816"><w:pPr><w:jc w:val="both"/></w:pPr><w:r><w:rPr><w:rFonts w:hAnsi="Times New Roman" w:cs="Times New Roman"/><w:color w:val="000000"/><w:sz w:val="24"/><w:szCs w:val="24"/></w:rPr><w:t> 22</w:t></w:r></w:p></w:tc><w:tc><w:tcPr><w:tcW w:w="0" w:type="auto"/><w:tcMar><w:top w:w="75" w:type="dxa"/><w:left w:w="75" w:type="dxa"/><w:bottom w:w="75" w:type="dxa"/><w:right w:w="75" w:type="dxa"/></w:tcMar></w:tcPr><w:p w:rsidR="00C436F8" w:rsidRDefault="00F42816"><w:r><w:rPr><w:rFonts w:hAnsi="Times New Roman" w:cs="Times New Roman"/><w:color w:val="000000"/><w:sz w:val="24"/><w:szCs w:val="24"/></w:rPr><w:t>г.</w:t></w:r></w:p></w:tc><w:tc><w:tcPr><w:tcW w:w="3053" w:type="dxa"/><w:tcMar><w:top w:w="75" w:type="dxa"/><w:left w:w="75" w:type="dxa"/><w:bottom w:w="75" w:type="dxa"/><w:right w:w="75" w:type="dxa"/></w:tcMar></w:tcPr><w:p w:rsidR="00C436F8" w:rsidRDefault="00C436F8"><w:pPr><w:ind w:left="75" w:right="75"/><w:rPr><w:rFonts w:hAnsi="Times New Roman" w:cs="Times New Roman"/><w:color w:val="000000"/><w:sz w:val="24"/><w:szCs w:val="24"/></w:rPr></w:pPr></w:p></w:tc><w:tc><w:tcPr><w:tcW w:w="2835" w:type="dxa"/><w:tcMar><w:top w:w="75" w:type="dxa"/><w:left w:w="75" w:type="dxa"/><w:bottom w:w="75" w:type="dxa"/><w:right w:w="75" w:type="dxa"/></w:tcMar></w:tcPr><w:p w:rsidR="00C436F8" w:rsidRDefault="00C436F8"><w:pPr><w:ind w:left="75" w:right="75"/><w:rPr><w:rFonts w:hAnsi="Times New Roman" w:cs="Times New Roman"/><w:color w:val="000000"/><w:sz w:val="24"/><w:szCs w:val="24"/></w:rPr></w:pPr></w:p></w:tc></w:tr></w:tbl><w:p w:rsidR="00C436F8" w:rsidRDefault="00C436F8"><w:pPr><w:rPr><w:rFonts w:hAnsi="Times New Roman" w:cs="Times New Roman"/><w:color w:val="000000"/><w:sz w:val="24"/><w:szCs w:val="24"/></w:rPr></w:pPr></w:p><w:sectPr w:rsidR="00C436F8" w:rsidSect="00C436F8"><w:pgSz w:w="11907" w:h="16839"/><w:pgMar w:top="1440" w:right="1440" w:bottom="1440" w:left="1440" w:header="720" w:footer="720" w:gutter="0"/><w:cols w:space="720"/></w:sectPr></w:body></w:document>