<?xml version="1.0" encoding="UTF-8" standalone="yes"?>
<cp:coreProperties xmlns:cp="http://schemas.openxmlformats.org/package/2006/metadata/core-properties" xmlns:dc="http://purl.org/dc/elements/1.1/" xmlns:dcterms="http://purl.org/dc/terms/" xmlns:dcmitype="http://purl.org/dc/dcmitype/" xmlns:xsi="http://www.w3.org/2001/XMLSchema-instance"><dc:title>Карточка гражданина, подлежащего воинскому учету</dc:title><dc:subject></dc:subject><dc:creator></dc:creator><cp:keywords></cp:keywords><dc:description>Подготовлено на базе материалов БСС «Система Главбух»</dc:description><cp:lastModifiedBy>cloudconvert_19</cp:lastModifiedBy><cp:lastPrinted>2022-01-13T10:11:31Z</cp:lastPrinted><dcterms:created xsi:type="dcterms:W3CDTF">2022-01-12T13:37:29Z</dcterms:created><dcterms:modified xsi:type="dcterms:W3CDTF">2022-12-29T13:41:47Z</dcterms:modified><cp:category></cp:category></cp:coreProperties>