<?xml version="1.0" encoding="UTF-8" standalone="yes"?>
<a:theme xmlns:a="http://schemas.openxmlformats.org/drawingml/2006/main" name="White"><a:themeElements><a:clrScheme name="Radiance - base color"><a:dk1><a:srgbClr val="2F313F"/></a:dk1><a:lt1><a:srgbClr val="FFFFFF"/></a:lt1><a:dk2><a:srgbClr val="454752"/></a:dk2><a:lt2><a:srgbClr val="646779"/></a:lt2><a:accent1><a:srgbClr val="635ED6"/></a:accent1><a:accent2><a:srgbClr val="5E9EEE"/></a:accent2><a:accent3><a:srgbClr val="635ED5"/></a:accent3><a:accent4><a:srgbClr val="5E9EEF"/></a:accent4><a:accent5><a:srgbClr val="D3DBE4"/></a:accent5><a:accent6><a:srgbClr val="EDF4FD"/></a:accent6><a:hlink><a:srgbClr val="635ED5"/></a:hlink><a:folHlink><a:srgbClr val="5E9DEE"/></a:folHlink></a:clrScheme><a:fontScheme name="White"><a:majorFont><a:latin typeface="Helvetica Neue Medium"/><a:ea typeface="Helvetica Neue Medium"/><a:cs typeface="Helvetica Neue Medium"/></a:majorFont><a:minorFont><a:latin typeface="Helvetica Neue Medium"/><a:ea typeface="Helvetica Neue Medium"/><a:cs typeface="Helvetica Neue Medium"/></a:minorFont></a:fontScheme><a:fmtScheme name="White"><a:fillStyleLst><a:solidFill><a:schemeClr val="phClr"/></a:solidFill><a:gradFill rotWithShape="1"><a:gsLst><a:gs pos="0"><a:schemeClr val="phClr"><a:tint val="50000"/><a:satMod val="300000"/></a:schemeClr></a:gs><a:gs pos="35000"><a:schemeClr val="phClr"><a:tint val="37000"/><a:satMod val="300000"/></a:schemeClr></a:gs><a:gs pos="100000"><a:schemeClr val="phClr"><a:tint val="15000"/><a:satMod val="350000"/></a:schemeClr></a:gs></a:gsLst><a:lin ang="16200000" scaled="1"/></a:gradFill><a:gradFill rotWithShape="1"><a:gsLst><a:gs pos="0"><a:schemeClr val="phClr"><a:tint val="100000"/><a:shade val="100000"/><a:satMod val="129999"/></a:schemeClr></a:gs><a:gs pos="100000"><a:schemeClr val="phClr"><a:tint val="50000"/><a:shade val="100000"/><a:satMod val="350000"/></a:schemeClr></a:gs></a:gsLst><a:lin ang="16200000" scaled="0"/></a:gradFill></a:fillStyleLst><a:lnStyleLst><a:ln w="9525" cap="flat" cmpd="sng" algn="ctr"><a:solidFill><a:schemeClr val="phClr"><a:shade val="95000"/><a:satMod val="104999"/></a:schemeClr></a:solidFill><a:prstDash val="solid"/></a:ln><a:ln w="25400" cap="flat" cmpd="sng" algn="ctr"><a:solidFill><a:schemeClr val="phClr"/></a:solidFill><a:prstDash val="solid"/></a:ln><a:ln w="38100" cap="flat" cmpd="sng" algn="ctr"><a:solidFill><a:schemeClr val="phClr"/></a:solidFill><a:prstDash val="solid"/></a:ln></a:lnStyleLst><a:effectStyleLst><a:effectStyle><a:effectLst/></a:effectStyle><a:effectStyle><a:effectLst/></a:effectStyle><a:effectStyle><a:effectLst/></a:effectStyle></a:effectStyleLst><a:bgFillStyleLst><a:solidFill><a:schemeClr val="phClr"/></a:solidFill><a:gradFill rotWithShape="1"><a:gsLst><a:gs pos="0"><a:schemeClr val="phClr"><a:tint val="40000"/><a:satMod val="350000"/></a:schemeClr></a:gs><a:gs pos="40000"><a:schemeClr val="phClr"><a:tint val="45000"/><a:shade val="99000"/><a:satMod val="350000"/></a:schemeClr></a:gs><a:gs pos="100000"><a:schemeClr val="phClr"><a:shade val="20000"/><a:satMod val="255000"/></a:schemeClr></a:gs></a:gsLst><a:path path="circle"><a:fillToRect l="50000" t="-80000" r="50000" b="180000"/></a:path></a:gradFill><a:gradFill rotWithShape="1"><a:gsLst><a:gs pos="0"><a:schemeClr val="phClr"><a:tint val="80000"/><a:satMod val="300000"/></a:schemeClr></a:gs><a:gs pos="100000"><a:schemeClr val="phClr"><a:shade val="30000"/><a:satMod val="200000"/></a:schemeClr></a:gs></a:gsLst><a:path path="circle"><a:fillToRect l="50000" t="50000" r="50000" b="50000"/></a:path></a:gradFill></a:bgFillStyleLst></a:fmtScheme></a:themeElements><a:objectDefaults><a:spDef><a:spPr><a:solidFill><a:schemeClr val="accent1"/></a:solidFill><a:ln w="12700" cap="flat"><a:noFill/><a:miter lim="400000"/></a:ln><a:effectLst/><a:sp3d/></a:spPr><a:bodyPr rot="0" spcFirstLastPara="1" vertOverflow="overflow" horzOverflow="overflow" vert="horz" wrap="square" lIns="0" tIns="0" rIns="0" bIns="0" numCol="1" spcCol="38100" rtlCol="0" anchor="ctr"><a:spAutoFit/></a:bodyPr><a:lstStyle><a:defPPr marL="0" marR="0" indent="0" algn="ctr" defTabSz="825500" rtl="0" fontAlgn="auto" latinLnBrk="0" hangingPunct="0"><a:lnSpc><a:spcPct val="100000"/></a:lnSpc><a:spcBef><a:spcPts val="0"/></a:spcBef><a:spcAft><a:spcPts val="0"/></a:spcAft><a:buClrTx/><a:buSzTx/><a:buFontTx/><a:buNone/><a:tabLst/><a:defRPr kumimoji="0" sz="3200" b="0" i="0" u="none" strike="noStrike" cap="none" spc="0" normalizeH="0" baseline="0"><a:ln><a:noFill/></a:ln><a:solidFill><a:srgbClr val="FFFFFF"/></a:solidFill><a:effectLst/><a:uFillTx/><a:latin typeface="+mn-lt"/><a:ea typeface="+mn-ea"/><a:cs typeface="+mn-cs"/><a:sym typeface="Helvetica Neue Medium"/></a:defRPr></a:defPPr><a:lvl1pPr marL="0" marR="0" indent="0" algn="l" defTabSz="914400" rtl="0" fontAlgn="auto" latinLnBrk="1" hangingPunct="0"><a:lnSpc><a:spcPct val="100000"/></a:lnSpc><a:spcBef><a:spcPts val="0"/></a:spcBef><a:spcAft><a:spcPts val="0"/></a:spcAft><a:buClrTx/><a:buSzTx/><a:buFontTx/><a:buNone/><a:tabLst/><a:defRPr kumimoji="0" sz="1800" b="0" i="0" u="none" strike="noStrike" cap="none" spc="0" normalizeH="0" baseline="0"><a:ln><a:noFill/></a:ln><a:solidFill><a:srgbClr val="000000"/></a:solidFill><a:effectLst/><a:uFillTx/></a:defRPr></a:lvl1pPr><a:lvl2pPr marL="0" marR="0" indent="0" algn="l" defTabSz="914400" rtl="0" fontAlgn="auto" latinLnBrk="1" hangingPunct="0"><a:lnSpc><a:spcPct val="100000"/></a:lnSpc><a:spcBef><a:spcPts val="0"/></a:spcBef><a:spcAft><a:spcPts val="0"/></a:spcAft><a:buClrTx/><a:buSzTx/><a:buFontTx/><a:buNone/><a:tabLst/><a:defRPr kumimoji="0" sz="1800" b="0" i="0" u="none" strike="noStrike" cap="none" spc="0" normalizeH="0" baseline="0"><a:ln><a:noFill/></a:ln><a:solidFill><a:srgbClr val="000000"/></a:solidFill><a:effectLst/><a:uFillTx/></a:defRPr></a:lvl2pPr><a:lvl3pPr marL="0" marR="0" indent="0" algn="l" defTabSz="914400" rtl="0" fontAlgn="auto" latinLnBrk="1" hangingPunct="0"><a:lnSpc><a:spcPct val="100000"/></a:lnSpc><a:spcBef><a:spcPts val="0"/></a:spcBef><a:spcAft><a:spcPts val="0"/></a:spcAft><a:buClrTx/><a:buSzTx/><a:buFontTx/><a:buNone/><a:tabLst/><a:defRPr kumimoji="0" sz="1800" b="0" i="0" u="none" strike="noStrike" cap="none" spc="0" normalizeH="0" baseline="0"><a:ln><a:noFill/></a:ln><a:solidFill><a:srgbClr val="000000"/></a:solidFill><a:effectLst/><a:uFillTx/></a:defRPr></a:lvl3pPr><a:lvl4pPr marL="0" marR="0" indent="0" algn="l" defTabSz="914400" rtl="0" fontAlgn="auto" latinLnBrk="1" hangingPunct="0"><a:lnSpc><a:spcPct val="100000"/></a:lnSpc><a:spcBef><a:spcPts val="0"/></a:spcBef><a:spcAft><a:spcPts val="0"/></a:spcAft><a:buClrTx/><a:buSzTx/><a:buFontTx/><a:buNone/><a:tabLst/><a:defRPr kumimoji="0" sz="1800" b="0" i="0" u="none" strike="noStrike" cap="none" spc="0" normalizeH="0" baseline="0"><a:ln><a:noFill/></a:ln><a:solidFill><a:srgbClr val="000000"/></a:solidFill><a:effectLst/><a:uFillTx/></a:defRPr></a:lvl4pPr><a:lvl5pPr marL="0" marR="0" indent="0" algn="l" defTabSz="914400" rtl="0" fontAlgn="auto" latinLnBrk="1" hangingPunct="0"><a:lnSpc><a:spcPct val="100000"/></a:lnSpc><a:spcBef><a:spcPts val="0"/></a:spcBef><a:spcAft><a:spcPts val="0"/></a:spcAft><a:buClrTx/><a:buSzTx/><a:buFontTx/><a:buNone/><a:tabLst/><a:defRPr kumimoji="0" sz="1800" b="0" i="0" u="none" strike="noStrike" cap="none" spc="0" normalizeH="0" baseline="0"><a:ln><a:noFill/></a:ln><a:solidFill><a:srgbClr val="000000"/></a:solidFill><a:effectLst/><a:uFillTx/></a:defRPr></a:lvl5pPr><a:lvl6pPr marL="0" marR="0" indent="0" algn="l" defTabSz="914400" rtl="0" fontAlgn="auto" latinLnBrk="1" hangingPunct="0"><a:lnSpc><a:spcPct val="100000"/></a:lnSpc><a:spcBef><a:spcPts val="0"/></a:spcBef><a:spcAft><a:spcPts val="0"/></a:spcAft><a:buClrTx/><a:buSzTx/><a:buFontTx/><a:buNone/><a:tabLst/><a:defRPr kumimoji="0" sz="1800" b="0" i="0" u="none" strike="noStrike" cap="none" spc="0" normalizeH="0" baseline="0"><a:ln><a:noFill/></a:ln><a:solidFill><a:srgbClr val="000000"/></a:solidFill><a:effectLst/><a:uFillTx/></a:defRPr></a:lvl6pPr><a:lvl7pPr marL="0" marR="0" indent="0" algn="l" defTabSz="914400" rtl="0" fontAlgn="auto" latinLnBrk="1" hangingPunct="0"><a:lnSpc><a:spcPct val="100000"/></a:lnSpc><a:spcBef><a:spcPts val="0"/></a:spcBef><a:spcAft><a:spcPts val="0"/></a:spcAft><a:buClrTx/><a:buSzTx/><a:buFontTx/><a:buNone/><a:tabLst/><a:defRPr kumimoji="0" sz="1800" b="0" i="0" u="none" strike="noStrike" cap="none" spc="0" normalizeH="0" baseline="0"><a:ln><a:noFill/></a:ln><a:solidFill><a:srgbClr val="000000"/></a:solidFill><a:effectLst/><a:uFillTx/></a:defRPr></a:lvl7pPr><a:lvl8pPr marL="0" marR="0" indent="0" algn="l" defTabSz="914400" rtl="0" fontAlgn="auto" latinLnBrk="1" hangingPunct="0"><a:lnSpc><a:spcPct val="100000"/></a:lnSpc><a:spcBef><a:spcPts val="0"/></a:spcBef><a:spcAft><a:spcPts val="0"/></a:spcAft><a:buClrTx/><a:buSzTx/><a:buFontTx/><a:buNone/><a:tabLst/><a:defRPr kumimoji="0" sz="1800" b="0" i="0" u="none" strike="noStrike" cap="none" spc="0" normalizeH="0" baseline="0"><a:ln><a:noFill/></a:ln><a:solidFill><a:srgbClr val="000000"/></a:solidFill><a:effectLst/><a:uFillTx/></a:defRPr></a:lvl8pPr><a:lvl9pPr marL="0" marR="0" indent="0" algn="l" defTabSz="914400" rtl="0" fontAlgn="auto" latinLnBrk="1" hangingPunct="0"><a:lnSpc><a:spcPct val="100000"/></a:lnSpc><a:spcBef><a:spcPts val="0"/></a:spcBef><a:spcAft><a:spcPts val="0"/></a:spcAft><a:buClrTx/><a:buSzTx/><a:buFontTx/><a:buNone/><a:tabLst/><a:defRPr kumimoji="0" sz="1800" b="0" i="0" u="none" strike="noStrike" cap="none" spc="0" normalizeH="0" baseline="0"><a:ln><a:noFill/></a:ln><a:solidFill><a:srgbClr val="000000"/></a:solidFill><a:effectLst/><a:uFillTx/></a:defRPr></a:lvl9pPr></a:lstStyle><a:style><a:lnRef idx="0"><a:scrgbClr r="0" g="0" b="0"/></a:lnRef><a:fillRef idx="0"><a:scrgbClr r="0" g="0" b="0"/></a:fillRef><a:effectRef idx="0"><a:scrgbClr r="0" g="0" b="0"/></a:effectRef><a:fontRef idx="none"/></a:style></a:spDef><a:lnDef><a:spPr><a:noFill/><a:ln w="25400" cap="flat"><a:solidFill><a:srgbClr val="000000"/></a:solidFill><a:prstDash val="solid"/><a:miter lim="400000"/></a:ln><a:effectLst/><a:sp3d/></a:spPr><a:bodyPr rot="0" spcFirstLastPara="1" vertOverflow="overflow" horzOverflow="overflow" vert="horz" wrap="square" lIns="91439" tIns="45719" rIns="91439" bIns="45719" numCol="1" spcCol="38100" rtlCol="0" anchor="t"><a:noAutofit/></a:bodyPr><a:lstStyle><a:defPPr marL="0" marR="0" indent="0" algn="l" defTabSz="914400" rtl="0" fontAlgn="auto" latinLnBrk="1" hangingPunct="0"><a:lnSpc><a:spcPct val="100000"/></a:lnSpc><a:spcBef><a:spcPts val="0"/></a:spcBef><a:spcAft><a:spcPts val="0"/></a:spcAft><a:buClrTx/><a:buSzTx/><a:buFontTx/><a:buNone/><a:tabLst/><a:defRPr kumimoji="0" sz="1800" b="0" i="0" u="none" strike="noStrike" cap="none" spc="0" normalizeH="0" baseline="0"><a:ln><a:noFill/></a:ln><a:solidFill><a:srgbClr val="000000"/></a:solidFill><a:effectLst/><a:uFillTx/></a:defRPr></a:defPPr><a:lvl1pPr marL="0" marR="0" indent="0" algn="l" defTabSz="914400" rtl="0" fontAlgn="auto" latinLnBrk="1" hangingPunct="0"><a:lnSpc><a:spcPct val="100000"/></a:lnSpc><a:spcBef><a:spcPts val="0"/></a:spcBef><a:spcAft><a:spcPts val="0"/></a:spcAft><a:buClrTx/><a:buSzTx/><a:buFontTx/><a:buNone/><a:tabLst/><a:defRPr kumimoji="0" sz="1800" b="0" i="0" u="none" strike="noStrike" cap="none" spc="0" normalizeH="0" baseline="0"><a:ln><a:noFill/></a:ln><a:solidFill><a:srgbClr val="000000"/></a:solidFill><a:effectLst/><a:uFillTx/></a:defRPr></a:lvl1pPr><a:lvl2pPr marL="0" marR="0" indent="0" algn="l" defTabSz="914400" rtl="0" fontAlgn="auto" latinLnBrk="1" hangingPunct="0"><a:lnSpc><a:spcPct val="100000"/></a:lnSpc><a:spcBef><a:spcPts val="0"/></a:spcBef><a:spcAft><a:spcPts val="0"/></a:spcAft><a:buClrTx/><a:buSzTx/><a:buFontTx/><a:buNone/><a:tabLst/><a:defRPr kumimoji="0" sz="1800" b="0" i="0" u="none" strike="noStrike" cap="none" spc="0" normalizeH="0" baseline="0"><a:ln><a:noFill/></a:ln><a:solidFill><a:srgbClr val="000000"/></a:solidFill><a:effectLst/><a:uFillTx/></a:defRPr></a:lvl2pPr><a:lvl3pPr marL="0" marR="0" indent="0" algn="l" defTabSz="914400" rtl="0" fontAlgn="auto" latinLnBrk="1" hangingPunct="0"><a:lnSpc><a:spcPct val="100000"/></a:lnSpc><a:spcBef><a:spcPts val="0"/></a:spcBef><a:spcAft><a:spcPts val="0"/></a:spcAft><a:buClrTx/><a:buSzTx/><a:buFontTx/><a:buNone/><a:tabLst/><a:defRPr kumimoji="0" sz="1800" b="0" i="0" u="none" strike="noStrike" cap="none" spc="0" normalizeH="0" baseline="0"><a:ln><a:noFill/></a:ln><a:solidFill><a:srgbClr val="000000"/></a:solidFill><a:effectLst/><a:uFillTx/></a:defRPr></a:lvl3pPr><a:lvl4pPr marL="0" marR="0" indent="0" algn="l" defTabSz="914400" rtl="0" fontAlgn="auto" latinLnBrk="1" hangingPunct="0"><a:lnSpc><a:spcPct val="100000"/></a:lnSpc><a:spcBef><a:spcPts val="0"/></a:spcBef><a:spcAft><a:spcPts val="0"/></a:spcAft><a:buClrTx/><a:buSzTx/><a:buFontTx/><a:buNone/><a:tabLst/><a:defRPr kumimoji="0" sz="1800" b="0" i="0" u="none" strike="noStrike" cap="none" spc="0" normalizeH="0" baseline="0"><a:ln><a:noFill/></a:ln><a:solidFill><a:srgbClr val="000000"/></a:solidFill><a:effectLst/><a:uFillTx/></a:defRPr></a:lvl4pPr><a:lvl5pPr marL="0" marR="0" indent="0" algn="l" defTabSz="914400" rtl="0" fontAlgn="auto" latinLnBrk="1" hangingPunct="0"><a:lnSpc><a:spcPct val="100000"/></a:lnSpc><a:spcBef><a:spcPts val="0"/></a:spcBef><a:spcAft><a:spcPts val="0"/></a:spcAft><a:buClrTx/><a:buSzTx/><a:buFontTx/><a:buNone/><a:tabLst/><a:defRPr kumimoji="0" sz="1800" b="0" i="0" u="none" strike="noStrike" cap="none" spc="0" normalizeH="0" baseline="0"><a:ln><a:noFill/></a:ln><a:solidFill><a:srgbClr val="000000"/></a:solidFill><a:effectLst/><a:uFillTx/></a:defRPr></a:lvl5pPr><a:lvl6pPr marL="0" marR="0" indent="0" algn="l" defTabSz="914400" rtl="0" fontAlgn="auto" latinLnBrk="1" hangingPunct="0"><a:lnSpc><a:spcPct val="100000"/></a:lnSpc><a:spcBef><a:spcPts val="0"/></a:spcBef><a:spcAft><a:spcPts val="0"/></a:spcAft><a:buClrTx/><a:buSzTx/><a:buFontTx/><a:buNone/><a:tabLst/><a:defRPr kumimoji="0" sz="1800" b="0" i="0" u="none" strike="noStrike" cap="none" spc="0" normalizeH="0" baseline="0"><a:ln><a:noFill/></a:ln><a:solidFill><a:srgbClr val="000000"/></a:solidFill><a:effectLst/><a:uFillTx/></a:defRPr></a:lvl6pPr><a:lvl7pPr marL="0" marR="0" indent="0" algn="l" defTabSz="914400" rtl="0" fontAlgn="auto" latinLnBrk="1" hangingPunct="0"><a:lnSpc><a:spcPct val="100000"/></a:lnSpc><a:spcBef><a:spcPts val="0"/></a:spcBef><a:spcAft><a:spcPts val="0"/></a:spcAft><a:buClrTx/><a:buSzTx/><a:buFontTx/><a:buNone/><a:tabLst/><a:defRPr kumimoji="0" sz="1800" b="0" i="0" u="none" strike="noStrike" cap="none" spc="0" normalizeH="0" baseline="0"><a:ln><a:noFill/></a:ln><a:solidFill><a:srgbClr val="000000"/></a:solidFill><a:effectLst/><a:uFillTx/></a:defRPr></a:lvl7pPr><a:lvl8pPr marL="0" marR="0" indent="0" algn="l" defTabSz="914400" rtl="0" fontAlgn="auto" latinLnBrk="1" hangingPunct="0"><a:lnSpc><a:spcPct val="100000"/></a:lnSpc><a:spcBef><a:spcPts val="0"/></a:spcBef><a:spcAft><a:spcPts val="0"/></a:spcAft><a:buClrTx/><a:buSzTx/><a:buFontTx/><a:buNone/><a:tabLst/><a:defRPr kumimoji="0" sz="1800" b="0" i="0" u="none" strike="noStrike" cap="none" spc="0" normalizeH="0" baseline="0"><a:ln><a:noFill/></a:ln><a:solidFill><a:srgbClr val="000000"/></a:solidFill><a:effectLst/><a:uFillTx/></a:defRPr></a:lvl8pPr><a:lvl9pPr marL="0" marR="0" indent="0" algn="l" defTabSz="914400" rtl="0" fontAlgn="auto" latinLnBrk="1" hangingPunct="0"><a:lnSpc><a:spcPct val="100000"/></a:lnSpc><a:spcBef><a:spcPts val="0"/></a:spcBef><a:spcAft><a:spcPts val="0"/></a:spcAft><a:buClrTx/><a:buSzTx/><a:buFontTx/><a:buNone/><a:tabLst/><a:defRPr kumimoji="0" sz="1800" b="0" i="0" u="none" strike="noStrike" cap="none" spc="0" normalizeH="0" baseline="0"><a:ln><a:noFill/></a:ln><a:solidFill><a:srgbClr val="000000"/></a:solidFill><a:effectLst/><a:uFillTx/></a:defRPr></a:lvl9pPr></a:lstStyle><a:style><a:lnRef idx="0"><a:scrgbClr r="0" g="0" b="0"/></a:lnRef><a:fillRef idx="0"><a:scrgbClr r="0" g="0" b="0"/></a:fillRef><a:effectRef idx="0"><a:scrgbClr r="0" g="0" b="0"/></a:effectRef><a:fontRef idx="none"/></a:style></a:lnDef><a:txDef><a:spPr><a:noFill/><a:ln w="12700" cap="flat"><a:noFill/><a:miter lim="400000"/></a:ln><a:effectLst/><a:sp3d/></a:spPr><a:bodyPr rot="0" spcFirstLastPara="1" vertOverflow="overflow" horzOverflow="overflow" vert="horz" wrap="square" lIns="50800" tIns="50800" rIns="50800" bIns="50800" numCol="1" spcCol="38100" rtlCol="0" anchor="ctr"><a:spAutoFit/></a:bodyPr><a:lstStyle><a:defPPr marL="0" marR="0" indent="0" algn="ctr" defTabSz="825500" rtl="0" fontAlgn="auto" latinLnBrk="0" hangingPunct="0"><a:lnSpc><a:spcPct val="100000"/></a:lnSpc><a:spcBef><a:spcPts val="0"/></a:spcBef><a:spcAft><a:spcPts val="0"/></a:spcAft><a:buClrTx/><a:buSzTx/><a:buFontTx/><a:buNone/><a:tabLst/><a:defRPr kumimoji="0" sz="3000" b="1" i="0" u="none" strike="noStrike" cap="none" spc="0" normalizeH="0" baseline="0"><a:ln><a:noFill/></a:ln><a:solidFill><a:srgbClr val="000000"/></a:solidFill><a:effectLst/><a:uFillTx/><a:latin typeface="Helvetica Neue"/><a:ea typeface="Helvetica Neue"/><a:cs typeface="Helvetica Neue"/><a:sym typeface="Helvetica Neue"/></a:defRPr></a:defPPr><a:lvl1pPr marL="0" marR="0" indent="0" algn="l" defTabSz="914400" rtl="0" fontAlgn="auto" latinLnBrk="1" hangingPunct="0"><a:lnSpc><a:spcPct val="100000"/></a:lnSpc><a:spcBef><a:spcPts val="0"/></a:spcBef><a:spcAft><a:spcPts val="0"/></a:spcAft><a:buClrTx/><a:buSzTx/><a:buFontTx/><a:buNone/><a:tabLst/><a:defRPr kumimoji="0" sz="1800" b="0" i="0" u="none" strike="noStrike" cap="none" spc="0" normalizeH="0" baseline="0"><a:ln><a:noFill/></a:ln><a:solidFill><a:srgbClr val="000000"/></a:solidFill><a:effectLst/><a:uFillTx/></a:defRPr></a:lvl1pPr><a:lvl2pPr marL="0" marR="0" indent="0" algn="l" defTabSz="914400" rtl="0" fontAlgn="auto" latinLnBrk="1" hangingPunct="0"><a:lnSpc><a:spcPct val="100000"/></a:lnSpc><a:spcBef><a:spcPts val="0"/></a:spcBef><a:spcAft><a:spcPts val="0"/></a:spcAft><a:buClrTx/><a:buSzTx/><a:buFontTx/><a:buNone/><a:tabLst/><a:defRPr kumimoji="0" sz="1800" b="0" i="0" u="none" strike="noStrike" cap="none" spc="0" normalizeH="0" baseline="0"><a:ln><a:noFill/></a:ln><a:solidFill><a:srgbClr val="000000"/></a:solidFill><a:effectLst/><a:uFillTx/></a:defRPr></a:lvl2pPr><a:lvl3pPr marL="0" marR="0" indent="0" algn="l" defTabSz="914400" rtl="0" fontAlgn="auto" latinLnBrk="1" hangingPunct="0"><a:lnSpc><a:spcPct val="100000"/></a:lnSpc><a:spcBef><a:spcPts val="0"/></a:spcBef><a:spcAft><a:spcPts val="0"/></a:spcAft><a:buClrTx/><a:buSzTx/><a:buFontTx/><a:buNone/><a:tabLst/><a:defRPr kumimoji="0" sz="1800" b="0" i="0" u="none" strike="noStrike" cap="none" spc="0" normalizeH="0" baseline="0"><a:ln><a:noFill/></a:ln><a:solidFill><a:srgbClr val="000000"/></a:solidFill><a:effectLst/><a:uFillTx/></a:defRPr></a:lvl3pPr><a:lvl4pPr marL="0" marR="0" indent="0" algn="l" defTabSz="914400" rtl="0" fontAlgn="auto" latinLnBrk="1" hangingPunct="0"><a:lnSpc><a:spcPct val="100000"/></a:lnSpc><a:spcBef><a:spcPts val="0"/></a:spcBef><a:spcAft><a:spcPts val="0"/></a:spcAft><a:buClrTx/><a:buSzTx/><a:buFontTx/><a:buNone/><a:tabLst/><a:defRPr kumimoji="0" sz="1800" b="0" i="0" u="none" strike="noStrike" cap="none" spc="0" normalizeH="0" baseline="0"><a:ln><a:noFill/></a:ln><a:solidFill><a:srgbClr val="000000"/></a:solidFill><a:effectLst/><a:uFillTx/></a:defRPr></a:lvl4pPr><a:lvl5pPr marL="0" marR="0" indent="0" algn="l" defTabSz="914400" rtl="0" fontAlgn="auto" latinLnBrk="1" hangingPunct="0"><a:lnSpc><a:spcPct val="100000"/></a:lnSpc><a:spcBef><a:spcPts val="0"/></a:spcBef><a:spcAft><a:spcPts val="0"/></a:spcAft><a:buClrTx/><a:buSzTx/><a:buFontTx/><a:buNone/><a:tabLst/><a:defRPr kumimoji="0" sz="1800" b="0" i="0" u="none" strike="noStrike" cap="none" spc="0" normalizeH="0" baseline="0"><a:ln><a:noFill/></a:ln><a:solidFill><a:srgbClr val="000000"/></a:solidFill><a:effectLst/><a:uFillTx/></a:defRPr></a:lvl5pPr><a:lvl6pPr marL="0" marR="0" indent="0" algn="l" defTabSz="914400" rtl="0" fontAlgn="auto" latinLnBrk="1" hangingPunct="0"><a:lnSpc><a:spcPct val="100000"/></a:lnSpc><a:spcBef><a:spcPts val="0"/></a:spcBef><a:spcAft><a:spcPts val="0"/></a:spcAft><a:buClrTx/><a:buSzTx/><a:buFontTx/><a:buNone/><a:tabLst/><a:defRPr kumimoji="0" sz="1800" b="0" i="0" u="none" strike="noStrike" cap="none" spc="0" normalizeH="0" baseline="0"><a:ln><a:noFill/></a:ln><a:solidFill><a:srgbClr val="000000"/></a:solidFill><a:effectLst/><a:uFillTx/></a:defRPr></a:lvl6pPr><a:lvl7pPr marL="0" marR="0" indent="0" algn="l" defTabSz="914400" rtl="0" fontAlgn="auto" latinLnBrk="1" hangingPunct="0"><a:lnSpc><a:spcPct val="100000"/></a:lnSpc><a:spcBef><a:spcPts val="0"/></a:spcBef><a:spcAft><a:spcPts val="0"/></a:spcAft><a:buClrTx/><a:buSzTx/><a:buFontTx/><a:buNone/><a:tabLst/><a:defRPr kumimoji="0" sz="1800" b="0" i="0" u="none" strike="noStrike" cap="none" spc="0" normalizeH="0" baseline="0"><a:ln><a:noFill/></a:ln><a:solidFill><a:srgbClr val="000000"/></a:solidFill><a:effectLst/><a:uFillTx/></a:defRPr></a:lvl7pPr><a:lvl8pPr marL="0" marR="0" indent="0" algn="l" defTabSz="914400" rtl="0" fontAlgn="auto" latinLnBrk="1" hangingPunct="0"><a:lnSpc><a:spcPct val="100000"/></a:lnSpc><a:spcBef><a:spcPts val="0"/></a:spcBef><a:spcAft><a:spcPts val="0"/></a:spcAft><a:buClrTx/><a:buSzTx/><a:buFontTx/><a:buNone/><a:tabLst/><a:defRPr kumimoji="0" sz="1800" b="0" i="0" u="none" strike="noStrike" cap="none" spc="0" normalizeH="0" baseline="0"><a:ln><a:noFill/></a:ln><a:solidFill><a:srgbClr val="000000"/></a:solidFill><a:effectLst/><a:uFillTx/></a:defRPr></a:lvl8pPr><a:lvl9pPr marL="0" marR="0" indent="0" algn="l" defTabSz="914400" rtl="0" fontAlgn="auto" latinLnBrk="1" hangingPunct="0"><a:lnSpc><a:spcPct val="100000"/></a:lnSpc><a:spcBef><a:spcPts val="0"/></a:spcBef><a:spcAft><a:spcPts val="0"/></a:spcAft><a:buClrTx/><a:buSzTx/><a:buFontTx/><a:buNone/><a:tabLst/><a:defRPr kumimoji="0" sz="1800" b="0" i="0" u="none" strike="noStrike" cap="none" spc="0" normalizeH="0" baseline="0"><a:ln><a:noFill/></a:ln><a:solidFill><a:srgbClr val="000000"/></a:solidFill><a:effectLst/><a:uFillTx/></a:defRPr></a:lvl9pPr></a:lstStyle><a:style><a:lnRef idx="0"><a:scrgbClr r="0" g="0" b="0"/></a:lnRef><a:fillRef idx="0"><a:scrgbClr r="0" g="0" b="0"/></a:fillRef><a:effectRef idx="0"><a:scrgbClr r="0" g="0" b="0"/></a:effectRef><a:fontRef idx="none"/></a:style></a:txDef></a:objectDefaults><a:extraClrSchemeLst/></a:theme>