﻿<?xml version="1.0" encoding="utf-8" standalone="yes"?>
<Properties xmlns="http://schemas.openxmlformats.org/officeDocument/2006/extended-properties" xmlns:vt="http://schemas.openxmlformats.org/officeDocument/2006/docPropsVTypes">
  <Template>Normal</Template>
  <TotalTime>3</TotalTime>
  <Pages>3</Pages>
  <Words>678</Words>
  <Characters>3867</Characters>
  <Application>Microsoft Office Word</Application>
  <DocSecurity>0</DocSecurity>
  <Lines>32</Lines>
  <Paragraphs>9</Paragraphs>
  <ScaleCrop>false</ScaleCrop>
  <Company></Company>
  <LinksUpToDate>false</LinksUpToDate>
  <CharactersWithSpaces>4536</CharactersWithSpaces>
  <SharedDoc>false</SharedDoc>
  <HyperlinksChanged>false</HyperlinksChanged>
  <AppVersion>12.0000</AppVersion>
</Properties>