<?xml version="1.0" encoding="UTF-8" standalone="yes"?>
<w:document xmlns:ve="http://schemas.openxmlformats.org/markup-compatibility/2006" xmlns:o="urn:schemas-microsoft-com:office:office" xmlns:r="http://schemas.openxmlformats.org/officeDocument/2006/relationships" xmlns:m="http://schemas.openxmlformats.org/officeDocument/2006/math" xmlns:v="urn:schemas-microsoft-com:vml" xmlns:wp="http://schemas.openxmlformats.org/drawingml/2006/wordprocessingDrawing" xmlns:w10="urn:schemas-microsoft-com:office:word" xmlns:w="http://schemas.openxmlformats.org/wordprocessingml/2006/main" xmlns:wne="http://schemas.microsoft.com/office/word/2006/wordml" xmlns:a="http://schemas.openxmlformats.org/drawingml/2006/main" xmlns:pic="http://schemas.openxmlformats.org/drawingml/2006/picture" xml:space="preserve"><w:body><w:p><w:pPr><w:spacing w:line="240" w:lineRule="auto" w:before="0"/><w:rPr><w:sz w:val="20"/></w:rPr></w:pPr></w:p><w:p><w:pPr><w:spacing w:line="240" w:lineRule="auto" w:before="0"/><w:rPr><w:sz w:val="20"/></w:rPr></w:pPr></w:p><w:p><w:pPr><w:spacing w:line="240" w:lineRule="auto" w:before="3"/><w:rPr><w:sz w:val="24"/></w:rPr></w:pPr></w:p><w:p><w:pPr><w:spacing w:after="0" w:line="240" w:lineRule="auto"/><w:rPr><w:sz w:val="24"/></w:rPr><w:sectPr><w:type w:val="continuous"/><w:pgSz w:w="11180" w:h="4170" w:orient="landscape"/><w:pgMar w:top="420" w:bottom="280" w:left="480" w:right="340"/></w:sectPr></w:pPr></w:p><w:p><w:pPr><w:spacing w:line="240" w:lineRule="auto" w:before="0"/><w:rPr><w:sz w:val="18"/></w:rPr></w:pPr><w:r><w:rPr/><w:pict><v:group style="position:absolute;margin-left:27.120001pt;margin-top:29.219999pt;width:507.6pt;height:155.050pt;mso-position-horizontal-relative:page;mso-position-vertical-relative:page;z-index:-15774720" id="docshapegroup1" coordorigin="542,584" coordsize="10152,3101"><v:line style="position:absolute" from="554,3685" to="554,584" stroked="true" strokeweight="1.2pt" strokecolor="#342f2f"><v:stroke dashstyle="solid"/></v:line><v:line style="position:absolute" from="10682,3685" to="10682,584" stroked="true" strokeweight="1.2pt" strokecolor="#342f2f"><v:stroke dashstyle="solid"/></v:line><v:line style="position:absolute" from="542,596" to="10694,596" stroked="true" strokeweight="1.2pt" strokecolor="#342f2f"><v:stroke dashstyle="solid"/></v:line><v:line style="position:absolute" from="542,3673" to="10694,3673" stroked="true" strokeweight="1.2pt" strokecolor="#342f2f"><v:stroke dashstyle="solid"/></v:line><v:line style="position:absolute" from="7750,3685" to="7750,584" stroked="true" strokeweight="1.2pt" strokecolor="#342f2f"><v:stroke dashstyle="solid"/></v:line><v:line style="position:absolute" from="542,3342" to="10694,3342" stroked="true" strokeweight="1.2pt" strokecolor="#342f2f"><v:stroke dashstyle="solid"/></v:line><v:line style="position:absolute" from="542,2972" to="10694,2972" stroked="true" strokeweight="1.2pt" strokecolor="#342f2f"><v:stroke dashstyle="solid"/></v:line><v:line style="position:absolute" from="542,2612" to="10694,2612" stroked="true" strokeweight="1.2pt" strokecolor="#342f2f"><v:stroke dashstyle="solid"/></v:line><v:line style="position:absolute" from="542,2320" to="10694,2320" stroked="true" strokeweight="1.2pt" strokecolor="#342f2f"><v:stroke dashstyle="solid"/></v:line><v:line style="position:absolute" from="542,1998" to="10694,1998" stroked="true" strokeweight="1.2pt" strokecolor="#342f2f"><v:stroke dashstyle="solid"/></v:line><v:line style="position:absolute" from="542,1580" to="10694,1580" stroked="true" strokeweight="1.2pt" strokecolor="#342f2f"><v:stroke dashstyle="solid"/></v:line><v:line style="position:absolute" from="542,1264" to="10694,1264" stroked="true" strokeweight="1.2pt" strokecolor="#342f2f"><v:stroke dashstyle="solid"/></v:line><v:line style="position:absolute" from="542,932" to="10694,932" stroked="true" strokeweight="1.2pt" strokecolor="#342f2f"><v:stroke dashstyle="solid"/></v:line><v:shape style="position:absolute;left:705;top:1620;width:1530;height:180" type="#_x0000_t75" id="docshape2" stroked="false"><v:imagedata r:id="rId5" o:title=""/></v:shape><v:shape style="position:absolute;left:705;top:3015;width:1320;height:165" type="#_x0000_t75" id="docshape3" stroked="false"><v:imagedata r:id="rId6" o:title=""/></v:shape><v:shape style="position:absolute;left:7890;top:675;width:1275;height:435" type="#_x0000_t75" id="docshape4" stroked="false"><v:imagedata r:id="rId7" o:title=""/></v:shape><v:shape style="position:absolute;left:7890;top:2040;width:345;height:1470" type="#_x0000_t75" id="docshape5" stroked="false"><v:imagedata r:id="rId8" o:title=""/></v:shape><v:shape style="position:absolute;left:705;top:975;width:2835;height:495" type="#_x0000_t75" id="docshape6" stroked="false"><v:imagedata r:id="rId9" o:title=""/></v:shape><v:shape style="position:absolute;left:705;top:3375;width:1965;height:165" type="#_x0000_t75" id="docshape7" stroked="false"><v:imagedata r:id="rId10" o:title=""/></v:shape><v:shape style="position:absolute;left:705;top:675;width:570;height:135" type="#_x0000_t75" id="docshape8" stroked="false"><v:imagedata r:id="rId11" o:title=""/></v:shape><w10:wrap type="none"/></v:group></w:pict></w:r></w:p><w:p><w:pPr><w:spacing w:line="240" w:lineRule="auto" w:before="0"/><w:rPr><w:sz w:val="18"/></w:rPr></w:pPr></w:p><w:p><w:pPr><w:spacing w:line="240" w:lineRule="auto" w:before="0"/><w:rPr><w:sz w:val="18"/></w:rPr></w:pPr></w:p><w:p><w:pPr><w:spacing w:line="240" w:lineRule="auto" w:before="1"/><w:rPr><w:sz w:val="18"/></w:rPr></w:pPr></w:p><w:p><w:pPr><w:spacing w:line="352" w:lineRule="auto" w:before="0"/><w:ind w:left="205" w:right="0" w:firstLine="15"/><w:jc w:val="left"/><w:rPr><w:rFonts w:ascii="Arial" w:hAnsi="Arial"/><w:sz w:val="17"/></w:rPr></w:pPr><w:r><w:rPr><w:rFonts w:ascii="Arial" w:hAnsi="Arial"/><w:color w:val="212121"/><w:spacing w:val="-12"/><w:sz w:val="18"/></w:rPr><w:t>Тіомекскал</w:t></w:r><w:r><w:rPr><w:rFonts w:ascii="Arial" w:hAnsi="Arial"/><w:color w:val="212121"/><w:spacing w:val="-6"/><w:sz w:val="18"/></w:rPr><w:t> </w:t></w:r><w:r><w:rPr><w:rFonts w:ascii="Arial" w:hAnsi="Arial"/><w:color w:val="282828"/><w:spacing w:val="-12"/><w:sz w:val="18"/></w:rPr><w:t>область</w:t></w:r><w:r><w:rPr><w:rFonts w:ascii="Arial" w:hAnsi="Arial"/><w:color w:val="282828"/><w:sz w:val="18"/></w:rPr><w:t> </w:t></w:r><w:r><w:rPr><w:rFonts w:ascii="Arial" w:hAnsi="Arial"/><w:color w:val="262626"/><w:sz w:val="19"/></w:rPr><w:t>То••гкая</w:t></w:r><w:r><w:rPr><w:rFonts w:ascii="Arial" w:hAnsi="Arial"/><w:color w:val="262626"/><w:spacing w:val="-10"/><w:sz w:val="19"/></w:rPr><w:t> </w:t></w:r><w:r><w:rPr><w:rFonts w:ascii="Arial" w:hAnsi="Arial"/><w:i/><w:color w:val="343434"/><w:sz w:val="19"/></w:rPr><w:t>абп</w:t></w:r><w:r><w:rPr><w:rFonts w:ascii="Arial" w:hAnsi="Arial"/><w:color w:val="343434"/><w:sz w:val="19"/></w:rPr><w:t>а-</w:t></w:r><w:r><w:rPr><w:rFonts w:ascii="Arial" w:hAnsi="Arial"/><w:i/><w:color w:val="343434"/><w:sz w:val="19"/></w:rPr><w:t>•ь </w:t></w:r><w:r><w:rPr><w:rFonts w:ascii="Arial" w:hAnsi="Arial"/><w:color w:val="212121"/><w:sz w:val="17"/></w:rPr><w:t>Иркутспая</w:t></w:r><w:r><w:rPr><w:rFonts w:ascii="Arial" w:hAnsi="Arial"/><w:color w:val="212121"/><w:spacing w:val="-12"/><w:sz w:val="17"/></w:rPr><w:t> </w:t></w:r><w:r><w:rPr><w:rFonts w:ascii="Arial" w:hAnsi="Arial"/><w:color w:val="595959"/><w:sz w:val="17"/></w:rPr><w:t>обпасtь</w:t></w:r></w:p><w:p><w:pPr><w:pStyle w:val="BodyText"/><w:spacing w:before="94"/><w:ind w:left="206"/></w:pPr><w:r><w:rPr/><w:br w:type="column"/></w:r><w:r><w:rPr><w:color w:val="383838"/><w:spacing w:val="-4"/></w:rPr><w:t>PItC</w:t></w:r></w:p><w:p><w:pPr><w:pStyle w:val="Title"/></w:pPr><w:r><w:rPr><w:color w:val="494949"/><w:spacing w:val="-5"/><w:w w:val="90"/></w:rPr><w:t>МБС</w:t></w:r></w:p><w:p><w:pPr><w:spacing w:after="0"/><w:sectPr><w:type w:val="continuous"/><w:pgSz w:w="11180" w:h="4170" w:orient="landscape"/><w:pgMar w:top="420" w:bottom="280" w:left="480" w:right="340"/><w:cols w:num="2" w:equalWidth="0"><w:col w:w="1730" w:space="5460"/><w:col w:w="3170"/></w:cols></w:sectPr></w:pPr></w:p><w:p><w:pPr><w:pStyle w:val="BodyText"/><w:spacing w:before="10"/><w:rPr><w:sz w:val="10"/></w:rPr></w:pPr><w:r><w:rPr/><w:drawing><wp:anchor distT="0" distB="0" distL="0" distR="0" allowOverlap="1" layoutInCell="1" locked="0" behindDoc="1" simplePos="0" relativeHeight="487542272"><wp:simplePos x="0" y="0"/><wp:positionH relativeFrom="page"><wp:posOffset>447675</wp:posOffset></wp:positionH><wp:positionV relativeFrom="page"><wp:posOffset>2143125</wp:posOffset></wp:positionV><wp:extent cx="1009650" cy="85725"/><wp:effectExtent l="0" t="0" r="0" b="0"/><wp:wrapNone/><wp:docPr id="1" name="image8.png"/><wp:cNvGraphicFramePr><a:graphicFrameLocks noChangeAspect="1"/></wp:cNvGraphicFramePr><a:graphic><a:graphicData uri="http://schemas.openxmlformats.org/drawingml/2006/picture"><pic:pic><pic:nvPicPr><pic:cNvPr id="2" name="image8.png"/><pic:cNvPicPr/></pic:nvPicPr><pic:blipFill><a:blip r:embed="rId12" cstate="print"/><a:stretch><a:fillRect/></a:stretch></pic:blipFill><pic:spPr><a:xfrm><a:off x="0" y="0"/><a:ext cx="1009650" cy="85725"/></a:xfrm><a:prstGeom prst="rect"><a:avLst/></a:prstGeom></pic:spPr></pic:pic></a:graphicData></a:graphic></wp:anchor></w:drawing></w:r><w:r><w:rPr/><w:drawing><wp:anchor distT="0" distB="0" distL="0" distR="0" allowOverlap="1" layoutInCell="1" locked="0" behindDoc="1" simplePos="0" relativeHeight="487542784"><wp:simplePos x="0" y="0"/><wp:positionH relativeFrom="page"><wp:posOffset>5019675</wp:posOffset></wp:positionH><wp:positionV relativeFrom="page"><wp:posOffset>828675</wp:posOffset></wp:positionV><wp:extent cx="190500" cy="285750"/><wp:effectExtent l="0" t="0" r="0" b="0"/><wp:wrapNone/><wp:docPr id="3" name="image9.png"/><wp:cNvGraphicFramePr><a:graphicFrameLocks noChangeAspect="1"/></wp:cNvGraphicFramePr><a:graphic><a:graphicData uri="http://schemas.openxmlformats.org/drawingml/2006/picture"><pic:pic><pic:nvPicPr><pic:cNvPr id="4" name="image9.png"/><pic:cNvPicPr/></pic:nvPicPr><pic:blipFill><a:blip r:embed="rId13" cstate="print"/><a:stretch><a:fillRect/></a:stretch></pic:blipFill><pic:spPr><a:xfrm><a:off x="0" y="0"/><a:ext cx="190500" cy="285750"/></a:xfrm><a:prstGeom prst="rect"><a:avLst/></a:prstGeom></pic:spPr></pic:pic></a:graphicData></a:graphic></wp:anchor></w:drawing></w:r></w:p><w:tbl><w:tblPr><w:tblW w:w="0" w:type="auto"/><w:jc w:val="left"/><w:tblInd w:w="160" w:type="dxa"/><w:tblBorders><w:top w:val="single" w:sz="18" w:space="0" w:color="3B3838"/><w:left w:val="single" w:sz="18" w:space="0" w:color="3B3838"/><w:bottom w:val="single" w:sz="18" w:space="0" w:color="3B3838"/><w:right w:val="single" w:sz="18" w:space="0" w:color="3B3838"/><w:insideH w:val="single" w:sz="18" w:space="0" w:color="3B3838"/><w:insideV w:val="single" w:sz="18" w:space="0" w:color="3B3838"/></w:tblBorders><w:tblLayout w:type="fixed"/><w:tblCellMar><w:top w:w="0" w:type="dxa"/><w:left w:w="0" w:type="dxa"/><w:bottom w:w="0" w:type="dxa"/><w:right w:w="0" w:type="dxa"/></w:tblCellMar><w:tblLook w:val="01E0"/></w:tblPr><w:tblGrid><w:gridCol w:w="10094"/></w:tblGrid><w:tr><w:trPr><w:trHeight w:val="2307" w:hRule="atLeast"/></w:trPr><w:tc><w:tcPr><w:tcW w:w="10094" w:type="dxa"/></w:tcPr><w:p><w:pPr><w:pStyle w:val="TableParagraph"/><w:tabs><w:tab w:pos="7287" w:val="left" w:leader="none"/></w:tabs><w:spacing w:before="34"/><w:ind w:left="84"/><w:rPr><w:sz w:val="17"/></w:rPr></w:pPr><w:r><w:rPr><w:color w:val="9E262A"/><w:spacing w:val="-4"/><w:sz w:val="17"/></w:rPr><w:t>Ре</w:t></w:r><w:r><w:rPr><w:color w:val="9E262A"/><w:spacing w:val="-17"/><w:sz w:val="17"/></w:rPr><w:t> </w:t></w:r><w:r><w:rPr><w:color w:val="8E0005"/><w:spacing w:val="-4"/><w:sz w:val="17"/></w:rPr><w:t>г</w:t></w:r><w:r><w:rPr><w:color w:val="8E0005"/><w:spacing w:val="-14"/><w:sz w:val="17"/></w:rPr><w:t> </w:t></w:r><w:r><w:rPr><w:color w:val="B14F52"/><w:spacing w:val="-5"/><w:sz w:val="17"/></w:rPr><w:t>нон</w:t></w:r><w:r><w:rPr><w:color w:val="B14F52"/><w:sz w:val="17"/></w:rPr><w:tab/></w:r><w:r><w:rPr><w:color w:val="B14F52"/><w:position w:val="-3"/><w:sz w:val="17"/></w:rPr><w:drawing><wp:inline distT="0" distB="0" distL="0" distR="0"><wp:extent cx="790575" cy="95250"/><wp:effectExtent l="0" t="0" r="0" b="0"/><wp:docPr id="5" name="image10.png"/><wp:cNvGraphicFramePr><a:graphicFrameLocks noChangeAspect="1"/></wp:cNvGraphicFramePr><a:graphic><a:graphicData uri="http://schemas.openxmlformats.org/drawingml/2006/picture"><pic:pic><pic:nvPicPr><pic:cNvPr id="6" name="image10.png"/><pic:cNvPicPr/></pic:nvPicPr><pic:blipFill><a:blip r:embed="rId14" cstate="print"/><a:stretch><a:fillRect/></a:stretch></pic:blipFill><pic:spPr><a:xfrm><a:off x="0" y="0"/><a:ext cx="790575" cy="95250"/></a:xfrm><a:prstGeom prst="rect"><a:avLst/></a:prstGeom></pic:spPr></pic:pic></a:graphicData></a:graphic></wp:inline></w:drawing></w:r><w:r><w:rPr><w:color w:val="B14F52"/><w:position w:val="-3"/><w:sz w:val="17"/></w:rPr></w:r></w:p><w:p><w:pPr><w:pStyle w:val="TableParagraph"/><w:rPr><w:rFonts w:ascii="Arial"/><w:sz w:val="18"/></w:rPr></w:pPr></w:p><w:p><w:pPr><w:pStyle w:val="TableParagraph"/><w:spacing w:before="2"/><w:rPr><w:rFonts w:ascii="Arial"/><w:sz w:val="20"/></w:rPr></w:pPr></w:p><w:p><w:pPr><w:pStyle w:val="TableParagraph"/><w:spacing w:line="364" w:lineRule="auto"/><w:ind w:left="84" w:right="7759" w:hanging="3"/><w:rPr><w:sz w:val="18"/></w:rPr></w:pPr><w:r><w:rPr><w:color w:val="1F1F1F"/><w:w w:val="95"/><w:sz w:val="18"/></w:rPr><w:t>Тюыепская</w:t></w:r><w:r><w:rPr><w:color w:val="1F1F1F"/><w:spacing w:val="-7"/><w:w w:val="95"/><w:sz w:val="18"/></w:rPr><w:t> </w:t></w:r><w:r><w:rPr><w:color w:val="5D5D5D"/><w:w w:val="95"/><w:sz w:val="18"/></w:rPr><w:t>об</w:t></w:r><w:r><w:rPr><w:color w:val="383838"/><w:w w:val="95"/><w:sz w:val="18"/></w:rPr><w:t>яасть </w:t></w:r><w:r><w:rPr><w:color w:val="2F2F2F"/><w:w w:val="85"/><w:sz w:val="18"/></w:rPr><w:t>Крас+іоярск</w:t></w:r><w:r><w:rPr><w:color w:val="2F2F2F"/><w:spacing w:val="-1"/><w:sz w:val="18"/></w:rPr><w:t> </w:t></w:r><w:r><w:rPr><w:color w:val="111111"/><w:w w:val="85"/><w:sz w:val="18"/></w:rPr><w:t>и</w:t></w:r><w:r><w:rPr><w:color w:val="111111"/><w:spacing w:val="-12"/><w:w w:val="85"/><w:sz w:val="18"/></w:rPr><w:t> </w:t></w:r><w:r><w:rPr><w:color w:val="111111"/><w:w w:val="85"/><w:sz w:val="18"/></w:rPr><w:t>й</w:t></w:r><w:r><w:rPr><w:color w:val="111111"/><w:spacing w:val="11"/><w:sz w:val="18"/></w:rPr><w:t> </w:t></w:r><w:r><w:rPr><w:color w:val="232323"/><w:spacing w:val="-4"/><w:w w:val="85"/><w:sz w:val="18"/></w:rPr><w:t>край</w:t></w:r></w:p><w:p><w:pPr><w:pStyle w:val="TableParagraph"/><w:tabs><w:tab w:pos="7273" w:val="left" w:leader="none"/></w:tabs><w:spacing w:line="379" w:lineRule="auto" w:before="122"/><w:ind w:left="89" w:right="2459" w:hanging="2"/><w:rPr><w:rFonts w:ascii="Arial" w:hAnsi="Arial"/><w:sz w:val="18"/></w:rPr></w:pPr><w:r><w:rPr><w:color w:val="444444"/><w:position w:val="1"/><w:sz w:val="16"/></w:rPr><w:t>Ч </w:t></w:r><w:r><w:rPr><w:color w:val="242424"/><w:position w:val="1"/><w:sz w:val="16"/></w:rPr><w:t>укотски</w:t></w:r><w:r><w:rPr><w:color w:val="242424"/><w:spacing w:val="80"/><w:position w:val="1"/><w:sz w:val="16"/></w:rPr><w:t> </w:t></w:r><w:r><w:rPr><w:color w:val="161616"/><w:position w:val="1"/><w:sz w:val="16"/></w:rPr><w:t>автОНОНьы</w:t></w:r><w:r><w:rPr><w:color w:val="161616"/><w:spacing w:val="80"/><w:position w:val="1"/><w:sz w:val="16"/></w:rPr><w:t> </w:t></w:r><w:r><w:rPr><w:color w:val="333333"/><w:position w:val="1"/><w:sz w:val="16"/></w:rPr><w:t>oxpyr</w:t><w:tab/></w:r><w:r><w:rPr><w:color w:val="333333"/><w:spacing w:val="-28"/><w:position w:val="1"/><w:sz w:val="16"/></w:rPr><w:t> </w:t></w:r><w:r><w:rPr><w:color w:val="333333"/><w:sz w:val="16"/></w:rPr><w:drawing><wp:inline distT="0" distB="0" distL="0" distR="0"><wp:extent cx="190500" cy="85725"/><wp:effectExtent l="0" t="0" r="0" b="0"/><wp:docPr id="7" name="image11.png"/><wp:cNvGraphicFramePr><a:graphicFrameLocks noChangeAspect="1"/></wp:cNvGraphicFramePr><a:graphic><a:graphicData uri="http://schemas.openxmlformats.org/drawingml/2006/picture"><pic:pic><pic:nvPicPr><pic:cNvPr id="8" name="image11.png"/><pic:cNvPicPr/></pic:nvPicPr><pic:blipFill><a:blip r:embed="rId15" cstate="print"/><a:stretch><a:fillRect/></a:stretch></pic:blipFill><pic:spPr><a:xfrm><a:off x="0" y="0"/><a:ext cx="190500" cy="85725"/></a:xfrm><a:prstGeom prst="rect"><a:avLst/></a:prstGeom></pic:spPr></pic:pic></a:graphicData></a:graphic></wp:inline></w:drawing></w:r><w:r><w:rPr><w:color w:val="333333"/><w:sz w:val="16"/></w:rPr></w:r><w:r><w:rPr><w:color w:val="333333"/><w:spacing w:val="40"/><w:sz w:val="16"/></w:rPr><w:t> </w:t></w:r><w:r><w:rPr><w:color w:val="181818"/><w:sz w:val="16"/></w:rPr><w:t>N</w:t></w:r><w:r><w:rPr><w:color w:val="181818"/><w:spacing w:val="-4"/><w:sz w:val="16"/></w:rPr><w:t> </w:t></w:r><w:r><w:rPr><w:color w:val="343434"/><w:sz w:val="16"/></w:rPr><w:t>агаданская</w:t></w:r><w:r><w:rPr><w:color w:val="343434"/><w:spacing w:val="55"/><w:sz w:val="16"/></w:rPr><w:t> </w:t></w:r><w:r><w:rPr><w:color w:val="343434"/><w:spacing w:val="-2"/><w:sz w:val="16"/></w:rPr><w:t>@ласгь</w:t></w:r><w:r><w:rPr><w:color w:val="343434"/><w:sz w:val="16"/></w:rPr><w:tab/></w:r><w:r><w:rPr><w:rFonts w:ascii="Arial" w:hAnsi="Arial"/><w:color w:val="2A2A2A"/><w:spacing w:val="-23"/><w:sz w:val="18"/></w:rPr><w:t>PKC</w:t></w:r></w:p><w:p><w:pPr><w:pStyle w:val="TableParagraph"/><w:tabs><w:tab w:pos="7284" w:val="left" w:leader="none"/></w:tabs><w:spacing w:line="186" w:lineRule="exact"/><w:ind w:left="84"/><w:rPr><w:sz w:val="17"/></w:rPr></w:pPr><w:r><w:rPr><w:color w:val="3F3F3F"/><w:sz w:val="14"/></w:rPr><w:t>К</w:t></w:r><w:r><w:rPr><w:color w:val="111111"/><w:sz w:val="14"/></w:rPr><w:t>атича</w:t></w:r><w:r><w:rPr><w:color w:val="111111"/><w:spacing w:val="-13"/><w:sz w:val="14"/></w:rPr><w:t> </w:t></w:r><w:r><w:rPr><w:color w:val="4B4B4B"/><w:sz w:val="14"/></w:rPr><w:t>тск</w:t></w:r><w:r><w:rPr><w:color w:val="4B4B4B"/><w:spacing w:val="-4"/><w:sz w:val="14"/></w:rPr><w:t> </w:t></w:r><w:r><w:rPr><w:color w:val="1A1A1A"/><w:sz w:val="14"/></w:rPr><w:t>и</w:t></w:r><w:r><w:rPr><w:color w:val="1A1A1A"/><w:spacing w:val="-6"/><w:sz w:val="14"/></w:rPr><w:t> </w:t></w:r><w:r><w:rPr><w:color w:val="181818"/><w:sz w:val="14"/></w:rPr><w:t>й</w:t></w:r><w:r><w:rPr><w:color w:val="181818"/><w:spacing w:val="27"/><w:sz w:val="14"/></w:rPr><w:t> </w:t></w:r><w:r><w:rPr><w:color w:val="262626"/><w:spacing w:val="-4"/><w:sz w:val="14"/></w:rPr><w:t>н.рай</w:t></w:r><w:r><w:rPr><w:color w:val="262626"/><w:sz w:val="14"/></w:rPr><w:tab/></w:r><w:r><w:rPr><w:color w:val="414141"/><w:spacing w:val="-5"/><w:sz w:val="17"/></w:rPr><w:t>PKC</w:t></w:r></w:p></w:tc></w:tr><w:tr><w:trPr><w:trHeight w:val="300" w:hRule="atLeast"/></w:trPr><w:tc><w:tcPr><w:tcW w:w="10094" w:type="dxa"/></w:tcPr><w:p><w:pPr><w:pStyle w:val="TableParagraph"/><w:tabs><w:tab w:pos="7197" w:val="left" w:leader="none"/></w:tabs><w:spacing w:before="9"/><w:ind w:right="2463"/><w:jc w:val="right"/><w:rPr><w:sz w:val="20"/></w:rPr></w:pPr><w:r><w:rPr><w:color w:val="262626"/><w:spacing w:val="-5"/><w:sz w:val="18"/></w:rPr><w:t>Хабаровский</w:t></w:r><w:r><w:rPr><w:color w:val="262626"/><w:spacing w:val="8"/><w:sz w:val="18"/></w:rPr><w:t> </w:t></w:r><w:r><w:rPr><w:color w:val="3B3B3B"/><w:spacing w:val="-4"/><w:sz w:val="18"/></w:rPr><w:t>«рай</w:t></w:r><w:r><w:rPr><w:color w:val="3B3B3B"/><w:sz w:val="18"/></w:rPr><w:tab/></w:r><w:r><w:rPr><w:color w:val="383838"/><w:spacing w:val="-5"/><w:sz w:val="20"/></w:rPr><w:t>PKC</w:t></w:r></w:p></w:tc></w:tr><w:tr><w:trPr><w:trHeight w:val="300" w:hRule="atLeast"/></w:trPr><w:tc><w:tcPr><w:tcW w:w="10094" w:type="dxa"/></w:tcPr><w:p><w:pPr><w:pStyle w:val="TableParagraph"/><w:spacing w:before="27"/><w:ind w:right="2461"/><w:jc w:val="right"/><w:rPr><w:sz w:val="18"/></w:rPr></w:pPr><w:r><w:rPr><w:color w:val="2A2A2A"/><w:spacing w:val="-5"/><w:w w:val="95"/><w:sz w:val="18"/></w:rPr><w:t>PKC</w:t></w:r></w:p></w:tc></w:tr></w:tbl><w:sectPr><w:pgSz w:w="11180" w:h="4170" w:orient="landscape"/><w:pgMar w:top="420" w:bottom="280" w:left="480" w:right="340"/></w:sectPr></w:body></w:document>