<?xml version="1.0" encoding="UTF-8" standalone="yes"?>
<w:fonts xmlns:r="http://schemas.openxmlformats.org/officeDocument/2006/relationships" xmlns:w="http://schemas.openxmlformats.org/wordprocessingml/2006/main"><w:font w:name="Times New Roman"><w:altName w:val="Times New Roman"/><w:charset w:val="1"/><w:family w:val="roman"/><w:pitch w:val="variable"/></w:font><w:font w:name="Arial"><w:altName w:val="Arial"/><w:charset w:val="1"/><w:family w:val="swiss"/><w:pitch w:val="variable"/></w:font></w:fonts>
