<?xml version="1.0" encoding="UTF-8" standalone="yes"?>
<w:styles xmlns:r="http://schemas.openxmlformats.org/officeDocument/2006/relationships" xmlns:w="http://schemas.openxmlformats.org/wordprocessingml/2006/main"><w:docDefaults><w:rPrDefault><w:rPr><w:rFonts w:cstheme="minorBidi" w:hAnsiTheme="minorHAnsi" w:eastAsiaTheme="minorHAnsi" w:asciiTheme="minorHAnsi"/><w:sz w:val="22"/><w:szCs w:val="22"/><w:lang w:val="en-US" w:bidi="ar-SA" w:eastAsia="en-US"/></w:rPr></w:rPrDefault><w:pPrDefault><w:pPr><w:widowControl w:val="0"/><w:autoSpaceDE w:val="0"/><w:autoSpaceDN w:val="0"/><w:spacing w:lineRule="auto" w:line="240" w:before="0" w:after="0"/><w:ind w:left="0" w:right="0"/><w:jc w:val="left"/></w:pPr></w:pPrDefault></w:docDefaults><w:style w:styleId="DefaultParagraphFont" w:default="1" w:type="character"><w:name w:val="Default Paragraph Font"/><w:uiPriority w:val="1"/><w:semiHidden/><w:unhideWhenUsed/></w:style><w:style w:styleId="TableNormal" w:default="1" w:type="table"><w:name w:val="Table Normal"/><w:uiPriority w:val="2"/><w:semiHidden/><w:unhideWhenUsed/><w:qFormat/><w:tblPr><w:tblInd w:w="0" w:type="dxa"/><w:tblCellMar><w:top w:w="0" w:type="dxa"/><w:left w:w="0" w:type="dxa"/><w:bottom w:w="0" w:type="dxa"/><w:right w:w="0" w:type="dxa"/></w:tblCellMar></w:tblPr></w:style><w:style w:styleId="NoList" w:default="1" w:type="numbering"><w:name w:val="No List"/><w:uiPriority w:val="99"/><w:semiHidden/><w:unhideWhenUsed/></w:style><w:style w:default="1" w:styleId="Normal" w:type="paragraph"><w:name w:val="Normal"/><w:uiPriority w:val="1"/><w:qFormat/><w:pPr/><w:rPr><w:rFonts w:ascii="Times New Roman" w:hAnsi="Times New Roman" w:eastAsia="Times New Roman" w:cs="Times New Roman"/><w:lang w:val="ru-RU" w:eastAsia="en-US" w:bidi="ar-SA"/></w:rPr></w:style><w:style w:styleId="BodyText" w:type="paragraph"><w:name w:val="Body Text"/><w:basedOn w:val="Normal"/><w:uiPriority w:val="1"/><w:qFormat/><w:pPr/><w:rPr><w:rFonts w:ascii="Arial" w:hAnsi="Arial" w:eastAsia="Arial" w:cs="Arial"/><w:sz w:val="18"/><w:szCs w:val="18"/><w:lang w:val="ru-RU" w:eastAsia="en-US" w:bidi="ar-SA"/></w:rPr></w:style><w:style w:styleId="Title" w:type="paragraph"><w:name w:val="Title"/><w:basedOn w:val="Normal"/><w:uiPriority w:val="1"/><w:qFormat/><w:pPr><w:spacing w:before="105"/><w:ind w:left="205"/></w:pPr><w:rPr><w:rFonts w:ascii="Arial" w:hAnsi="Arial" w:eastAsia="Arial" w:cs="Arial"/><w:sz w:val="20"/><w:szCs w:val="20"/><w:lang w:val="ru-RU" w:eastAsia="en-US" w:bidi="ar-SA"/></w:rPr></w:style><w:style w:styleId="ListParagraph" w:type="paragraph"><w:name w:val="List Paragraph"/><w:basedOn w:val="Normal"/><w:uiPriority w:val="1"/><w:qFormat/><w:pPr/><w:rPr><w:lang w:val="ru-RU" w:eastAsia="en-US" w:bidi="ar-SA"/></w:rPr></w:style><w:style w:styleId="TableParagraph" w:type="paragraph"><w:name w:val="Table Paragraph"/><w:basedOn w:val="Normal"/><w:uiPriority w:val="1"/><w:qFormat/><w:pPr/><w:rPr><w:rFonts w:ascii="Times New Roman" w:hAnsi="Times New Roman" w:eastAsia="Times New Roman" w:cs="Times New Roman"/><w:lang w:val="ru-RU" w:eastAsia="en-US" w:bidi="ar-SA"/></w:rPr></w:style></w:styles>
