<?xml version="1.0" encoding="UTF-8" standalone="yes"?>
<w:document xmlns:ve="http://schemas.openxmlformats.org/markup-compatibility/2006" xmlns:o="urn:schemas-microsoft-com:office:office" xmlns:r="http://schemas.openxmlformats.org/officeDocument/2006/relationships" xmlns:m="http://schemas.openxmlformats.org/officeDocument/2006/math" xmlns:v="urn:schemas-microsoft-com:vml" xmlns:wp="http://schemas.openxmlformats.org/drawingml/2006/wordprocessingDrawing" xmlns:w10="urn:schemas-microsoft-com:office:word" xmlns:w="http://schemas.openxmlformats.org/wordprocessingml/2006/main" xmlns:wne="http://schemas.microsoft.com/office/word/2006/wordml"><w:body><w:p w:rsidR="007A2457" w:rsidRPr="005733F4" w:rsidRDefault="007A2457" w:rsidP="007A2457"><w:pPr><w:autoSpaceDE w:val="0"/><w:autoSpaceDN w:val="0"/><w:adjustRightInd w:val="0"/><w:spacing w:after="0" w:line="240" w:lineRule="auto"/><w:jc w:val="both"/><w:textAlignment w:val="center"/><w:rPr><w:rFonts w:ascii="Times New Roman" w:eastAsiaTheme="minorHAnsi" w:hAnsi="Times New Roman"/><w:sz w:val="24"/><w:szCs w:val="24"/><w:u w:color="000000"/></w:rPr></w:pPr><w:r><w:rPr><w:rFonts w:ascii="Times New Roman" w:hAnsi="Times New Roman"/><w:b/><w:bCs/><w:color w:val="000000"/><w:sz w:val="24"/><w:szCs w:val="24"/><w:shd w:val="clear" w:color="auto" w:fill="FFFFFF"/></w:rPr><w:t>Приказ о внесении изменений в п</w:t></w:r><w:r w:rsidRPr="005733F4"><w:rPr><w:rFonts w:ascii="Times New Roman" w:hAnsi="Times New Roman"/><w:b/><w:bCs/><w:color w:val="000000"/><w:sz w:val="24"/><w:szCs w:val="24"/><w:shd w:val="clear" w:color="auto" w:fill="FFFFFF"/></w:rPr><w:t>равила внутреннего трудового распорядка</w:t></w:r></w:p><w:p w:rsidR="007A2457" w:rsidRPr="005733F4" w:rsidRDefault="007A2457" w:rsidP="007A2457"><w:pPr><w:autoSpaceDE w:val="0"/><w:autoSpaceDN w:val="0"/><w:adjustRightInd w:val="0"/><w:spacing w:after="0" w:line="240" w:lineRule="auto"/><w:jc w:val="both"/><w:textAlignment w:val="center"/><w:rPr><w:rFonts w:ascii="Times New Roman" w:eastAsiaTheme="minorHAnsi" w:hAnsi="Times New Roman"/><w:sz w:val="24"/><w:szCs w:val="24"/><w:u w:color="000000"/></w:rPr></w:pPr></w:p><w:p w:rsidR="007A2457" w:rsidRPr="005733F4" w:rsidRDefault="007A2457" w:rsidP="007A2457"><w:pPr><w:autoSpaceDE w:val="0"/><w:autoSpaceDN w:val="0"/><w:adjustRightInd w:val="0"/><w:spacing w:after="0" w:line="240" w:lineRule="auto"/><w:jc w:val="center"/><w:textAlignment w:val="center"/><w:rPr><w:rFonts w:ascii="Times New Roman" w:eastAsiaTheme="minorHAnsi" w:hAnsi="Times New Roman"/><w:sz w:val="24"/><w:szCs w:val="24"/><w:u w:color="000000"/></w:rPr></w:pPr><w:r w:rsidRPr="005733F4"><w:rPr><w:rFonts w:ascii="Times New Roman" w:eastAsiaTheme="minorHAnsi" w:hAnsi="Times New Roman"/><w:sz w:val="24"/><w:szCs w:val="24"/><w:u w:color="000000"/></w:rPr><w:t>Общество с ограниченной ответственностью «Альфа»</w:t></w:r></w:p><w:p w:rsidR="007A2457" w:rsidRPr="005733F4" w:rsidRDefault="007A2457" w:rsidP="007A2457"><w:pPr><w:autoSpaceDE w:val="0"/><w:autoSpaceDN w:val="0"/><w:adjustRightInd w:val="0"/><w:spacing w:after="0" w:line="240" w:lineRule="auto"/><w:jc w:val="center"/><w:textAlignment w:val="center"/><w:rPr><w:rFonts w:ascii="Times New Roman" w:eastAsiaTheme="minorHAnsi" w:hAnsi="Times New Roman"/><w:sz w:val="24"/><w:szCs w:val="24"/><w:u w:color="000000"/></w:rPr></w:pPr><w:r w:rsidRPr="005733F4"><w:rPr><w:rFonts w:ascii="Times New Roman" w:eastAsiaTheme="minorHAnsi" w:hAnsi="Times New Roman"/><w:sz w:val="24"/><w:szCs w:val="24"/><w:u w:color="000000"/></w:rPr><w:t>(ООО «Альфа»)</w:t></w:r></w:p><w:p w:rsidR="007A2457" w:rsidRPr="005733F4" w:rsidRDefault="007A2457" w:rsidP="007A2457"><w:pPr><w:autoSpaceDE w:val="0"/><w:autoSpaceDN w:val="0"/><w:adjustRightInd w:val="0"/><w:spacing w:after="0" w:line="240" w:lineRule="auto"/><w:jc w:val="both"/><w:textAlignment w:val="center"/><w:rPr><w:rFonts w:ascii="Times New Roman" w:eastAsiaTheme="minorHAnsi" w:hAnsi="Times New Roman"/><w:sz w:val="24"/><w:szCs w:val="24"/><w:u w:color="000000"/></w:rPr></w:pPr></w:p><w:p w:rsidR="007A2457" w:rsidRPr="002D7C18" w:rsidRDefault="007A2457" w:rsidP="007A2457"><w:pPr><w:autoSpaceDE w:val="0"/><w:autoSpaceDN w:val="0"/><w:adjustRightInd w:val="0"/><w:spacing w:after="0" w:line="240" w:lineRule="auto"/><w:jc w:val="center"/><w:textAlignment w:val="center"/><w:rPr><w:rFonts w:ascii="Times New Roman" w:eastAsiaTheme="minorHAnsi" w:hAnsi="Times New Roman"/><w:caps/><w:sz w:val="24"/><w:szCs w:val="24"/><w:u w:color="000000"/></w:rPr></w:pPr><w:r w:rsidRPr="002D7C18"><w:rPr><w:rFonts w:ascii="Times New Roman" w:eastAsiaTheme="minorHAnsi" w:hAnsi="Times New Roman"/><w:caps/><w:sz w:val="24"/><w:szCs w:val="24"/><w:u w:color="000000"/></w:rPr><w:t>ПРИКАЗ</w:t></w:r></w:p><w:p w:rsidR="007A2457" w:rsidRPr="005733F4" w:rsidRDefault="007A2457" w:rsidP="007A2457"><w:pPr><w:autoSpaceDE w:val="0"/><w:autoSpaceDN w:val="0"/><w:adjustRightInd w:val="0"/><w:spacing w:after="0" w:line="240" w:lineRule="auto"/><w:jc w:val="center"/><w:textAlignment w:val="center"/><w:rPr><w:rFonts w:ascii="Times New Roman" w:eastAsiaTheme="minorHAnsi" w:hAnsi="Times New Roman"/><w:sz w:val="24"/><w:szCs w:val="24"/><w:u w:color="000000"/></w:rPr></w:pPr><w:r w:rsidRPr="007A2457"><w:rPr><w:rFonts w:ascii="Times New Roman" w:eastAsiaTheme="minorHAnsi" w:hAnsi="Times New Roman"/><w:iCs/><w:sz w:val="24"/><w:szCs w:val="24"/></w:rPr><w:t>02.12.2022</w:t></w:r><w:r w:rsidRPr="005733F4"><w:rPr><w:rFonts w:ascii="Times New Roman" w:eastAsiaTheme="minorHAnsi" w:hAnsi="Times New Roman"/><w:sz w:val="24"/><w:szCs w:val="24"/><w:u w:color="000000"/></w:rPr><w:tab/></w:r><w:r w:rsidRPr="005733F4"><w:rPr><w:rFonts w:ascii="Times New Roman" w:eastAsiaTheme="minorHAnsi" w:hAnsi="Times New Roman"/><w:sz w:val="24"/><w:szCs w:val="24"/><w:u w:color="000000"/></w:rPr><w:tab/></w:r><w:r w:rsidRPr="005733F4"><w:rPr><w:rFonts w:ascii="Times New Roman" w:eastAsiaTheme="minorHAnsi" w:hAnsi="Times New Roman"/><w:sz w:val="24"/><w:szCs w:val="24"/><w:u w:color="000000"/></w:rPr><w:tab/></w:r><w:r w:rsidRPr="005733F4"><w:rPr><w:rFonts w:ascii="Times New Roman" w:eastAsiaTheme="minorHAnsi" w:hAnsi="Times New Roman"/><w:sz w:val="24"/><w:szCs w:val="24"/><w:u w:color="000000"/></w:rPr><w:tab/></w:r><w:r w:rsidRPr="005733F4"><w:rPr><w:rFonts w:ascii="Times New Roman" w:eastAsiaTheme="minorHAnsi" w:hAnsi="Times New Roman"/><w:sz w:val="24"/><w:szCs w:val="24"/><w:u w:color="000000"/></w:rPr><w:tab/></w:r><w:r w:rsidRPr="005733F4"><w:rPr><w:rFonts w:ascii="Times New Roman" w:eastAsiaTheme="minorHAnsi" w:hAnsi="Times New Roman"/><w:sz w:val="24"/><w:szCs w:val="24"/><w:u w:color="000000"/></w:rPr><w:tab/></w:r><w:r w:rsidRPr="005733F4"><w:rPr><w:rFonts w:ascii="Times New Roman" w:eastAsiaTheme="minorHAnsi" w:hAnsi="Times New Roman"/><w:sz w:val="24"/><w:szCs w:val="24"/><w:u w:color="000000"/></w:rPr><w:tab/></w:r><w:r w:rsidRPr="005733F4"><w:rPr><w:rFonts w:ascii="Times New Roman" w:eastAsiaTheme="minorHAnsi" w:hAnsi="Times New Roman"/><w:sz w:val="24"/><w:szCs w:val="24"/><w:u w:color="000000"/></w:rPr><w:tab/></w:r><w:r w:rsidRPr="005733F4"><w:rPr><w:rFonts w:ascii="Times New Roman" w:eastAsiaTheme="minorHAnsi" w:hAnsi="Times New Roman"/><w:sz w:val="24"/><w:szCs w:val="24"/><w:u w:color="000000"/></w:rPr><w:tab/></w:r><w:r w:rsidRPr="005733F4"><w:rPr><w:rFonts w:ascii="Times New Roman" w:eastAsiaTheme="minorHAnsi" w:hAnsi="Times New Roman"/><w:sz w:val="24"/><w:szCs w:val="24"/><w:u w:color="000000"/></w:rPr><w:tab/></w:r><w:r w:rsidRPr="005733F4"><w:rPr><w:rFonts w:ascii="Times New Roman" w:eastAsiaTheme="minorHAnsi" w:hAnsi="Times New Roman"/><w:sz w:val="24"/><w:szCs w:val="24"/><w:u w:color="000000"/></w:rPr><w:tab/></w:r><w:r w:rsidRPr="007A2457"><w:rPr><w:rFonts w:ascii="Times New Roman" w:eastAsiaTheme="minorHAnsi" w:hAnsi="Times New Roman"/><w:sz w:val="24"/><w:szCs w:val="24"/></w:rPr><w:t xml:space="preserve">№ </w:t></w:r><w:r w:rsidRPr="007A2457"><w:rPr><w:rFonts w:ascii="Times New Roman" w:eastAsiaTheme="minorHAnsi" w:hAnsi="Times New Roman"/><w:iCs/><w:sz w:val="24"/><w:szCs w:val="24"/></w:rPr><w:t>67</w:t></w:r></w:p><w:p w:rsidR="007A2457" w:rsidRPr="005733F4" w:rsidRDefault="007A2457" w:rsidP="007A2457"><w:pPr><w:autoSpaceDE w:val="0"/><w:autoSpaceDN w:val="0"/><w:adjustRightInd w:val="0"/><w:spacing w:after="0" w:line="240" w:lineRule="auto"/><w:jc w:val="center"/><w:textAlignment w:val="center"/><w:rPr><w:rFonts w:ascii="Times New Roman" w:eastAsiaTheme="minorHAnsi" w:hAnsi="Times New Roman"/><w:sz w:val="24"/><w:szCs w:val="24"/><w:u w:color="000000"/></w:rPr></w:pPr><w:r w:rsidRPr="005733F4"><w:rPr><w:rFonts w:ascii="Times New Roman" w:eastAsiaTheme="minorHAnsi" w:hAnsi="Times New Roman"/><w:sz w:val="24"/><w:szCs w:val="24"/><w:u w:color="000000"/></w:rPr><w:t>Москва</w:t></w:r></w:p><w:p w:rsidR="007A2457" w:rsidRPr="005733F4" w:rsidRDefault="007A2457" w:rsidP="007A2457"><w:pPr><w:autoSpaceDE w:val="0"/><w:autoSpaceDN w:val="0"/><w:adjustRightInd w:val="0"/><w:spacing w:after="0" w:line="240" w:lineRule="auto"/><w:jc w:val="center"/><w:textAlignment w:val="center"/><w:rPr><w:rFonts w:ascii="Times New Roman" w:eastAsiaTheme="minorHAnsi" w:hAnsi="Times New Roman"/><w:sz w:val="24"/><w:szCs w:val="24"/><w:u w:color="000000"/></w:rPr></w:pPr></w:p><w:p w:rsidR="007A2457" w:rsidRPr="005733F4" w:rsidRDefault="007A2457" w:rsidP="007A2457"><w:pPr><w:autoSpaceDE w:val="0"/><w:autoSpaceDN w:val="0"/><w:adjustRightInd w:val="0"/><w:spacing w:after="0" w:line="240" w:lineRule="auto"/><w:jc w:val="both"/><w:textAlignment w:val="center"/><w:rPr><w:rFonts w:ascii="Times New Roman" w:eastAsiaTheme="minorHAnsi" w:hAnsi="Times New Roman"/><w:sz w:val="24"/><w:szCs w:val="24"/><w:u w:color="000000"/></w:rPr></w:pPr><w:r><w:rPr><w:rFonts w:ascii="Times New Roman" w:eastAsiaTheme="minorHAnsi" w:hAnsi="Times New Roman"/><w:sz w:val="24"/><w:szCs w:val="24"/><w:u w:color="000000"/></w:rPr><w:t>О внесении изменений в п</w:t></w:r><w:r w:rsidRPr="005733F4"><w:rPr><w:rFonts w:ascii="Times New Roman" w:eastAsiaTheme="minorHAnsi" w:hAnsi="Times New Roman"/><w:sz w:val="24"/><w:szCs w:val="24"/><w:u w:color="000000"/></w:rPr><w:t>равила внутреннего трудового распорядка</w:t></w:r></w:p><w:p w:rsidR="007A2457" w:rsidRPr="005733F4" w:rsidRDefault="007A2457" w:rsidP="007A2457"><w:pPr><w:autoSpaceDE w:val="0"/><w:autoSpaceDN w:val="0"/><w:adjustRightInd w:val="0"/><w:spacing w:after="0" w:line="240" w:lineRule="auto"/><w:jc w:val="both"/><w:textAlignment w:val="center"/><w:rPr><w:rFonts w:ascii="Times New Roman" w:eastAsiaTheme="minorHAnsi" w:hAnsi="Times New Roman"/><w:sz w:val="24"/><w:szCs w:val="24"/><w:u w:color="000000"/></w:rPr></w:pPr></w:p><w:p w:rsidR="007A2457" w:rsidRPr="005733F4" w:rsidRDefault="007A2457" w:rsidP="007A2457"><w:pPr><w:autoSpaceDE w:val="0"/><w:autoSpaceDN w:val="0"/><w:adjustRightInd w:val="0"/><w:spacing w:after="0" w:line="240" w:lineRule="auto"/><w:ind w:firstLine="567"/><w:jc w:val="both"/><w:textAlignment w:val="center"/><w:rPr><w:rFonts w:ascii="Times New Roman" w:eastAsiaTheme="minorHAnsi" w:hAnsi="Times New Roman"/><w:sz w:val="24"/><w:szCs w:val="24"/><w:u w:color="000000"/></w:rPr></w:pPr><w:r w:rsidRPr="005733F4"><w:rPr><w:rFonts w:ascii="Times New Roman" w:eastAsiaTheme="minorHAnsi" w:hAnsi="Times New Roman"/><w:sz w:val="24"/><w:szCs w:val="24"/><w:u w:color="000000"/></w:rPr><w:t>В целях оптимизации выплаты заработной платы в ООО «Альфа»</w:t></w:r><w:r><w:rPr><w:rFonts w:ascii="Times New Roman" w:eastAsiaTheme="minorHAnsi" w:hAnsi="Times New Roman"/><w:sz w:val="24"/><w:szCs w:val="24"/><w:u w:color="000000"/></w:rPr><w:t>, руководствуясь</w:t></w:r><w:r w:rsidRPr="005733F4"><w:rPr><w:rFonts w:ascii="Times New Roman" w:eastAsiaTheme="minorHAnsi" w:hAnsi="Times New Roman"/><w:sz w:val="24"/><w:szCs w:val="24"/><w:u w:color="000000"/></w:rPr><w:t xml:space="preserve"> требованиями налогового и трудового законодательства</w:t></w:r></w:p><w:p w:rsidR="007A2457" w:rsidRPr="005733F4" w:rsidRDefault="007A2457" w:rsidP="007A2457"><w:pPr><w:autoSpaceDE w:val="0"/><w:autoSpaceDN w:val="0"/><w:adjustRightInd w:val="0"/><w:spacing w:after="0" w:line="240" w:lineRule="auto"/><w:ind w:firstLine="567"/><w:jc w:val="both"/><w:textAlignment w:val="center"/><w:rPr><w:rFonts w:ascii="Times New Roman" w:eastAsiaTheme="minorHAnsi" w:hAnsi="Times New Roman"/><w:sz w:val="24"/><w:szCs w:val="24"/><w:u w:color="000000"/></w:rPr></w:pPr><w:r w:rsidRPr="005733F4"><w:rPr><w:rFonts w:ascii="Times New Roman" w:eastAsiaTheme="minorHAnsi" w:hAnsi="Times New Roman"/><w:sz w:val="24"/><w:szCs w:val="24"/><w:u w:color="000000"/></w:rPr><w:t>ПРИКАЗЫВАЮ:</w:t></w:r></w:p><w:p w:rsidR="007A2457" w:rsidRPr="005733F4" w:rsidRDefault="007A2457" w:rsidP="007A2457"><w:pPr><w:spacing w:after="0" w:line="240" w:lineRule="auto"/><w:ind w:firstLine="567"/><w:jc w:val="both"/><w:rPr><w:rFonts w:ascii="Times New Roman" w:eastAsiaTheme="minorHAnsi" w:hAnsi="Times New Roman"/><w:sz w:val="24"/><w:szCs w:val="24"/></w:rPr></w:pPr><w:r w:rsidRPr="005733F4"><w:rPr><w:rFonts w:ascii="Times New Roman" w:eastAsiaTheme="minorHAnsi" w:hAnsi="Times New Roman"/><w:sz w:val="24"/><w:szCs w:val="24"/></w:rPr><w:t xml:space="preserve">1. </w:t></w:r><w:r><w:rPr><w:rFonts w:ascii="Times New Roman" w:eastAsiaTheme="minorHAnsi" w:hAnsi="Times New Roman"/><w:sz w:val="24"/><w:szCs w:val="24"/></w:rPr><w:t>И</w:t></w:r><w:r w:rsidRPr="005733F4"><w:rPr><w:rFonts w:ascii="Times New Roman" w:eastAsiaTheme="minorHAnsi" w:hAnsi="Times New Roman"/><w:sz w:val="24"/><w:szCs w:val="24"/></w:rPr><w:t>зложить пункт</w:t></w:r><w:r><w:rPr><w:rFonts w:ascii="Times New Roman" w:eastAsiaTheme="minorHAnsi" w:hAnsi="Times New Roman"/><w:sz w:val="24"/><w:szCs w:val="24"/></w:rPr><w:t xml:space="preserve"> п.</w:t></w:r><w:r w:rsidRPr="005733F4"><w:rPr><w:rFonts w:ascii="Times New Roman" w:eastAsiaTheme="minorHAnsi" w:hAnsi="Times New Roman"/><w:sz w:val="24"/><w:szCs w:val="24"/></w:rPr><w:t xml:space="preserve"> 9.3 Правил внутреннего трудового распорядк</w:t></w:r><w:proofErr w:type="gramStart"/><w:r w:rsidRPr="005733F4"><w:rPr><w:rFonts w:ascii="Times New Roman" w:eastAsiaTheme="minorHAnsi" w:hAnsi="Times New Roman"/><w:sz w:val="24"/><w:szCs w:val="24"/></w:rPr><w:t xml:space="preserve">а </w:t></w:r><w:r><w:rPr><w:rFonts w:ascii="Times New Roman" w:eastAsiaTheme="minorHAnsi" w:hAnsi="Times New Roman"/><w:sz w:val="24"/><w:szCs w:val="24"/></w:rPr><w:t>ООО</w:t></w:r><w:proofErr w:type="gramEnd"/><w:r><w:rPr><w:rFonts w:ascii="Times New Roman" w:eastAsiaTheme="minorHAnsi" w:hAnsi="Times New Roman"/><w:sz w:val="24"/><w:szCs w:val="24"/></w:rPr><w:t xml:space="preserve"> «Альфа» </w:t></w:r><w:r w:rsidRPr="005733F4"><w:rPr><w:rFonts w:ascii="Times New Roman" w:eastAsiaTheme="minorHAnsi" w:hAnsi="Times New Roman"/><w:sz w:val="24"/><w:szCs w:val="24"/></w:rPr><w:t>в следующей редакции:</w:t></w:r></w:p><w:p w:rsidR="007A2457" w:rsidRDefault="007A2457" w:rsidP="007A2457"><w:pPr><w:spacing w:after="0" w:line="240" w:lineRule="auto"/><w:ind w:firstLine="567"/><w:jc w:val="both"/><w:rPr><w:rFonts w:ascii="Times New Roman" w:eastAsiaTheme="minorHAnsi" w:hAnsi="Times New Roman"/><w:sz w:val="24"/><w:szCs w:val="24"/></w:rPr></w:pPr><w:r w:rsidRPr="005733F4"><w:rPr><w:rFonts w:ascii="Times New Roman" w:eastAsiaTheme="minorHAnsi" w:hAnsi="Times New Roman"/><w:sz w:val="24"/><w:szCs w:val="24"/></w:rPr><w:t xml:space="preserve">«9.3. </w:t></w:r><w:r w:rsidRPr="005733F4"><w:rPr><w:rFonts w:ascii="Times New Roman" w:hAnsi="Times New Roman"/><w:sz w:val="24"/><w:szCs w:val="24"/></w:rPr><w:t xml:space="preserve">Заработная плата выплачивается работникам не реже чем каждые полмесяца: за первую половину месяца – 25-го числа каждого месяца, за вторую половину месяца – 10-го числа каждого месяца, следующего </w:t></w:r><w:proofErr w:type="gramStart"/><w:r w:rsidRPr="005733F4"><w:rPr><w:rFonts w:ascii="Times New Roman" w:hAnsi="Times New Roman"/><w:sz w:val="24"/><w:szCs w:val="24"/></w:rPr><w:t>за</w:t></w:r><w:proofErr w:type="gramEnd"/><w:r w:rsidRPr="005733F4"><w:rPr><w:rFonts w:ascii="Times New Roman" w:hAnsi="Times New Roman"/><w:sz w:val="24"/><w:szCs w:val="24"/></w:rPr><w:t xml:space="preserve"> расчетным. Если день выплаты совпадает с выходным или нерабочим праздничным днем, заработная плата выплачивается работнику накануне этого дня</w:t></w:r><w:proofErr w:type="gramStart"/><w:r w:rsidRPr="005733F4"><w:rPr><w:rFonts w:ascii="Times New Roman" w:hAnsi="Times New Roman"/><w:sz w:val="24"/><w:szCs w:val="24"/></w:rPr><w:t>.</w:t></w:r><w:r w:rsidRPr="005733F4"><w:rPr><w:rFonts w:ascii="Times New Roman" w:eastAsiaTheme="minorHAnsi" w:hAnsi="Times New Roman"/><w:sz w:val="24"/><w:szCs w:val="24"/></w:rPr><w:t>»</w:t></w:r><w:r><w:rPr><w:rFonts w:ascii="Times New Roman" w:eastAsiaTheme="minorHAnsi" w:hAnsi="Times New Roman"/><w:sz w:val="24"/><w:szCs w:val="24"/></w:rPr><w:t>.</w:t></w:r><w:proofErr w:type="gramEnd"/></w:p><w:p w:rsidR="007A2457" w:rsidRDefault="007A2457" w:rsidP="007A2457"><w:pPr><w:spacing w:after="0" w:line="240" w:lineRule="auto"/><w:ind w:firstLine="567"/><w:jc w:val="both"/><w:rPr><w:rFonts w:ascii="Times New Roman" w:eastAsiaTheme="minorHAnsi" w:hAnsi="Times New Roman"/><w:sz w:val="24"/><w:szCs w:val="24"/></w:rPr></w:pPr><w:r><w:rPr><w:rFonts w:ascii="Times New Roman" w:eastAsiaTheme="minorHAnsi" w:hAnsi="Times New Roman"/><w:sz w:val="24"/><w:szCs w:val="24"/></w:rPr><w:t xml:space="preserve">Новая редакция п. 9.3. Правил вступает в силу с </w:t></w:r><w:r w:rsidRPr="005733F4"><w:rPr><w:rFonts w:ascii="Times New Roman" w:eastAsiaTheme="minorHAnsi" w:hAnsi="Times New Roman"/><w:sz w:val="24"/><w:szCs w:val="24"/></w:rPr><w:t>1 января 2023 года</w:t></w:r><w:r><w:rPr><w:rFonts w:ascii="Times New Roman" w:eastAsiaTheme="minorHAnsi" w:hAnsi="Times New Roman"/><w:sz w:val="24"/><w:szCs w:val="24"/></w:rPr><w:t>.</w:t></w:r></w:p><w:p w:rsidR="007A2457" w:rsidRDefault="007A2457" w:rsidP="007A2457"><w:pPr><w:autoSpaceDE w:val="0"/><w:autoSpaceDN w:val="0"/><w:adjustRightInd w:val="0"/><w:spacing w:after="0" w:line="240" w:lineRule="atLeast"/><w:ind w:firstLine="567"/><w:jc w:val="both"/><w:textAlignment w:val="center"/><w:rPr><w:rFonts w:ascii="Times New Roman" w:eastAsiaTheme="minorHAnsi" w:hAnsi="Times New Roman"/><w:sz w:val="24"/><w:szCs w:val="24"/><w:u w:color="000000"/></w:rPr></w:pPr><w:r><w:rPr><w:rFonts w:ascii="Times New Roman" w:eastAsiaTheme="minorHAnsi" w:hAnsi="Times New Roman"/><w:sz w:val="24"/><w:szCs w:val="24"/></w:rPr><w:t xml:space="preserve">2. </w:t></w:r><w:r w:rsidRPr="00977865"><w:rPr><w:rFonts w:ascii="Times New Roman" w:eastAsiaTheme="minorHAnsi" w:hAnsi="Times New Roman"/><w:sz w:val="24"/><w:szCs w:val="24"/><w:u w:color="000000"/></w:rPr><w:t>Начальнику отдела кадров Морозовой А.А.</w:t></w:r><w:r><w:rPr><w:rFonts w:ascii="Times New Roman" w:eastAsiaTheme="minorHAnsi" w:hAnsi="Times New Roman"/><w:sz w:val="24"/><w:szCs w:val="24"/><w:u w:color="000000"/></w:rPr><w:t xml:space="preserve"> </w:t></w:r><w:r w:rsidRPr="00977865"><w:rPr><w:rFonts w:ascii="Times New Roman" w:eastAsiaTheme="minorHAnsi" w:hAnsi="Times New Roman"/><w:sz w:val="24"/><w:szCs w:val="24"/><w:u w:color="000000"/></w:rPr><w:t xml:space="preserve">в срок до </w:t></w:r><w:r><w:rPr><w:rFonts w:ascii="Times New Roman" w:eastAsiaTheme="minorHAnsi" w:hAnsi="Times New Roman"/><w:sz w:val="24"/><w:szCs w:val="24"/><w:u w:color="000000"/></w:rPr><w:t>7</w:t></w:r><w:r w:rsidRPr="00977865"><w:rPr><w:rFonts w:ascii="Times New Roman" w:eastAsiaTheme="minorHAnsi" w:hAnsi="Times New Roman"/><w:sz w:val="24"/><w:szCs w:val="24"/><w:u w:color="000000"/></w:rPr><w:t xml:space="preserve"> декабря 2022 года</w:t></w:r><w:r><w:rPr><w:rFonts w:ascii="Times New Roman" w:eastAsiaTheme="minorHAnsi" w:hAnsi="Times New Roman"/><w:sz w:val="24"/><w:szCs w:val="24"/><w:u w:color="000000"/></w:rPr><w:t xml:space="preserve"> ознакомить работников с настоящим приказом.</w:t></w:r></w:p><w:p w:rsidR="007A2457" w:rsidRDefault="007A2457" w:rsidP="007A2457"><w:pPr><w:ind w:firstLine="567"/><w:jc w:val="both"/><w:rPr><w:rFonts w:ascii="Times New Roman" w:eastAsiaTheme="minorHAnsi" w:hAnsi="Times New Roman"/><w:sz w:val="24"/><w:szCs w:val="24"/></w:rPr></w:pPr><w:r><w:rPr><w:rFonts w:ascii="Times New Roman" w:eastAsiaTheme="minorHAnsi" w:hAnsi="Times New Roman"/><w:sz w:val="24"/><w:szCs w:val="24"/></w:rPr><w:t>…</w:t></w:r></w:p><w:p w:rsidR="008A712E" w:rsidRDefault="007A2457"/><w:sectPr w:rsidR="008A712E" w:rsidSect="00374FE7"><w:pgSz w:w="11906" w:h="16838"/><w:pgMar w:top="1134" w:right="850" w:bottom="1134" w:left="1701" w:header="708" w:footer="708" w:gutter="0"/><w:cols w:space="708"/><w:docGrid w:linePitch="360"/></w:sectPr></w:body></w:document>