<?xml version="1.0" encoding="UTF-8" standalone="yes"?>
<w:document xmlns:wpc="http://schemas.microsoft.com/office/word/2010/wordprocessingCanvas" xmlns:cx="http://schemas.microsoft.com/office/drawing/2014/chartex" xmlns:cx1="http://schemas.microsoft.com/office/drawing/2015/9/8/chartex" xmlns:cx2="http://schemas.microsoft.com/office/drawing/2015/10/21/chartex" xmlns:cx3="http://schemas.microsoft.com/office/drawing/2016/5/9/chartex" xmlns:cx4="http://schemas.microsoft.com/office/drawing/2016/5/10/chartex" xmlns:cx5="http://schemas.microsoft.com/office/drawing/2016/5/11/chartex" xmlns:cx6="http://schemas.microsoft.com/office/drawing/2016/5/12/chartex" xmlns:cx7="http://schemas.microsoft.com/office/drawing/2016/5/13/chartex" xmlns:cx8="http://schemas.microsoft.com/office/drawing/2016/5/14/chartex" xmlns:mc="http://schemas.openxmlformats.org/markup-compatibility/2006" xmlns:aink="http://schemas.microsoft.com/office/drawing/2016/ink" xmlns:am3d="http://schemas.microsoft.com/office/drawing/2017/model3d" xmlns:o="urn:schemas-microsoft-com:office:office" xmlns:r="http://schemas.openxmlformats.org/officeDocument/2006/relationships" xmlns:m="http://schemas.openxmlformats.org/officeDocument/2006/math" xmlns:v="urn:schemas-microsoft-com:vml" xmlns:wp14="http://schemas.microsoft.com/office/word/2010/wordprocessingDrawing" xmlns:wp="http://schemas.openxmlformats.org/drawingml/2006/wordprocessingDrawing" xmlns:w10="urn:schemas-microsoft-com:office:word" xmlns:w="http://schemas.openxmlformats.org/wordprocessingml/2006/main" xmlns:w14="http://schemas.microsoft.com/office/word/2010/wordml" xmlns:w15="http://schemas.microsoft.com/office/word/2012/wordml" xmlns:w16cex="http://schemas.microsoft.com/office/word/2018/wordml/cex" xmlns:w16cid="http://schemas.microsoft.com/office/word/2016/wordml/cid" xmlns:w16="http://schemas.microsoft.com/office/word/2018/wordml" xmlns:w16sdtdh="http://schemas.microsoft.com/office/word/2020/wordml/sdtdatahash" xmlns:w16se="http://schemas.microsoft.com/office/word/2015/wordml/symex" xmlns:wpg="http://schemas.microsoft.com/office/word/2010/wordprocessingGroup" xmlns:wpi="http://schemas.microsoft.com/office/word/2010/wordprocessingInk" xmlns:wne="http://schemas.microsoft.com/office/word/2006/wordml" xmlns:wps="http://schemas.microsoft.com/office/word/2010/wordprocessingShape" mc:Ignorable="w14 w15 w16se w16cid w16 w16cex w16sdtdh wp14"><w:body><w:p w14:paraId="73F871F1" w14:textId="6350BF30" w:rsidR="00F12C76" w:rsidRPr="00F31936" w:rsidRDefault="00F31936" w:rsidP="003572E1"><w:pPr><w:spacing w:after="0"/><w:jc w:val="both"/><w:rPr><w:b/><w:bCs/><w:sz w:val="40"/><w:szCs w:val="40"/></w:rPr></w:pPr><w:r w:rsidRPr="00F31936"><w:rPr><w:b/><w:bCs/><w:sz w:val="40"/><w:szCs w:val="40"/></w:rPr><w:t>Презентация проекта</w:t></w:r></w:p><w:p w14:paraId="2BC3879B" w14:textId="15DC8FD4" w:rsidR="00F31936" w:rsidRDefault="00F31936" w:rsidP="003572E1"><w:pPr><w:spacing w:after="0"/><w:jc w:val="both"/></w:pPr><w:r><w:t>Организация проектной деятельности</w:t></w:r></w:p><w:p w14:paraId="49868544" w14:textId="73EC58FD" w:rsidR="00F31936" w:rsidRDefault="00F31936" w:rsidP="003572E1"><w:pPr><w:spacing w:after="0"/><w:jc w:val="both"/></w:pPr><w:r><w:t>Школа педагогического мастерства</w:t></w:r></w:p><w:p w14:paraId="4D1ECEA1" w14:textId="455BFAB9" w:rsidR="00F31936" w:rsidRDefault="00F31936" w:rsidP="003572E1"><w:pPr><w:spacing w:after="0"/><w:jc w:val="both"/></w:pPr><w:r><w:t>07.</w:t></w:r><w:r><w:t>02</w:t></w:r><w:r><w:t>.202</w:t></w:r><w:r><w:t>2</w:t></w:r></w:p><w:p w14:paraId="74AE6C16" w14:textId="627582DF" w:rsidR="00F31936" w:rsidRDefault="00F31936" w:rsidP="003572E1"><w:pPr><w:spacing w:after="0"/><w:jc w:val="both"/></w:pPr></w:p><w:p w14:paraId="512AA104" w14:textId="6B7007E4" w:rsidR="00F31936" w:rsidRDefault="00F31936" w:rsidP="003572E1"><w:pPr><w:spacing w:after="0"/><w:jc w:val="both"/></w:pPr></w:p><w:p w14:paraId="43EBB62E" w14:textId="31B6E1DE" w:rsidR="00F31936" w:rsidRPr="00F31936" w:rsidRDefault="00F31936" w:rsidP="003572E1"><w:pPr><w:spacing w:after="0"/><w:jc w:val="both"/><w:rPr><w:b/><w:bCs/><w:sz w:val="40"/><w:szCs w:val="40"/></w:rPr></w:pPr><w:r w:rsidRPr="00F31936"><w:rPr><w:b/><w:bCs/><w:sz w:val="40"/><w:szCs w:val="40"/></w:rPr><w:t>Метод проектов</w:t></w:r></w:p><w:p w14:paraId="19078985" w14:textId="77777777" w:rsidR="003572E1" w:rsidRDefault="00F31936" w:rsidP="003572E1"><w:pPr><w:spacing w:after="0"/><w:jc w:val="both"/></w:pPr><w:r><w:t xml:space="preserve">Позволяет обучающимся находить значимую для них проблему и решать ее путем творческого поиска и применения интегрированного знания </w:t></w:r></w:p><w:p w14:paraId="3C1DC9DE" w14:textId="636AE3CC" w:rsidR="003572E1" w:rsidRDefault="00F31936" w:rsidP="003572E1"><w:pPr><w:pStyle w:val="a3"/><w:numPr><w:ilvl w:val="0"/><w:numId w:val="5"/></w:numPr><w:spacing w:after="0"/><w:jc w:val="both"/></w:pPr><w:r><w:t xml:space="preserve">Дает возможность связать теорию с практикой </w:t></w:r></w:p><w:p w14:paraId="173455E5" w14:textId="504965EB" w:rsidR="003572E1" w:rsidRDefault="00F31936" w:rsidP="003572E1"><w:pPr><w:pStyle w:val="a3"/><w:numPr><w:ilvl w:val="0"/><w:numId w:val="5"/></w:numPr><w:spacing w:after="0"/><w:jc w:val="both"/></w:pPr><w:r><w:t>Развивает исследовательские, творческие способности обучающихся</w:t></w:r></w:p><w:p w14:paraId="796197FF" w14:textId="5B2E4D4B" w:rsidR="003572E1" w:rsidRDefault="00F31936" w:rsidP="003572E1"><w:pPr><w:pStyle w:val="a3"/><w:numPr><w:ilvl w:val="0"/><w:numId w:val="5"/></w:numPr><w:spacing w:after="0"/><w:jc w:val="both"/></w:pPr><w:r><w:t xml:space="preserve">Создает условия для самостоятельной деятельности обучающихся в ситуации выбора </w:t></w:r></w:p><w:p w14:paraId="5003DC87" w14:textId="0E0BE159" w:rsidR="00F31936" w:rsidRDefault="00F31936" w:rsidP="003572E1"><w:pPr><w:pStyle w:val="a3"/><w:numPr><w:ilvl w:val="0"/><w:numId w:val="5"/></w:numPr><w:spacing w:after="0"/><w:jc w:val="both"/></w:pPr><w:r><w:t>Позволяет организовать учебное сотрудничество и совместную деятельность</w:t></w:r></w:p><w:p w14:paraId="758EE0FE" w14:textId="055A5787" w:rsidR="00F31936" w:rsidRDefault="00F31936" w:rsidP="003572E1"><w:pPr><w:spacing w:after="0"/><w:jc w:val="both"/></w:pPr></w:p><w:p w14:paraId="75DC9534" w14:textId="5AC801D6" w:rsidR="00F31936" w:rsidRPr="00F31936" w:rsidRDefault="00F31936" w:rsidP="003572E1"><w:pPr><w:spacing w:after="0"/><w:jc w:val="both"/><w:rPr><w:b/><w:bCs/><w:sz w:val="40"/><w:szCs w:val="40"/></w:rPr></w:pPr><w:r w:rsidRPr="00F31936"><w:rPr><w:b/><w:bCs/><w:sz w:val="40"/><w:szCs w:val="40"/></w:rPr><w:t>Что такое проект?</w:t></w:r></w:p><w:p w14:paraId="45FB66B4" w14:textId="1E377B0A" w:rsidR="00F31936" w:rsidRDefault="00F31936" w:rsidP="003572E1"><w:pPr><w:spacing w:after="0"/><w:jc w:val="both"/></w:pPr><w:r><w:t xml:space="preserve">Само понятие проект (от лат. </w:t></w:r><w:proofErr w:type="spellStart"/><w:r><w:t>project</w:t></w:r><w:proofErr w:type="spellEnd"/><w:r><w:t xml:space="preserve"> - брошенный вперёд) означает план, замысел, описание того, что предстоит сделать. В самом широком понимании проект </w:t></w:r><w:proofErr w:type="gramStart"/><w:r><w:t>- это</w:t></w:r><w:proofErr w:type="gramEnd"/><w:r><w:t xml:space="preserve"> работа, направленная на решение конкретной проблемы, на достижение оптимальным способом заранее запланированного результата.</w:t></w:r></w:p><w:p w14:paraId="5177FBBC" w14:textId="0301319E" w:rsidR="00F31936" w:rsidRDefault="00F31936" w:rsidP="003572E1"><w:pPr><w:spacing w:after="0"/><w:jc w:val="both"/></w:pPr></w:p><w:p w14:paraId="5FD93777" w14:textId="2B31AB7F" w:rsidR="00F31936" w:rsidRDefault="00F31936" w:rsidP="003572E1"><w:pPr><w:spacing w:after="0"/><w:jc w:val="both"/></w:pPr></w:p><w:p w14:paraId="2B8CFAC2" w14:textId="07F7A7CE" w:rsidR="00F31936" w:rsidRPr="00F31936" w:rsidRDefault="00F31936" w:rsidP="003572E1"><w:pPr><w:spacing w:after="0"/><w:jc w:val="both"/><w:rPr><w:b/><w:bCs/><w:sz w:val="40"/><w:szCs w:val="40"/></w:rPr></w:pPr><w:r w:rsidRPr="00F31936"><w:rPr><w:b/><w:bCs/><w:sz w:val="40"/><w:szCs w:val="40"/></w:rPr><w:t>Цели проектной деятельности</w:t></w:r></w:p><w:p w14:paraId="3B62C607" w14:textId="77777777" w:rsidR="003572E1" w:rsidRDefault="00F31936" w:rsidP="003572E1"><w:pPr><w:spacing w:after="0"/><w:jc w:val="both"/></w:pPr><w:r><w:t xml:space="preserve">Проектная </w:t></w:r><w:proofErr w:type="gramStart"/><w:r><w:t>деятельность :</w:t></w:r><w:proofErr w:type="gramEnd"/><w:r><w:t xml:space="preserve"> </w:t></w:r></w:p><w:p w14:paraId="44277ADF" w14:textId="236AC497" w:rsidR="003572E1" w:rsidRDefault="00F31936" w:rsidP="003572E1"><w:pPr><w:pStyle w:val="a3"/><w:numPr><w:ilvl w:val="0"/><w:numId w:val="3"/></w:numPr><w:spacing w:after="0"/><w:jc w:val="both"/></w:pPr><w:r><w:t xml:space="preserve">способствует развитию творческих способностей и логического мышления; </w:t></w:r></w:p><w:p w14:paraId="06BA9FA8" w14:textId="4992051B" w:rsidR="003572E1" w:rsidRDefault="00F31936" w:rsidP="003572E1"><w:pPr><w:pStyle w:val="a3"/><w:numPr><w:ilvl w:val="0"/><w:numId w:val="3"/></w:numPr><w:spacing w:after="0"/><w:jc w:val="both"/></w:pPr><w:r><w:t xml:space="preserve">объединяет </w:t></w:r><w:proofErr w:type="gramStart"/><w:r><w:t>знания</w:t></w:r><w:proofErr w:type="gramEnd"/><w:r><w:t xml:space="preserve"> полученные в ходе учебного процесса, </w:t></w:r></w:p><w:p w14:paraId="47D5E65B" w14:textId="129C93E2" w:rsidR="003572E1" w:rsidRDefault="00F31936" w:rsidP="003572E1"><w:pPr><w:pStyle w:val="a3"/><w:numPr><w:ilvl w:val="0"/><w:numId w:val="3"/></w:numPr><w:spacing w:after="0"/><w:jc w:val="both"/></w:pPr><w:r><w:t xml:space="preserve">приобщает к конкретным жизненно важным проблемам; </w:t></w:r></w:p><w:p w14:paraId="4E210949" w14:textId="7F86890A" w:rsidR="003572E1" w:rsidRDefault="00F31936" w:rsidP="003572E1"><w:pPr><w:pStyle w:val="a3"/><w:numPr><w:ilvl w:val="0"/><w:numId w:val="3"/></w:numPr><w:spacing w:after="0"/><w:jc w:val="both"/></w:pPr><w:r><w:t xml:space="preserve">развивает способности самостоятельно ставить учебные цели, проектировать пути их реализации, самостоятельно добывать необходимую информацию; </w:t></w:r></w:p><w:p w14:paraId="6F7DB500" w14:textId="31C52E60" w:rsidR="003572E1" w:rsidRDefault="00F31936" w:rsidP="003572E1"><w:pPr><w:pStyle w:val="a3"/><w:numPr><w:ilvl w:val="0"/><w:numId w:val="3"/></w:numPr><w:spacing w:after="0"/><w:jc w:val="both"/></w:pPr><w:r><w:t xml:space="preserve">учит контролировать и оценивать свои достижения; </w:t></w:r></w:p><w:p w14:paraId="42ED3632" w14:textId="68CE5556" w:rsidR="00F31936" w:rsidRDefault="00F31936" w:rsidP="003572E1"><w:pPr><w:pStyle w:val="a3"/><w:numPr><w:ilvl w:val="0"/><w:numId w:val="3"/></w:numPr><w:spacing w:after="0"/><w:jc w:val="both"/></w:pPr><w:r><w:t>помогает организовывать учебное сотрудничество и совместную деятельность, работать индивидуально и в группе</w:t></w:r></w:p><w:p w14:paraId="20A2267C" w14:textId="07AB1939" w:rsidR="00F31936" w:rsidRDefault="00F31936" w:rsidP="003572E1"><w:pPr><w:spacing w:after="0"/><w:jc w:val="both"/></w:pPr></w:p><w:p w14:paraId="49F35FB2" w14:textId="45D37C97" w:rsidR="00F31936" w:rsidRPr="00F31936" w:rsidRDefault="00F31936" w:rsidP="003572E1"><w:pPr><w:spacing w:after="0"/><w:jc w:val="both"/><w:rPr><w:b/><w:bCs/><w:sz w:val="40"/><w:szCs w:val="40"/></w:rPr></w:pPr><w:r w:rsidRPr="00F31936"><w:rPr><w:b/><w:bCs/><w:sz w:val="40"/><w:szCs w:val="40"/></w:rPr><w:t>Проектный продукт</w:t></w:r></w:p><w:p w14:paraId="661A4DAB" w14:textId="77777777" w:rsidR="003572E1" w:rsidRDefault="00F31936" w:rsidP="003572E1"><w:pPr><w:spacing w:after="0"/><w:jc w:val="both"/></w:pPr><w:r><w:t xml:space="preserve">Мультимедийный продукт: </w:t></w:r></w:p><w:p w14:paraId="3AF0E761" w14:textId="2982CE12" w:rsidR="003572E1" w:rsidRDefault="00F31936" w:rsidP="003572E1"><w:pPr><w:pStyle w:val="a3"/><w:numPr><w:ilvl w:val="0"/><w:numId w:val="1"/></w:numPr><w:spacing w:after="0"/><w:jc w:val="both"/></w:pPr><w:r><w:t xml:space="preserve">мультимедийная презентация </w:t></w:r></w:p><w:p w14:paraId="7DE3F844" w14:textId="0901EA36" w:rsidR="003572E1" w:rsidRDefault="00F31936" w:rsidP="003572E1"><w:pPr><w:pStyle w:val="a3"/><w:numPr><w:ilvl w:val="0"/><w:numId w:val="1"/></w:numPr><w:spacing w:after="0"/><w:jc w:val="both"/></w:pPr><w:r><w:t xml:space="preserve">видеоклип </w:t></w:r></w:p><w:p w14:paraId="249814B9" w14:textId="6944A1D9" w:rsidR="003572E1" w:rsidRDefault="00F31936" w:rsidP="003572E1"><w:pPr><w:pStyle w:val="a3"/><w:numPr><w:ilvl w:val="0"/><w:numId w:val="1"/></w:numPr><w:spacing w:after="0"/><w:jc w:val="both"/></w:pPr><w:r><w:t xml:space="preserve">слайд-шоу </w:t></w:r></w:p><w:p w14:paraId="5AEDC26B" w14:textId="6E485DD5" w:rsidR="003572E1" w:rsidRDefault="00F31936" w:rsidP="003572E1"><w:pPr><w:pStyle w:val="a3"/><w:numPr><w:ilvl w:val="0"/><w:numId w:val="1"/></w:numPr><w:spacing w:after="0"/><w:jc w:val="both"/></w:pPr><w:proofErr w:type="gramStart"/><w:r><w:t>видео-фильм</w:t></w:r><w:proofErr w:type="gramEnd"/></w:p><w:p w14:paraId="5D5F80EC" w14:textId="396B0D66" w:rsidR="00F31936" w:rsidRDefault="00F31936" w:rsidP="003572E1"><w:pPr><w:pStyle w:val="a3"/><w:numPr><w:ilvl w:val="0"/><w:numId w:val="1"/></w:numPr><w:spacing w:after="0"/><w:jc w:val="both"/></w:pPr><w:r><w:lastRenderedPageBreak/><w:t>заочная экскурсия</w:t></w:r></w:p><w:p w14:paraId="5C72F5C7" w14:textId="414BCABB" w:rsidR="00F31936" w:rsidRDefault="00F31936" w:rsidP="003572E1"><w:pPr><w:spacing w:after="0"/><w:jc w:val="both"/></w:pPr></w:p><w:p w14:paraId="055F0DEC" w14:textId="77777777" w:rsidR="003572E1" w:rsidRDefault="00F31936" w:rsidP="003572E1"><w:pPr><w:spacing w:after="0"/><w:jc w:val="both"/></w:pPr><w:r><w:t xml:space="preserve">Творческий продукт: </w:t></w:r></w:p><w:p w14:paraId="3639E08E" w14:textId="15639718" w:rsidR="003572E1" w:rsidRDefault="00F31936" w:rsidP="003572E1"><w:pPr><w:pStyle w:val="a3"/><w:numPr><w:ilvl w:val="0"/><w:numId w:val="3"/></w:numPr><w:spacing w:after="0"/><w:jc w:val="both"/></w:pPr><w:r><w:t xml:space="preserve">игра </w:t></w:r></w:p><w:p w14:paraId="75A45F7B" w14:textId="1A1AF5D4" w:rsidR="003572E1" w:rsidRDefault="00F31936" w:rsidP="003572E1"><w:pPr><w:pStyle w:val="a3"/><w:numPr><w:ilvl w:val="0"/><w:numId w:val="3"/></w:numPr><w:spacing w:after="0"/><w:jc w:val="both"/></w:pPr><w:r><w:t xml:space="preserve">литературный альманах </w:t></w:r></w:p><w:p w14:paraId="39338262" w14:textId="5D55FB6A" w:rsidR="003572E1" w:rsidRDefault="00F31936" w:rsidP="003572E1"><w:pPr><w:pStyle w:val="a3"/><w:numPr><w:ilvl w:val="0"/><w:numId w:val="3"/></w:numPr><w:spacing w:after="0"/><w:jc w:val="both"/></w:pPr><w:r><w:t xml:space="preserve">сценарий </w:t></w:r></w:p><w:p w14:paraId="7692523B" w14:textId="6D55C8E8" w:rsidR="003572E1" w:rsidRDefault="00F31936" w:rsidP="003572E1"><w:pPr><w:pStyle w:val="a3"/><w:numPr><w:ilvl w:val="0"/><w:numId w:val="3"/></w:numPr><w:spacing w:after="0"/><w:jc w:val="both"/></w:pPr><w:r><w:t xml:space="preserve">викторина </w:t></w:r></w:p><w:p w14:paraId="7D791B3D" w14:textId="24E58526" w:rsidR="003572E1" w:rsidRDefault="00F31936" w:rsidP="003572E1"><w:pPr><w:pStyle w:val="a3"/><w:numPr><w:ilvl w:val="0"/><w:numId w:val="3"/></w:numPr><w:spacing w:after="0"/><w:jc w:val="both"/></w:pPr><w:r><w:t xml:space="preserve">набор открыток </w:t></w:r></w:p><w:p w14:paraId="13AD2FF1" w14:textId="4EFB1B79" w:rsidR="00F31936" w:rsidRDefault="00F31936" w:rsidP="003572E1"><w:pPr><w:pStyle w:val="a3"/><w:numPr><w:ilvl w:val="0"/><w:numId w:val="3"/></w:numPr><w:spacing w:after="0"/><w:jc w:val="both"/></w:pPr><w:r><w:t>выставка</w:t></w:r></w:p><w:p w14:paraId="72660246" w14:textId="4E722C2B" w:rsidR="00F31936" w:rsidRDefault="00F31936" w:rsidP="003572E1"><w:pPr><w:spacing w:after="0"/><w:jc w:val="both"/></w:pPr></w:p><w:p w14:paraId="4A5B4CF2" w14:textId="77777777" w:rsidR="003572E1" w:rsidRDefault="00F31936" w:rsidP="003572E1"><w:pPr><w:spacing w:after="0"/><w:jc w:val="both"/></w:pPr><w:r><w:t xml:space="preserve">Публицистические материалы: </w:t></w:r></w:p><w:p w14:paraId="46306F38" w14:textId="107E220F" w:rsidR="003572E1" w:rsidRDefault="00F31936" w:rsidP="003572E1"><w:pPr><w:pStyle w:val="a3"/><w:numPr><w:ilvl w:val="0"/><w:numId w:val="3"/></w:numPr><w:spacing w:after="0"/><w:jc w:val="both"/></w:pPr><w:r><w:t xml:space="preserve">стенгазета </w:t></w:r></w:p><w:p w14:paraId="4A8BCC21" w14:textId="30EBAF50" w:rsidR="003572E1" w:rsidRDefault="00F31936" w:rsidP="003572E1"><w:pPr><w:pStyle w:val="a3"/><w:numPr><w:ilvl w:val="0"/><w:numId w:val="3"/></w:numPr><w:spacing w:after="0"/><w:jc w:val="both"/></w:pPr><w:r><w:t xml:space="preserve">журнал </w:t></w:r></w:p><w:p w14:paraId="086087F5" w14:textId="52A363EF" w:rsidR="003572E1" w:rsidRDefault="00F31936" w:rsidP="003572E1"><w:pPr><w:pStyle w:val="a3"/><w:numPr><w:ilvl w:val="0"/><w:numId w:val="3"/></w:numPr><w:spacing w:after="0"/><w:jc w:val="both"/></w:pPr><w:r><w:t xml:space="preserve">буклет </w:t></w:r></w:p><w:p w14:paraId="0D154777" w14:textId="0265CE3C" w:rsidR="00F31936" w:rsidRDefault="00F31936" w:rsidP="003572E1"><w:pPr><w:pStyle w:val="a3"/><w:numPr><w:ilvl w:val="0"/><w:numId w:val="3"/></w:numPr><w:spacing w:after="0"/><w:jc w:val="both"/></w:pPr><w:r><w:t>плакат</w:t></w:r></w:p><w:p w14:paraId="2482494C" w14:textId="35429C3C" w:rsidR="00F31936" w:rsidRDefault="00F31936" w:rsidP="003572E1"><w:pPr><w:spacing w:after="0"/><w:jc w:val="both"/></w:pPr></w:p><w:p w14:paraId="57708967" w14:textId="13542BEF" w:rsidR="00F31936" w:rsidRDefault="00F31936" w:rsidP="003572E1"><w:pPr><w:spacing w:after="0"/><w:jc w:val="both"/></w:pPr></w:p><w:p w14:paraId="73A969AA" w14:textId="77777777" w:rsidR="00F31936" w:rsidRDefault="00F31936" w:rsidP="003572E1"><w:pPr><w:spacing w:after="0"/><w:jc w:val="both"/><w:rPr><w:b/><w:bCs/><w:sz w:val="40"/><w:szCs w:val="40"/></w:rPr></w:pPr></w:p><w:p w14:paraId="1F261870" w14:textId="45A20512" w:rsidR="00F31936" w:rsidRDefault="00F31936" w:rsidP="003572E1"><w:pPr><w:spacing w:after="0"/><w:jc w:val="both"/><w:rPr><w:b/><w:bCs/><w:sz w:val="40"/><w:szCs w:val="40"/></w:rPr></w:pPr><w:r w:rsidRPr="00F31936"><w:rPr><w:b/><w:bCs/><w:sz w:val="40"/><w:szCs w:val="40"/></w:rPr><w:t>Типы учебных проектов</w:t></w:r></w:p><w:p w14:paraId="15135CBC" w14:textId="77777777" w:rsidR="003572E1" w:rsidRDefault="00F31936" w:rsidP="003572E1"><w:pPr><w:spacing w:after="0"/><w:jc w:val="both"/></w:pPr><w:r><w:t xml:space="preserve">По содержанию </w:t></w:r></w:p><w:p w14:paraId="04EC403A" w14:textId="57C6D39B" w:rsidR="003572E1" w:rsidRDefault="00F31936" w:rsidP="003572E1"><w:pPr><w:pStyle w:val="a3"/><w:numPr><w:ilvl w:val="0"/><w:numId w:val="3"/></w:numPr><w:spacing w:after="0"/><w:jc w:val="both"/></w:pPr><w:proofErr w:type="spellStart"/><w:r><w:t>Монопредметный</w:t></w:r><w:proofErr w:type="spellEnd"/><w:r><w:t xml:space="preserve"> проект: проект по одной учебной дисциплине. </w:t></w:r></w:p><w:p w14:paraId="653A5140" w14:textId="3D3D72B2" w:rsidR="00F31936" w:rsidRDefault="00F31936" w:rsidP="003572E1"><w:pPr><w:pStyle w:val="a3"/><w:numPr><w:ilvl w:val="0"/><w:numId w:val="3"/></w:numPr><w:spacing w:after="0"/><w:jc w:val="both"/></w:pPr><w:r><w:t xml:space="preserve">Межпредметный проект: проект, объединяющий несколько дисциплин. </w:t></w:r></w:p><w:p w14:paraId="2777A0CB" w14:textId="77777777" w:rsidR="003572E1" w:rsidRDefault="003572E1" w:rsidP="003572E1"><w:pPr><w:spacing w:after="0"/><w:jc w:val="both"/></w:pPr></w:p><w:p w14:paraId="0F9131EF" w14:textId="77777777" w:rsidR="003572E1" w:rsidRDefault="00F31936" w:rsidP="003572E1"><w:pPr><w:spacing w:after="0"/><w:jc w:val="both"/></w:pPr><w:r><w:t xml:space="preserve">По </w:t></w:r><w:proofErr w:type="spellStart"/><w:r><w:t>организацио</w:t></w:r><w:proofErr w:type="spellEnd"/><w:r><w:t xml:space="preserve"> </w:t></w:r><w:proofErr w:type="spellStart"/><w:r><w:t>нной</w:t></w:r><w:proofErr w:type="spellEnd"/><w:r><w:t xml:space="preserve"> форме </w:t></w:r></w:p><w:p w14:paraId="276E94CE" w14:textId="3549721F" w:rsidR="003572E1" w:rsidRDefault="00F31936" w:rsidP="003572E1"><w:pPr><w:pStyle w:val="a3"/><w:numPr><w:ilvl w:val="0"/><w:numId w:val="3"/></w:numPr><w:spacing w:after="0"/><w:jc w:val="both"/></w:pPr><w:r><w:t xml:space="preserve">Индивидуальный проект: проект выполненный одним обучающимся. </w:t></w:r></w:p><w:p w14:paraId="772D870A" w14:textId="5CE614E7" w:rsidR="003572E1" w:rsidRDefault="00F31936" w:rsidP="003572E1"><w:pPr><w:pStyle w:val="a3"/><w:numPr><w:ilvl w:val="0"/><w:numId w:val="3"/></w:numPr><w:spacing w:after="0"/><w:jc w:val="both"/></w:pPr><w:r><w:t xml:space="preserve">Парный проект: выполняется двумя обучающимися. </w:t></w:r></w:p><w:p w14:paraId="42625E30" w14:textId="38654D21" w:rsidR="00F31936" w:rsidRDefault="00F31936" w:rsidP="003572E1"><w:pPr><w:pStyle w:val="a3"/><w:numPr><w:ilvl w:val="0"/><w:numId w:val="3"/></w:numPr><w:spacing w:after="0"/><w:jc w:val="both"/></w:pPr><w:r><w:t xml:space="preserve">Групповой проект: </w:t></w:r><w:proofErr w:type="gramStart"/><w:r><w:t>проект</w:t></w:r><w:proofErr w:type="gramEnd"/><w:r><w:t xml:space="preserve"> выполняемый группой обучающихся. </w:t></w:r></w:p><w:p w14:paraId="0036342A" w14:textId="77777777" w:rsidR="003572E1" w:rsidRDefault="003572E1" w:rsidP="003572E1"><w:pPr><w:spacing w:after="0"/><w:jc w:val="both"/></w:pPr></w:p><w:p w14:paraId="3C6B86D8" w14:textId="77777777" w:rsidR="003572E1" w:rsidRDefault="00F31936" w:rsidP="003572E1"><w:pPr><w:spacing w:after="0"/><w:jc w:val="both"/></w:pPr><w:r><w:t xml:space="preserve">По времени выполнения </w:t></w:r></w:p><w:p w14:paraId="7B8F691F" w14:textId="00E52AAC" w:rsidR="003572E1" w:rsidRDefault="00F31936" w:rsidP="003572E1"><w:pPr><w:pStyle w:val="a3"/><w:numPr><w:ilvl w:val="0"/><w:numId w:val="3"/></w:numPr><w:spacing w:after="0"/><w:jc w:val="both"/></w:pPr><w:r><w:t xml:space="preserve">Мини-проект. </w:t></w:r></w:p><w:p w14:paraId="47A305BE" w14:textId="12D68297" w:rsidR="003572E1" w:rsidRDefault="00F31936" w:rsidP="003572E1"><w:pPr><w:pStyle w:val="a3"/><w:numPr><w:ilvl w:val="0"/><w:numId w:val="3"/></w:numPr><w:spacing w:after="0"/><w:jc w:val="both"/></w:pPr><w:r><w:t xml:space="preserve">Кратковременный проект. </w:t></w:r></w:p><w:p w14:paraId="492DBEC9" w14:textId="4DC63665" w:rsidR="00F31936" w:rsidRDefault="00F31936" w:rsidP="003572E1"><w:pPr><w:pStyle w:val="a3"/><w:numPr><w:ilvl w:val="0"/><w:numId w:val="3"/></w:numPr><w:spacing w:after="0"/><w:jc w:val="both"/></w:pPr><w:r><w:t xml:space="preserve">Долговременный. </w:t></w:r></w:p><w:p w14:paraId="6FB94AB4" w14:textId="77777777" w:rsidR="003572E1" w:rsidRDefault="003572E1" w:rsidP="003572E1"><w:pPr><w:spacing w:after="0"/><w:jc w:val="both"/></w:pPr></w:p><w:p w14:paraId="2254810A" w14:textId="77777777" w:rsidR="003572E1" w:rsidRDefault="00F31936" w:rsidP="003572E1"><w:pPr><w:spacing w:after="0"/><w:jc w:val="both"/></w:pPr><w:r><w:t xml:space="preserve">По характеру контактов </w:t></w:r></w:p><w:p w14:paraId="2313E051" w14:textId="3E70FE4D" w:rsidR="003572E1" w:rsidRDefault="00F31936" w:rsidP="003572E1"><w:pPr><w:pStyle w:val="a3"/><w:numPr><w:ilvl w:val="0"/><w:numId w:val="3"/></w:numPr><w:spacing w:after="0"/><w:jc w:val="both"/></w:pPr><w:r><w:t xml:space="preserve">Внутренний (региональный). </w:t></w:r></w:p><w:p w14:paraId="5F8FC88A" w14:textId="71168DCB" w:rsidR="00F31936" w:rsidRDefault="00F31936" w:rsidP="003572E1"><w:pPr><w:pStyle w:val="a3"/><w:numPr><w:ilvl w:val="0"/><w:numId w:val="3"/></w:numPr><w:spacing w:after="0"/><w:jc w:val="both"/></w:pPr><w:r><w:t>Международный.</w:t></w:r></w:p><w:p w14:paraId="59BE0D94" w14:textId="6B1BDCED" w:rsidR="00F31936" w:rsidRDefault="00F31936" w:rsidP="003572E1"><w:pPr><w:spacing w:after="0"/><w:jc w:val="both"/></w:pPr></w:p><w:p w14:paraId="26F75B19" w14:textId="7A6E903E" w:rsidR="00F31936" w:rsidRDefault="00F31936" w:rsidP="003572E1"><w:pPr><w:spacing w:after="0"/><w:jc w:val="both"/></w:pPr></w:p><w:p w14:paraId="7EA08345" w14:textId="5BC1357E" w:rsidR="00F31936" w:rsidRPr="00F31936" w:rsidRDefault="00F31936" w:rsidP="003572E1"><w:pPr><w:spacing w:after="0"/><w:jc w:val="both"/><w:rPr><w:b/><w:bCs/><w:sz w:val="40"/><w:szCs w:val="40"/></w:rPr></w:pPr><w:r w:rsidRPr="00F31936"><w:rPr><w:b/><w:bCs/><w:sz w:val="40"/><w:szCs w:val="40"/></w:rPr><w:t>https://xn--2-stbf.xn--p1ai/wp-content/uploads/2020/12/%D0%9F%D1%80%D0%B5%D0%B7%D0%B5%D0%BD%D1%82%D0%B0%D1%86%D0%B8%D1%8F-%D0%9C%D0%A3-</w:t></w:r><w:r w:rsidRPr="00F31936"><w:rPr><w:b/><w:bCs/><w:sz w:val="40"/><w:szCs w:val="40"/></w:rPr><w:lastRenderedPageBreak/><w:t>%D0%9F%D1%80%D0%BE%D0%B5%D0%BA%D1%82%D1%8B.pdf</w:t></w:r></w:p><w:sectPr w:rsidR="00F31936" w:rsidRPr="00F31936" w:rsidSect="006C0B77"><w:pgSz w:w="11906" w:h="16838" w:code="9"/><w:pgMar w:top="1134" w:right="851" w:bottom="1134" w:left="1701" w:header="709" w:footer="709" w:gutter="0"/><w:cols w:space="708"/><w:docGrid w:linePitch="360"/></w:sectPr></w:body></w:document>