﻿<?xml version="1.0" encoding="utf-8" standalone="yes"?><ap:Properties xmlns="http://schemas.openxmlformats.org/officeDocument/2006/extended-properties" xmlns:vt="http://schemas.openxmlformats.org/officeDocument/2006/docPropsVTypes" xmlns:ap="http://schemas.openxmlformats.org/officeDocument/2006/extended-properties"><ap:Template>Normal</ap:Template><ap:Application>Microsoft Office Word</ap:Application><ap:AppVersion>00.0001</ap:AppVersion><ap:LinksUpToDate>false</ap:LinksUpToDate></ap:Properties>