﻿<?xml version="1.0" encoding="utf-8"?><coreProperties xmlns:dc="http://purl.org/dc/elements/1.1/" xmlns:dcterms="http://purl.org/dc/terms/" xmlns:xsi="http://www.w3.org/2001/XMLSchema-instance" xmlns="http://schemas.openxmlformats.org/package/2006/metadata/core-properties"><dcterms:created xsi:type="dcterms:W3CDTF">2016-01-22T15:54:00.0000000Z</dcterms:created><dc:creator /><dc:description>Подготовлено на базе материалов БСС «Система Главбух»</dc:description><keywords /><dc:language>en-US</dc:language><lastModifiedBy>ekmeshkova</lastModifiedBy><lastPrinted>2015-04-07T16:41:00.0000000Z</lastPrinted><dcterms:modified xsi:type="dcterms:W3CDTF">2019-10-14T16:57:10.9203985Z</dcterms:modified><revision>6</revision><dc:subject /><dc:title>Сведения о потребности в работниках, наличии свободных рабочих мест (вакантных должностей)</dc:title></coreProperties>